date,sp500_close,nasdaq_close,vix_close,iwm_close,spy_close,tlt_close,xlf_close,xlu_close
2020-01-02,3257.85,9092.19,12.47,153.71,297.7,115.44,27.79,26.45
2020-01-03,3260.52,9107.29,12.51,153.1,295.44,117.22,27.49,26.5
2020-01-06,3268.54,9152.61,12.63,153.31,296.57,116.56,27.47,26.53
2020-01-07,3271.21,9167.71,12.67,152.8,295.74,115.98,27.29,26.49
2020-01-08,3273.89,9182.81,12.71,153.27,297.31,115.22,27.47,26.48
2020-01-09,3276.56,9197.92,12.75,153.46,299.33,115.62,27.64,26.62
2020-01-10,3279.23,9213.02,12.79,152.88,298.47,116.65,27.44,26.69
2020-01-13,3287.25,9258.33,12.91,153.87,300.52,116.29,27.62,26.85
2020-01-14,3289.93,9273.44,12.95,154.44,300.06,116.89,27.57,26.93
2020-01-15,3292.6,9288.54,12.99,155.18,300.74,117.67,27.42,27.31
2020-01-16,3295.27,9303.65,13.03,157.18,303.24,117.3,27.66,27.48
2020-01-17,3297.94,9318.75,13.07,156.76,304.19,116.29,27.74,27.67
2020-01-20,3305.96,9364.06,13.19,156.76,304.19,116.29,27.74,27.67
2020-01-21,3308.64,9379.17,13.23,155.46,303.59,117.52,27.51,27.92
2020-01-22,3311.31,9394.27,13.27,155.36,303.63,117.93,27.59,28.01
2020-01-23,3313.98,9409.37,13.31,155.25,303.98,118.76,27.52,28.26
2020-01-24,3316.65,9424.48,13.35,153.34,301.27,119.72,27.17,28.33
2020-01-27,3324.67,9469.79,13.46,151.6,296.44,121.58,26.75,28.26
2020-01-28,3327.35,9484.89,13.5,152.86,299.55,120.63,27.06,28.38
2020-01-29,3330.02,9500.0,13.54,151.99,299.3,121.81,27.02,28.45
2020-01-30,3332.69,9515.1,13.58,151.99,300.27,121.82,27.36,28.72
2020-01-31,3335.36,9530.2,13.62,148.84,294.82,122.93,26.78,28.59
2020-02-03,3343.38,9575.52,13.74,150.5,297.01,122.83,26.97,28.68
2020-02-04,3346.06,9590.62,13.78,152.77,301.54,121.18,27.23,28.4
2020-02-05,3348.73,9605.72,13.82,155.12,305.02,119.86,27.78,28.51
2020-02-06,3351.4,9620.83,13.86,154.77,306.05,120.4,27.74,28.52
2020-02-07,3354.07,9635.93,13.9,152.87,304.42,121.9,27.64,28.43
2020-02-10,3362.09,9681.24,14.02,153.73,306.69,122.24,27.72,28.54
2020-02-11,3364.77,9696.35,14.06,154.8,307.22,121.62,27.82,28.64
2020-02-12,3367.44,9711.45,14.1,155.87,309.2,121.0,27.84,28.66
2020-02-13,3370.11,9726.56,14.14,156.27,308.87,121.47,27.83,28.98
2020-02-14,3372.79,9741.66,14.18,155.67,309.36,122.0,27.87,29.18
2020-02-17,3380.8,9786.97,14.3,155.67,309.36,122.0,27.87,29.18
2020-02-18,3383.48,9802.08,14.34,155.34,308.57,122.83,27.62,29.42
2020-02-19,3386.15,9817.18,14.38,156.14,310.04,122.83,27.83,29.1
2020-02-20,3351.34,9727.59,17.01,156.52,308.77,123.79,27.78,29.2
2020-02-21,3316.53,9638.0,19.63,154.93,305.59,124.94,27.51,29.15
2020-02-24,3212.1,9369.22,27.52,150.27,295.45,126.81,26.61,28.81
2020-02-25,3177.29,9279.63,30.14,144.93,286.5,127.49,25.71,28.21
2020-02-26,3142.48,9190.04,32.77,143.25,285.45,126.81,25.52,27.92
2020-02-27,3107.67,9100.45,35.4,138.2,272.63,128.19,24.43,26.66
2020-02-28,3072.85,9010.86,38.03,135.67,271.48,131.08,23.77,25.77
2020-03-02,2968.42,8742.09,45.91,140.03,283.24,130.12,24.99,27.29
2020-03-03,2933.61,8652.49,48.54,137.17,275.13,132.14,24.05,26.95
2020-03-04,2898.8,8562.9,51.16,141.08,286.69,130.73,24.84,28.48
2020-03-05,2863.99,8473.31,53.79,136.59,277.16,133.99,23.65,28.04
2020-03-06,2829.18,8383.72,56.42,133.88,272.58,140.96,22.84,27.82
2020-03-09,2724.75,8114.95,64.3,120.87,251.29,144.78,20.39,26.3
2020-03-10,2689.94,8025.36,66.93,124.64,264.3,137.36,21.59,26.55
2020-03-11,2655.13,7935.76,69.55,116.71,251.41,132.31,20.42,25.21
2020-03-12,2620.32,7846.17,72.18,103.82,227.36,133.13,18.21,22.67
2020-03-13,2585.51,7756.58,74.81,110.77,246.8,130.12,20.61,23.9
2020-03-16,2481.07,7487.81,82.69,96.07,219.79,138.54,17.78,21.19
2020-03-17,2446.26,7398.22,79.69,100.48,231.66,129.3,18.75,23.9
2020-03-18,2411.45,7308.63,76.68,92.69,219.93,122.01,17.16,22.86
2020-03-19,2376.64,7219.03,73.68,96.31,220.39,125.33,17.53,21.53
2020-03-20,2341.83,7129.44,70.68,94.01,210.9,134.76,16.91,19.82
2020-03-23,2237.4,6860.67,61.67,92.62,205.5,140.31,15.92,18.81
2020-03-24,2246.12,6892.97,61.35,101.1,224.12,137.7,17.9,20.83
2020-03-25,2254.83,6925.28,61.04,102.36,227.48,137.39,18.38,21.36
2020-03-26,2263.55,6957.58,60.72,108.72,240.76,138.06,19.54,23.18
2020-03-27,2272.26,6989.89,60.41,104.77,233.59,141.75,18.94,23.31
2020-03-30,2298.41,7086.8,59.46,107.07,241.18,140.58,19.3,24.17
2020-03-31,2307.13,7119.1,59.15,106.53,237.58,139.44,18.77,23.2
2020-04-01,2315.84,7151.41,58.83,99.27,226.89,141.39,17.63,21.8
2020-04-02,2324.56,7183.71,58.51,100.21,232.12,142.29,18.07,22.49
2020-04-03,2333.28,7216.01,58.2,97.38,228.77,142.63,17.71,21.68
2020-04-06,2359.42,7312.93,57.25,104.83,244.14,142.26,18.98,23.36
2020-04-07,2368.14,7345.23,56.94,105.1,244.38,140.77,19.17,23.06
2020-04-08,2376.86,7377.53,56.62,109.89,252.59,139.74,20.01,24.32
2020-04-09,2385.57,7409.84,56.31,115.15,256.43,140.0,21.08,25.47
2020-04-10,2394.29,7442.14,55.99,115.15,256.43,140.0,21.08,25.47
2020-04-13,2420.44,7539.05,55.04,112.03,254.09,138.72,20.31,24.66
2020-04-14,2429.15,7571.36,54.73,114.31,261.58,138.68,20.4,25.38
2020-04-15,2437.87,7603.66,54.41,109.64,256.03,142.36,19.52,24.54
2020-04-16,2446.59,7635.97,54.1,108.81,257.26,143.97,19.18,24.55
2020-04-17,2455.3,7668.27,53.78,113.61,264.21,142.04,20.19,25.34
2020-04-20,2481.45,7765.18,52.83,112.27,259.56,143.19,19.83,24.38
2020-04-21,2490.17,7797.49,52.52,109.59,251.68,144.99,19.19,23.98
2020-04-22,2498.88,7829.79,52.2,110.92,257.26,143.51,19.4,24.68
2020-04-23,2507.6,7862.1,51.89,112.01,257.24,144.27,19.32,24.26
2020-04-24,2516.31,7894.4,51.57,113.93,260.83,144.61,19.6,24.42
2020-04-27,2542.46,7991.31,50.63,118.45,264.59,141.92,20.27,24.67
2020-04-28,2551.18,8023.62,50.31,120.17,263.37,143.55,20.48,24.76
2020-04-29,2559.89,8055.92,49.99,126.08,270.27,142.81,21.08,24.54
2020-04-30,2568.61,8088.22,49.68,121.29,267.75,141.14,20.55,23.97
2020-05-01,2577.33,8120.53,49.36,116.47,260.66,142.35,19.89,23.39
2020-05-04,2603.47,8217.44,48.42,116.98,261.38,141.68,19.71,23.57
2020-05-05,2612.19,8249.74,48.1,117.88,263.8,140.77,19.65,23.76
2020-05-06,2620.91,8282.05,47.79,117.01,262.01,138.5,19.22,22.95
2020-05-07,2629.62,8314.35,47.47,118.62,265.17,140.81,19.67,23.05
2020-05-08,2638.34,8346.66,47.15,123.19,269.56,138.98,20.1,23.51
2020-05-11,2664.49,8443.57,46.21,122.58,269.61,137.9,19.71,23.41
2020-05-12,2673.2,8475.87,45.89,118.18,264.24,139.31,19.19,23.21
2020-05-13,2681.92,8508.18,45.58,114.22,259.57,140.29,18.63,23.01
2020-05-14,2690.64,8540.48,45.26,114.59,262.67,141.66,19.1,23.26
2020-05-15,2699.35,8572.78,44.95,116.42,263.88,141.3,18.98,22.95
2020-05-18,2725.5,8669.7,44.0,123.49,271.92,138.19,19.95,23.89
2020-05-19,2734.22,8702.0,43.68,121.05,269.12,138.71,19.46,23.49
2020-05-20,2742.93,8734.3,43.37,124.72,273.7,139.13,19.9,23.62
2020-05-21,2751.65,8766.61,43.05,124.94,271.81,139.47,19.83,23.39
2020-05-22,2760.36,8798.91,42.74,125.55,272.32,140.31,19.76,23.64
2020-05-25,2786.51,8895.82,41.79,125.55,272.32,140.31,19.76,23.64
2020-05-26,2795.23,8928.13,41.47,129.17,275.68,138.43,20.79,23.8
2020-05-27,2803.94,8960.43,41.16,133.18,279.78,138.18,21.69,24.08
2020-05-28,2812.66,8992.74,40.84,130.03,279.26,137.67,21.35,24.8
2020-05-29,2821.38,9025.04,40.53,129.28,280.51,138.65,21.11,24.99
2020-06-01,2847.52,9121.95,39.58,130.52,281.64,137.72,21.35,25.29
2020-06-02,2856.24,9154.26,39.27,131.6,283.97,137.22,21.52,25.45
2020-06-03,2864.96,9186.56,38.95,134.77,287.75,135.39,22.32,25.75
2020-06-04,2873.67,9218.86,38.63,134.58,287.0,133.43,22.81,25.29
2020-06-05,2882.39,9251.17,38.32,139.78,294.35,132.48,23.66,25.62
2020-06-08,2908.54,9348.08,37.37,142.49,297.91,132.99,24.11,26.3
2020-06-09,2917.25,9380.39,37.06,139.86,295.69,134.5,23.59,25.78
2020-06-10,2925.97,9412.69,36.74,136.06,294.04,136.5,22.71,25.62
2020-06-11,2934.68,9444.99,36.43,125.68,277.09,139.08,20.85,24.62
2020-06-12,2943.4,9477.3,36.11,128.7,280.41,137.74,21.48,24.56
2020-06-15,2969.55,9574.21,35.16,131.67,283.02,137.81,21.78,24.73
2020-06-16,2978.27,9606.51,34.85,134.84,288.47,135.7,22.12,24.84
2020-06-17,2986.98,9638.82,34.53,132.4,287.27,136.26,21.79,24.77
2020-06-18,2995.7,9671.12,34.22,132.35,287.38,137.7,21.76,24.76
2020-06-19,3004.41,9703.43,33.9,131.67,285.74,137.81,21.62,24.07
2020-06-22,3030.56,9800.34,32.95,132.99,287.57,137.83,21.51,24.3
2020-06-23,3039.28,9832.64,32.64,133.55,288.9,136.89,21.61,24.06
2020-06-24,3047.99,9864.95,32.32,129.21,281.53,138.36,20.85,23.84
2020-06-25,3056.71,9897.25,32.01,131.17,284.55,138.75,21.4,23.54
2020-06-26,3065.43,9929.55,31.69,127.64,277.79,140.24,20.49,23.29
2020-06-29,3091.57,10026.47,30.75,131.81,281.87,139.8,20.71,23.73
2020-06-30,3100.29,10058.77,30.43,133.72,285.48,139.12,21.0,23.82
2020-07-01,3103.15,10070.82,30.39,132.45,287.48,138.85,20.81,24.38
2020-07-02,3106.0,10082.87,30.34,132.99,289.07,138.99,20.84,24.44
2020-07-03,3108.86,10094.92,30.3,132.99,289.07,138.99,20.84,24.44
2020-07-06,3117.42,10131.08,30.17,133.95,293.53,138.42,21.24,24.14
2020-07-07,3120.28,10143.13,30.12,131.58,290.5,140.37,20.8,24.04
2020-07-08,3123.13,10155.18,30.08,132.56,292.72,139.81,21.02,24.26
2020-07-09,3125.99,10167.23,30.03,129.88,291.06,142.03,20.58,23.93
2020-07-10,3128.85,10179.29,29.99,131.97,294.03,141.32,21.29,24.39
2020-07-13,3137.41,10215.44,29.86,130.3,291.48,141.79,21.38,24.41
2020-07-14,3140.27,10227.49,29.81,132.46,295.26,141.99,21.49,24.64
2020-07-15,3143.12,10239.54,29.77,137.31,297.97,141.33,21.91,24.54
2020-07-16,3145.98,10251.59,29.72,136.5,296.99,142.0,21.91,24.86
2020-07-17,3148.83,10263.65,29.68,136.9,297.85,141.7,21.73,25.42
2020-07-20,3157.4,10299.8,29.55,136.31,300.26,142.05,21.63,25.08
2020-07-21,3160.26,10311.85,29.5,138.25,300.9,142.14,22.06,25.2
2020-07-22,3163.11,10323.9,29.46,138.32,302.61,142.56,22.06,25.59
2020-07-23,3165.97,10335.95,29.41,138.46,299.0,144.23,22.08,25.62
2020-07-24,3168.82,10348.01,29.37,136.42,297.07,144.22,22.02,25.45
2020-07-27,3177.39,10384.16,29.24,137.84,299.24,143.68,21.84,25.14
2020-07-28,3180.25,10396.21,29.19,136.47,297.34,144.68,21.78,25.52
2020-07-29,3183.1,10408.26,29.15,139.48,301.0,144.43,22.19,25.64
2020-07-30,3185.96,10420.32,29.11,138.93,299.92,145.38,21.79,25.64
2020-07-31,3188.81,10432.37,29.06,137.62,302.29,145.29,21.8,25.68
2020-08-03,3197.38,10468.52,28.93,139.86,304.4,144.56,21.87,25.4
2020-08-04,3200.23,10480.57,28.89,140.82,305.57,145.94,21.78,25.68
2020-08-05,3203.09,10492.62,28.84,143.62,307.47,144.66,22.08,25.35
2020-08-06,3205.95,10504.68,28.8,143.57,309.53,145.47,22.07,25.5
2020-08-07,3208.8,10516.73,28.75,145.85,309.75,144.5,22.54,25.96
2020-08-10,3217.37,10552.88,28.62,147.36,310.67,143.85,22.7,25.95
2020-08-11,3220.22,10564.93,28.58,146.51,308.11,142.14,22.96,25.39
2020-08-12,3223.08,10576.99,28.53,147.11,312.4,140.85,22.9,25.75
2020-08-13,3225.93,10589.04,28.49,146.8,311.84,139.34,22.76,25.71
2020-08-14,3228.79,10601.09,28.44,146.71,311.85,138.8,22.85,25.49
2020-08-17,3237.36,10637.24,28.31,147.46,312.84,139.15,22.47,25.45
2020-08-18,3240.21,10649.29,28.27,146.05,313.52,140.14,22.32,25.34
2020-08-19,3243.07,10661.35,28.22,146.06,312.21,139.27,22.31,25.26
2020-08-20,3245.92,10673.4,28.18,145.46,313.18,140.53,22.1,25.04
2020-08-21,3248.78,10685.45,28.14,144.39,314.29,141.37,22.06,25.08
2020-08-24,3257.34,10721.6,28.0,145.9,317.48,141.14,22.58,25.3
2020-08-25,3260.2,10733.66,27.96,146.06,318.59,140.06,22.65,25.06
2020-08-26,3263.06,10745.71,27.91,145.15,321.78,139.52,22.54,24.78
2020-08-27,3265.91,10757.76,27.87,145.5,322.49,137.15,22.92,24.86
2020-08-28,3268.77,10769.81,27.83,146.73,324.57,137.05,23.01,24.94
2020-08-31,3277.33,10805.96,27.69,145.16,323.39,137.96,22.74,25.01
2020-09-01,3280.19,10818.02,27.65,146.82,326.44,139.53,22.8,24.72
2020-09-02,3283.04,10830.07,27.61,147.99,331.16,140.86,23.13,25.49
2020-09-03,3285.9,10842.12,27.56,143.62,319.76,141.26,22.77,25.21
2020-09-04,3288.76,10854.17,27.52,142.7,317.15,138.58,22.95,25.06
2020-09-07,3297.32,10890.33,27.39,142.7,317.15,138.58,22.95,25.06
2020-09-08,3300.18,10902.38,27.34,139.95,308.49,139.43,22.36,24.92
2020-09-09,3303.03,10914.43,27.3,142.07,314.58,139.06,22.58,25.25
2020-09-10,3305.89,10926.48,27.25,140.23,309.12,139.76,22.27,24.82
2020-09-11,3308.74,10938.53,27.21,139.29,309.28,140.06,22.42,24.88
2020-09-14,3317.31,10974.69,27.08,142.96,313.35,140.05,22.73,25.22
2020-09-15,3320.17,10986.74,27.03,143.23,314.93,139.71,22.42,25.39
2020-09-16,3323.02,10998.79,26.99,144.59,313.68,139.3,22.67,25.35
2020-09-17,3325.88,11010.84,26.94,143.53,310.92,139.72,22.44,25.15
2020-09-18,3328.73,11022.89,26.9,143.16,307.34,139.29,22.39,24.7
2020-09-21,3337.3,11059.05,26.77,138.14,303.92,139.99,21.83,24.55
2020-09-22,3340.16,11071.1,26.72,139.21,307.02,139.88,21.65,24.7
2020-09-23,3343.01,11083.15,26.68,135.06,299.9,140.07,21.17,24.32
2020-09-24,3345.87,11095.2,26.63,135.06,300.7,140.61,21.21,24.6
2020-09-25,3348.72,11107.25,26.59,137.25,305.56,140.61,21.43,25.0
2020-09-28,3357.29,11143.41,26.46,140.64,310.63,140.21,21.94,25.06
2020-09-29,3360.14,11155.46,26.41,140.0,308.94,140.37,21.67,25.06
2020-09-30,3363.0,11167.51,26.37,140.42,311.29,139.02,21.96,25.28
2020-10-01,3367.27,11186.21,26.33,142.66,313.28,139.25,22.0,25.54
2020-10-02,3371.55,11204.92,26.29,143.29,310.31,138.73,22.17,25.84
2020-10-05,3384.36,11261.03,26.17,147.25,315.81,136.02,22.53,26.16
2020-10-06,3388.64,11279.73,26.13,146.83,311.32,136.76,22.31,26.38
2020-10-07,3392.91,11298.44,26.09,150.03,316.74,135.76,22.68,26.55
2020-10-08,3397.18,11317.14,26.06,151.74,319.55,136.49,22.99,27.03
2020-10-09,3401.45,11335.85,26.02,152.52,322.4,136.47,23.02,27.03
2020-10-12,3414.27,11391.96,25.9,153.55,327.59,136.9,23.27,27.2
2020-10-13,3418.54,11410.66,25.86,152.52,325.45,137.88,22.83,27.01
2020-10-14,3422.82,11429.37,25.82,151.02,323.41,138.2,22.61,26.98
2020-10-15,3427.09,11448.07,25.78,152.57,323.01,137.96,22.78,26.96
2020-10-16,3431.36,11466.77,25.74,152.2,322.81,137.57,22.8,27.25
2020-10-19,3444.18,11522.89,25.62,150.38,317.9,137.05,22.45,27.02
2020-10-20,3448.45,11541.59,25.58,150.71,319.18,135.75,22.63,27.18
2020-10-21,3452.72,11560.29,25.54,149.41,318.57,135.28,22.52,27.11
2020-10-22,3456.99,11579.0,25.5,151.99,320.32,133.87,22.96,27.49
2020-10-23,3461.27,11597.7,25.46,152.87,321.41,134.69,23.04,27.57
2020-10-26,3474.09,11653.81,25.35,149.57,315.47,135.95,22.52,27.56
2020-10-27,3478.36,11672.52,25.31,148.29,314.38,136.86,22.11,27.54
2020-10-28,3482.63,11691.22,25.27,143.72,303.64,136.99,21.54,26.74
2020-10-29,3486.9,11709.93,25.23,145.44,306.72,135.66,21.7,26.81
2020-10-30,3491.18,11728.63,25.19,143.52,303.52,134.32,21.77,26.56
2020-11-02,3503.99,11784.74,25.07,146.08,306.93,135.32,22.18,27.14
2020-11-03,3508.26,11803.45,25.03,150.22,312.34,134.54,22.67,27.53
2020-11-04,3512.54,11822.15,24.99,150.39,319.33,137.46,22.41,27.12
2020-11-05,3516.81,11840.85,24.95,154.6,325.55,137.7,22.95,27.36
2020-11-06,3521.08,11859.56,24.91,153.39,325.48,136.03,22.77,27.3
2020-11-09,3533.9,11915.67,24.8,158.95,329.57,133.17,24.64,27.81
2020-11-10,3538.17,11934.37,24.76,161.9,329.09,132.41,24.77,28.21
2020-11-11,3542.45,11953.08,24.72,161.83,331.53,132.88,24.67,28.32
2020-11-12,3546.72,11971.78,24.68,159.35,328.31,135.14,24.26,27.86
2020-11-13,3550.99,11990.49,24.64,162.65,332.86,134.97,24.66,28.14
2020-11-16,3563.81,12046.6,24.52,166.52,337.01,134.64,25.21,28.42
2020-11-17,3568.08,12065.3,24.48,167.3,335.2,135.52,25.17,27.87
2020-11-18,3572.35,12084.01,24.44,164.96,331.17,135.91,24.93,27.32
2020-11-19,3576.62,12102.71,24.4,166.22,332.56,136.61,25.02,27.05
2020-11-20,3580.9,12121.42,24.36,166.4,330.28,137.82,24.8,27.05
2020-11-23,3593.72,12177.53,24.25,169.51,332.26,137.19,25.26,27.06
2020-11-24,3597.99,12196.23,24.21,172.7,337.62,135.83,26.15,27.35
2020-11-25,3602.26,12214.94,24.17,172.11,337.1,135.41,26.06,27.42
2020-11-26,3606.53,12233.64,24.13,172.11,337.1,135.41,26.06,27.42
2020-11-27,3610.81,12252.34,24.09,172.84,338.04,136.72,25.97,27.15
2020-11-30,3623.62,12308.46,23.97,169.7,336.54,136.55,25.44,26.76
2020-12-01,3627.89,12327.16,23.93,171.27,340.22,134.54,25.83,26.94
2020-12-02,3632.17,12345.86,23.89,171.45,340.94,133.47,26.11,27.12
2020-12-03,3636.44,12364.57,23.85,172.42,340.84,134.55,26.12,26.84
2020-12-04,3640.71,12383.27,23.81,176.43,343.78,132.57,26.44,26.57
2020-12-07,3653.53,12439.38,23.69,176.6,343.07,133.77,26.26,26.72
2020-12-08,3657.8,12458.09,23.66,178.87,344.08,134.4,26.25,26.64
2020-12-09,3662.08,12476.79,23.62,177.56,340.99,133.96,26.18,26.59
2020-12-10,3666.35,12495.5,23.58,179.28,340.88,135.15,26.23,26.46
2020-12-11,3670.62,12514.2,23.54,178.4,340.48,135.62,25.96,26.5
2020-12-14,3683.44,12570.31,23.42,178.61,338.96,135.25,25.66,26.36
2020-12-15,3687.71,12589.02,23.38,183.07,343.54,134.8,26.1,26.88
2020-12-16,3691.98,12607.72,23.34,182.42,344.08,134.44,26.15,26.57
2020-12-17,3696.26,12626.42,23.3,184.59,346.0,134.08,26.22,26.75
2020-12-18,3700.53,12645.13,23.26,183.7,344.62,133.68,25.99,26.52
2020-12-21,3713.35,12701.24,23.14,183.6,343.39,134.21,26.34,26.2
2020-12-22,3717.62,12719.94,23.1,185.69,342.81,134.9,26.09,26.15
2020-12-23,3721.89,12738.65,23.06,187.27,343.12,133.97,26.52,26.1
2020-12-24,3726.16,12757.35,23.03,187.15,344.45,134.5,26.55,26.28
2020-12-25,3730.44,12776.06,22.99,187.15,344.45,134.5,26.55,26.28
2020-12-28,3743.25,12832.17,22.87,186.45,347.41,134.56,26.68,26.4
2020-12-29,3747.53,12850.87,22.83,182.84,346.75,134.39,26.59,26.39
2020-12-30,3751.8,12869.58,22.79,184.7,347.24,134.68,26.71,26.53
2020-12-31,3756.07,12888.28,22.75,184.37,349.01,134.88,27.04,26.92
2021-01-01,3758.48,12892.26,22.71,184.37,349.01,134.88,27.04,26.92
2021-01-04,3765.71,12904.22,22.6,181.96,344.26,134.71,26.67,26.24
2021-01-05,3768.12,12908.2,22.56,184.78,346.63,133.71,26.79,26.24
2021-01-06,3770.52,12912.19,22.53,192.34,348.7,130.97,27.97,26.89
2021-01-07,3772.93,12916.17,22.49,195.76,353.88,129.81,28.38,26.54
2021-01-08,3775.34,12920.15,22.45,195.34,355.9,129.39,28.36,26.76
2021-01-11,3782.57,12932.11,22.34,195.17,353.5,129.18,28.45,26.51
2021-01-12,3784.98,12936.09,22.3,198.67,353.57,129.08,28.75,26.37
2021-01-13,3787.39,12940.08,22.27,197.25,354.52,130.53,28.73,26.89
2021-01-14,3789.8,12944.06,22.23,201.19,353.28,129.31,28.86,26.78
2021-01-15,3792.21,12948.05,22.19,198.19,350.71,129.82,28.38,27.05
2021-01-18,3799.43,12960.0,22.08,198.19,350.71,129.82,28.38,27.05
2021-01-19,3801.84,12963.98,22.04,200.73,353.46,130.24,28.45,26.94
2021-01-20,3804.25,12967.97,22.01,201.61,358.35,130.37,28.33,27.1
2021-01-21,3806.66,12971.95,21.97,199.86,358.68,129.45,28.03,26.94
2021-01-22,3809.07,12975.94,21.93,202.18,357.41,129.87,27.83,26.98
2021-01-25,3816.3,12987.89,21.82,201.99,358.82,131.4,27.63,27.52
2021-01-26,3818.71,12991.87,21.78,200.58,358.26,131.16,27.41,27.25
2021-01-27,3821.12,12995.86,21.75,196.91,349.5,131.49,26.6,26.51
2021-01-28,3823.53,12999.84,21.71,196.28,352.51,130.76,27.09,26.83
2021-01-29,3825.93,13003.83,21.67,193.31,345.45,129.98,26.55,26.68
2021-02-01,3833.16,13015.78,21.56,198.05,351.2,130.13,26.9,26.81
2021-02-02,3835.57,13019.76,21.52,200.88,356.17,129.29,27.55,27.03
2021-02-03,3837.98,13023.75,21.48,201.48,356.45,128.14,27.71,26.95
2021-02-04,3840.39,13027.73,21.45,205.59,360.5,127.8,28.32,27.16
2021-02-05,3842.8,13031.72,21.41,208.44,361.92,126.73,28.33,27.3
2021-02-08,3850.03,13043.67,21.3,213.76,364.53,127.28,28.7,27.09
2021-02-09,3852.43,13047.65,21.26,214.77,364.29,127.38,28.71,27.13
2021-02-10,3854.84,13051.64,21.22,213.35,364.13,128.23,28.71,27.24
2021-02-11,3857.25,13055.62,21.19,213.11,364.72,127.52,28.62,27.08
2021-02-12,3859.66,13059.61,21.15,213.71,366.52,125.94,28.91,26.89
2021-02-15,3866.89,13071.56,21.04,213.71,366.52,125.94,28.91,26.89
2021-02-16,3869.3,13075.54,21.0,212.37,366.2,124.02,29.41,26.59
2021-02-17,3871.71,13079.53,20.96,210.7,366.29,124.81,29.55,26.61
2021-02-18,3874.12,13083.51,20.93,207.44,364.73,124.31,29.38,26.77
2021-02-19,3876.53,13087.5,20.89,211.77,364.08,122.65,29.73,26.37
2021-02-22,3883.75,13099.45,20.78,210.39,361.28,121.72,30.0,25.85
2021-02-23,3886.16,13103.43,20.74,208.54,361.72,121.37,30.19,26.07
2021-02-24,3888.57,13107.42,20.7,213.47,365.71,120.57,30.77,25.76
2021-02-25,3890.98,13111.4,20.67,205.58,356.9,118.6,30.21,25.53
2021-02-26,3893.39,13115.39,20.63,205.3,355.06,122.52,29.63,25.06
2021-03-01,3900.62,13127.34,20.52,212.59,363.66,120.91,30.56,25.61
2021-03-02,3903.03,13131.32,20.48,208.5,360.83,120.92,30.45,25.53
2021-03-03,3905.43,13135.31,20.44,206.25,356.05,119.6,30.69,25.23
2021-03-04,3907.84,13139.29,20.41,200.48,351.64,118.83,30.34,25.21
2021-03-05,3910.25,13143.28,20.37,204.73,358.11,119.06,30.92,25.62
2021-03-08,3917.48,13155.23,20.26,205.7,356.33,118.14,31.31,25.99
2021-03-09,3919.89,13159.21,20.22,210.03,361.41,119.78,31.03,26.33
2021-03-10,3922.3,13163.2,20.18,213.67,363.66,120.02,31.66,26.51
2021-03-11,3924.71,13167.18,20.14,218.38,367.35,119.15,31.57,26.44
2021-03-12,3927.12,13171.17,20.11,219.66,367.85,116.62,31.89,26.8
2021-03-15,3934.34,13183.12,20.0,220.45,370.04,117.31,31.71,27.14
2021-03-16,3936.75,13187.11,19.96,216.76,369.57,116.84,31.38,27.17
2021-03-17,3939.16,13191.09,19.92,218.46,370.83,115.96,31.59,26.73
2021-03-18,3941.57,13195.07,19.88,211.81,365.44,114.79,31.75,26.63
2021-03-19,3943.98,13199.06,19.85,213.41,364.76,115.5,31.39,26.71
2021-03-22,3951.21,13211.01,19.73,211.8,367.67,116.79,30.98,26.67
2021-03-23,3953.62,13215.0,19.7,204.12,364.78,117.85,30.55,27.07
2021-03-24,3956.03,13218.98,19.66,199.4,362.93,118.48,30.66,27.07
2021-03-25,3958.44,13222.96,19.62,204.13,364.97,117.55,31.18,27.36
2021-03-26,3960.84,13226.95,19.59,207.85,370.85,117.14,31.66,27.46
2021-03-29,3968.07,13238.9,19.47,202.0,370.66,116.14,31.39,27.75
2021-03-30,3970.48,13242.89,19.44,205.4,369.68,116.75,31.61,27.5
2021-03-31,3972.89,13246.87,19.4,208.16,371.18,116.1,31.37,27.7
2021-04-01,3976.46,13260.68,19.36,210.8,375.18,118.03,31.76,27.68
2021-04-02,3980.02,13274.5,19.32,210.8,375.18,118.03,31.76,27.68
2021-04-05,3990.73,13315.94,19.2,211.96,380.57,117.51,32.0,27.98
2021-04-06,3994.29,13329.75,19.16,211.33,380.35,118.31,31.94,28.13
2021-04-07,3997.86,13343.57,19.13,207.92,380.79,117.48,32.1,28.09
2021-04-08,4001.43,13357.38,19.09,209.69,382.59,118.45,32.11,28.07
2021-04-09,4004.99,13371.2,19.05,209.71,385.37,118.03,32.38,28.04
2021-04-12,4015.7,13412.64,18.93,208.89,385.51,117.97,32.52,28.07
2021-04-13,4019.26,13426.45,18.89,208.35,386.66,118.86,32.22,28.4
2021-04-14,4022.83,13440.27,18.85,210.4,385.34,118.48,32.41,28.52
2021-04-15,4026.4,13454.08,18.81,211.32,389.48,120.46,32.38,28.84
2021-04-16,4029.96,13467.9,18.77,211.66,390.78,119.53,32.61,29.07
2021-04-19,4040.67,13509.34,18.65,208.9,388.86,119.18,32.52,28.93
2021-04-20,4044.23,13523.15,18.62,204.63,386.01,119.73,31.91,29.29
2021-04-21,4047.8,13536.97,18.58,209.63,389.66,119.97,32.35,29.05
2021-04-22,4051.37,13550.78,18.54,208.76,386.1,120.5,32.0,28.84
2021-04-23,4054.93,13564.59,18.5,212.7,390.29,120.21,32.59,28.8
2021-04-26,4065.64,13606.04,18.38,214.91,391.11,120.04,32.72,28.64
2021-04-27,4069.2,13619.85,18.34,215.24,391.02,118.99,32.98,28.42
2021-04-28,4072.77,13633.66,18.3,215.6,390.91,119.07,33.11,28.38
2021-04-29,4076.34,13647.48,18.26,214.8,393.4,118.72,33.7,28.64
2021-04-30,4079.9,13661.29,18.22,211.88,390.82,118.99,33.41,28.86
2021-05-03,4090.61,13702.73,18.11,212.92,391.66,119.07,33.57,28.86
2021-05-04,4094.17,13716.55,18.07,210.37,389.24,119.87,33.84,28.75
2021-05-05,4097.74,13730.36,18.03,209.54,389.36,120.07,34.11,28.26
2021-05-06,4101.31,13744.18,17.99,209.71,392.47,120.27,34.62,28.48
2021-05-07,4104.87,13757.99,17.95,212.35,395.33,119.68,34.81,28.57
2021-05-10,4115.58,13799.43,17.83,206.95,391.41,118.46,34.78,28.86
2021-05-11,4119.14,13813.25,17.79,206.29,387.92,117.79,34.16,28.5
2021-05-12,4122.71,13827.06,17.75,199.6,379.68,116.56,33.81,27.84
2021-05-13,4126.28,13840.87,17.71,203.27,384.24,116.74,34.35,28.37
2021-05-14,4129.84,13854.69,17.67,208.24,390.14,117.83,34.9,28.51
2021-05-17,4140.55,13896.13,17.56,208.52,389.15,117.58,34.96,28.28
2021-05-18,4144.11,13909.95,17.52,206.93,385.8,117.28,34.47,28.27
2021-05-19,4147.68,13923.76,17.48,205.34,384.78,116.99,34.26,28.23
2021-05-20,4151.25,13937.57,17.44,206.71,388.92,117.96,34.28,28.47
2021-05-21,4154.81,13951.39,17.4,207.25,388.61,118.34,34.62,28.62
2021-05-24,4165.52,13992.83,17.28,208.59,392.57,118.77,34.79,28.57
2021-05-25,4169.08,14006.64,17.24,206.58,391.7,119.87,34.44,28.22
2021-05-26,4172.65,14020.46,17.2,210.43,392.47,119.67,34.54,28.23
2021-05-27,4176.22,14034.27,17.16,212.6,392.68,119.19,34.93,28.03
2021-05-28,4179.78,14048.09,17.12,212.46,393.38,119.0,35.0,28.19
2021-05-31,4190.49,14089.53,17.01,212.46,393.38,119.0,35.0,28.19
2021-06-01,4194.05,14103.34,16.97,214.87,393.04,118.97,35.21,28.01
2021-06-02,4197.62,14117.16,16.93,215.12,393.65,119.25,35.27,28.16
2021-06-03,4201.19,14130.97,16.89,213.32,392.19,118.8,35.35,28.33
2021-06-04,4204.75,14144.78,16.85,214.25,395.78,120.43,35.44,28.29
2021-06-07,4215.46,14186.23,16.73,217.12,395.4,120.06,35.21,28.34
2021-06-08,4219.02,14200.04,16.69,219.42,395.48,120.9,35.12,28.1
2021-06-09,4222.59,14213.85,16.65,217.96,394.89,121.97,34.79,28.35
2021-06-10,4226.16,14227.67,16.61,216.34,396.73,122.7,34.38,28.53
2021-06-11,4229.72,14241.48,16.58,218.63,397.38,122.5,34.6,28.6
2021-06-14,4240.43,14282.92,16.46,217.98,398.27,121.56,34.24,28.66
2021-06-15,4243.99,14296.74,16.42,217.36,397.54,121.42,34.31,28.74
2021-06-16,4247.56,14310.55,16.38,216.9,395.32,121.31,34.27,28.31
2021-06-17,4251.13,14324.37,16.34,214.46,395.19,123.13,33.26,28.47
2021-06-18,4254.69,14338.18,16.3,209.6,389.86,125.44,32.46,27.73
2021-06-21,4265.4,14379.62,16.18,214.08,395.44,123.34,33.21,28.09
2021-06-22,4268.96,14393.44,16.14,215.05,397.55,123.64,33.27,27.92
2021-06-23,4272.53,14407.25,16.1,215.76,397.07,123.33,33.33,27.62
2021-06-24,4276.1,14421.07,16.07,218.8,399.42,123.52,33.75,27.59
2021-06-25,4279.66,14434.88,16.03,219.17,400.84,122.24,34.16,27.89
2021-06-28,4290.37,14476.32,15.91,217.44,401.65,123.5,33.91,28.07
2021-06-29,4293.93,14490.14,15.87,216.4,401.87,123.71,33.79,27.62
2021-06-30,4297.5,14503.95,15.83,216.43,402.2,124.26,33.94,27.56
2021-07-01,4297.61,14503.35,15.91,218.33,404.43,124.26,34.2,27.86
2021-07-02,4297.72,14502.75,15.99,216.26,407.52,125.01,34.17,27.91
2021-07-05,4298.05,14500.94,16.23,216.26,407.52,125.01,34.17,27.91
2021-07-06,4298.15,14500.34,16.31,213.11,406.78,126.48,33.63,28.03
2021-07-07,4298.26,14499.74,16.39,211.13,408.22,127.6,33.68,28.21
2021-07-08,4298.37,14499.14,16.47,209.19,404.89,128.1,33.0,28.13
2021-07-09,4298.48,14498.53,16.55,213.61,409.21,126.3,33.95,28.16
2021-07-12,4298.81,14496.73,16.78,213.78,410.68,126.13,34.29,28.25
2021-07-13,4298.92,14496.13,16.86,209.76,409.28,125.17,33.92,28.04
2021-07-14,4299.03,14495.52,16.94,206.52,409.89,126.59,33.76,28.28
2021-07-15,4299.14,14494.92,17.02,205.35,408.49,127.99,33.87,28.6
2021-07-16,4299.25,14494.32,17.1,202.82,405.29,127.75,33.41,28.89
2021-07-19,4299.57,14492.51,17.34,199.78,399.3,130.55,32.47,28.43
2021-07-20,4299.68,14491.91,17.42,205.98,405.02,129.29,33.28,28.55
2021-07-21,4299.79,14491.31,17.5,209.53,408.3,127.65,33.85,28.24
2021-07-22,4299.9,14490.71,17.58,206.2,409.16,128.86,33.48,28.28
2021-07-23,4300.01,14490.11,17.66,207.16,413.37,128.0,33.54,28.64
2021-07-26,4300.34,14488.3,17.9,207.76,414.38,127.62,33.73,28.65
2021-07-27,4300.45,14487.7,17.98,205.34,412.49,128.98,33.72,29.15
2021-07-28,4300.56,14487.1,18.05,208.36,412.32,128.99,33.68,28.92
2021-07-29,4300.66,14486.5,18.13,209.96,414.03,128.27,34.05,29.0
2021-07-30,4300.77,14485.89,18.21,208.58,412.02,128.87,33.78,28.76
2021-08-02,4301.1,14484.09,18.45,207.54,411.16,130.02,33.79,28.98
2021-08-03,4301.21,14483.49,18.53,208.4,414.5,130.09,34.17,29.15
2021-08-04,4301.32,14482.89,18.61,205.8,412.46,130.36,33.88,29.1
2021-08-05,4301.43,14482.28,18.69,209.5,415.08,129.7,34.32,29.42
2021-08-06,4301.54,14481.68,18.77,210.78,415.76,127.53,35.02,29.4
2021-08-09,4301.87,14479.88,19.01,209.62,415.42,127.07,35.11,29.39
2021-08-10,4301.97,14479.27,19.09,210.04,415.94,126.49,35.48,29.43
2021-08-11,4302.08,14478.67,19.17,211.07,416.97,126.41,35.89,29.7
2021-08-12,4302.19,14478.07,19.25,210.57,418.22,126.2,35.95,29.73
2021-08-13,4302.3,14477.47,19.33,208.65,418.99,128.19,35.68,29.94
2021-08-16,4302.63,14475.66,19.56,206.71,419.97,128.5,35.59,30.12
2021-08-17,4302.74,14475.06,19.64,204.19,417.22,128.45,35.34,30.14
2021-08-18,4302.85,14474.46,19.72,202.41,412.65,128.88,34.91,29.99
2021-08-19,4302.96,14473.86,19.8,199.98,413.29,129.83,34.65,30.11
2021-08-20,4303.07,14473.26,19.88,203.36,416.58,129.92,34.86,30.48
2021-08-23,4303.39,14471.45,20.12,207.23,420.24,129.83,35.15,30.09
2021-08-24,4303.5,14470.85,20.2,209.26,420.91,128.82,35.36,29.9
2021-08-25,4303.61,14470.25,20.28,210.0,421.79,127.75,35.78,29.95
2021-08-26,4303.72,14469.64,20.36,207.77,419.3,128.11,35.6,29.88
2021-08-27,4303.83,14469.04,20.44,213.63,423.05,128.98,36.07,29.87
2021-08-30,4304.16,14467.24,20.68,212.76,424.91,129.32,35.56,29.91
2021-08-31,4304.27,14466.64,20.76,213.17,424.28,128.44,35.52,29.88
2021-09-01,4304.38,14466.03,20.84,214.61,424.51,128.65,35.31,30.27
2021-09-02,4304.48,14465.43,20.92,216.1,425.82,129.21,35.43,30.55
2021-09-03,4304.59,14464.83,20.99,215.1,425.71,128.04,35.21,30.29
2021-09-06,4304.92,14463.02,21.23,215.1,425.71,128.04,35.21,30.29
2021-09-07,4305.03,14462.42,21.31,213.61,424.19,126.96,35.0,29.89
2021-09-08,4305.14,14461.82,21.39,211.28,423.67,127.82,34.92,30.43
2021-09-09,4305.25,14461.22,21.47,211.18,421.86,129.37,35.02,30.26
2021-09-10,4305.36,14460.62,21.55,209.11,418.53,128.23,34.76,29.84
2021-09-13,4305.68,14458.81,21.79,210.3,419.61,129.01,35.16,29.79
2021-09-14,4305.79,14458.21,21.87,207.62,417.34,130.57,34.68,29.69
2021-09-15,4305.9,14457.61,21.95,209.5,420.83,130.11,35.02,29.65
2021-09-16,4306.01,14457.01,22.03,209.65,420.16,129.52,34.92,29.4
2021-09-17,4306.12,14456.4,22.11,209.93,416.07,128.89,34.76,28.95
2021-09-20,4306.45,14454.6,22.35,204.93,409.13,130.49,33.95,28.89
2021-09-21,4306.56,14454.0,22.42,205.25,408.74,130.38,33.91,28.81
2021-09-22,4306.67,14453.39,22.5,208.43,412.73,131.16,34.47,28.8
2021-09-23,4306.78,14452.79,22.58,212.12,417.74,128.19,35.32,28.64
2021-09-24,4306.89,14452.19,22.66,211.1,418.43,126.94,35.5,28.61
2021-09-27,4307.21,14450.39,22.9,214.31,417.24,126.47,35.99,28.27
2021-09-28,4307.32,14449.78,22.98,209.44,408.83,124.5,35.39,27.92
2021-09-29,4307.43,14449.18,23.06,208.99,409.52,124.72,35.42,28.28
2021-09-30,4307.54,14448.58,23.14,207.03,404.51,124.7,34.86,28.06
2021-10-01,4312.53,14461.58,23.08,210.37,409.32,125.75,35.44,28.06
2021-10-04,4327.48,14500.6,22.88,208.46,404.04,125.43,35.13,28.44
2021-10-05,4332.47,14513.6,22.82,209.18,408.24,124.22,35.82,28.37
2021-10-06,4337.45,14526.61,22.75,208.09,409.94,124.92,35.86,28.81
2021-10-07,4342.44,14539.61,22.69,211.3,413.48,123.61,36.07,28.66
2021-10-08,4347.42,14552.61,22.63,209.71,412.73,122.75,36.25,28.45
2021-10-11,4362.38,14591.63,22.43,208.51,409.74,122.44,35.88,28.06
2021-10-12,4367.36,14604.63,22.37,209.65,408.73,124.53,35.77,28.25
2021-10-13,4372.35,14617.64,22.3,210.65,410.2,125.74,35.57,28.58
2021-10-14,4377.33,14630.64,22.24,213.77,417.1,126.21,36.16,28.93
2021-10-15,4382.32,14643.64,22.17,213.1,420.28,125.47,36.7,28.85
2021-10-18,4397.27,14682.66,21.98,212.97,421.52,126.06,36.71,28.57
2021-10-19,4402.26,14695.66,21.92,213.77,424.78,124.32,37.07,28.93
2021-10-20,4407.24,14708.66,21.85,215.19,426.45,123.48,37.37,29.39
2021-10-21,4412.23,14721.67,21.79,215.74,427.56,123.34,37.21,29.39
2021-10-22,4417.21,14734.67,21.72,215.23,427.11,124.7,37.73,29.54
2021-10-25,4432.17,14773.69,21.53,217.27,429.41,124.51,37.69,29.41
2021-10-26,4437.16,14786.69,21.47,215.63,429.79,125.54,37.71,29.57
2021-10-27,4442.14,14799.69,21.4,211.67,427.89,127.82,37.09,29.37
2021-10-28,4447.13,14812.7,21.34,215.89,432.02,127.39,37.55,29.56
2021-10-29,4452.11,14825.7,21.27,215.83,432.89,127.78,37.4,29.39
2021-11-01,4467.07,14864.72,21.08,221.43,433.64,126.86,37.42,29.49
2021-11-02,4472.05,14877.72,21.02,221.89,435.39,127.42,37.51,29.52
2021-11-03,4477.04,14890.72,20.95,225.86,438.05,126.1,37.65,29.41
2021-11-04,4482.02,14903.73,20.89,225.77,440.11,127.43,37.16,29.25
2021-11-05,4487.01,14916.73,20.82,228.86,441.64,129.33,37.18,29.52
2021-11-08,4501.96,14955.75,20.63,229.57,442.02,129.09,37.38,29.09
2021-11-09,4506.95,14968.75,20.57,228.23,440.56,130.77,37.18,29.24
2021-11-10,4511.93,14981.75,20.5,224.63,437.01,128.38,37.11,29.47
2021-11-11,4516.92,14994.76,20.44,226.44,437.15,128.19,37.21,29.29
2021-11-12,4521.9,15007.76,20.37,226.67,440.45,127.63,37.3,29.27
2021-11-15,4536.86,15046.77,20.18,225.77,440.6,126.02,37.3,29.66
2021-11-16,4541.85,15059.78,20.12,226.19,442.35,125.7,37.26,29.52
2021-11-17,4546.83,15072.78,20.05,223.22,441.27,126.7,36.83,29.55
2021-11-18,4551.82,15085.79,19.99,222.28,442.77,127.18,36.65,29.39
2021-11-19,4556.8,15098.79,19.92,220.25,441.98,128.52,36.25,29.56
2021-11-22,4571.76,15137.8,19.73,219.32,440.74,127.01,36.76,29.74
2021-11-23,4576.74,15150.81,19.67,218.94,441.32,125.18,37.33,29.77
2021-11-24,4581.73,15163.81,19.6,219.17,442.5,127.19,37.25,29.79
2021-11-25,4586.71,15176.82,19.54,219.17,442.5,127.19,37.25,29.79
2021-11-26,4591.7,15189.82,19.47,210.91,432.63,130.4,36.01,29.32
2021-11-29,4606.65,15228.83,19.28,210.78,437.94,129.35,36.13,29.76
2021-11-30,4611.64,15241.84,19.21,206.48,429.41,131.32,35.26,28.89
2021-12-01,4616.62,15254.84,19.15,201.84,424.64,132.13,34.87,28.94
2021-12-02,4621.61,15267.85,19.09,207.47,431.15,132.29,35.91,29.31
2021-12-03,4626.59,15280.85,19.02,203.21,427.4,133.87,35.33,29.6
2021-12-06,4641.55,15319.86,18.83,207.29,432.46,132.03,35.87,30.06
2021-12-07,4646.53,15332.87,18.76,212.09,441.4,130.97,36.51,30.28
2021-12-08,4651.52,15345.87,18.7,213.54,442.57,128.7,36.31,30.25
2021-12-09,4656.51,15358.88,18.64,208.71,439.59,129.42,36.24,30.21
2021-12-10,4661.49,15371.88,18.57,208.13,443.72,129.11,36.27,30.37
2021-12-13,4676.45,15410.89,18.38,205.09,439.79,131.02,35.88,30.75
2021-12-14,4681.43,15423.9,18.31,203.32,436.77,130.71,36.1,30.56
2021-12-15,4686.42,15436.9,18.25,206.55,443.59,129.45,36.2,31.06
2021-12-16,4691.4,15449.91,18.19,202.37,439.68,129.5,36.66,31.22
2021-12-17,4696.39,15462.91,18.12,204.23,435.0,130.97,35.85,30.75
2021-12-20,4711.34,15501.92,17.93,201.37,430.37,129.98,35.15,30.78
2021-12-21,4716.33,15514.93,17.86,207.12,438.02,129.49,35.88,30.74
2021-12-22,4721.31,15527.93,17.8,209.11,442.4,130.09,36.05,30.87
2021-12-23,4726.3,15540.94,17.73,210.78,445.15,128.96,36.23,30.86
2021-12-24,4731.28,15553.94,17.67,210.78,445.15,128.96,36.23,30.86
2021-12-27,4746.24,15592.95,17.48,212.76,451.45,129.27,36.61,31.01
2021-12-28,4751.22,15605.96,17.41,211.46,451.08,128.76,36.63,31.29
2021-12-29,4756.21,15618.96,17.35,211.69,451.66,127.35,36.58,31.46
2021-12-30,4761.19,15631.97,17.28,211.63,450.41,128.42,36.51,31.58
2021-12-31,4766.18,15644.97,17.22,211.17,449.27,128.67,36.45,31.69
2022-01-03,4796.56,15597.49,17.33,213.9,451.88,125.3,36.9,31.37
2022-01-04,4793.5,15581.66,17.37,213.57,451.72,124.77,37.87,31.28
2022-01-05,4790.44,15565.83,17.41,206.34,443.05,124.1,37.43,31.26
2022-01-06,4787.38,15550.01,17.44,207.52,442.63,124.42,37.98,30.93
2022-01-07,4784.32,15534.18,17.48,205.12,440.88,123.52,38.43,31.17
2022-01-10,4775.15,15486.7,17.59,204.4,440.33,123.83,38.3,30.97
2022-01-11,4772.09,15470.87,17.63,206.58,444.35,124.65,38.63,30.69
2022-01-12,4769.03,15455.04,17.67,205.04,445.55,124.18,38.66,30.78
2022-01-13,4765.97,15439.22,17.7,203.16,439.41,125.28,38.51,30.93
2022-01-14,4762.91,15423.39,17.74,203.45,439.59,123.39,38.11,30.72
2022-01-17,4753.73,15375.91,17.85,203.45,439.59,123.39,38.11,30.72
2022-01-18,4750.67,15360.08,17.89,197.29,431.8,121.65,37.26,30.35
2022-01-19,4747.61,15344.25,17.93,194.09,427.32,122.49,36.63,30.49
2022-01-20,4744.55,15328.43,17.96,190.57,422.59,123.25,36.4,30.53
2022-01-21,4741.49,15312.6,18.0,187.0,414.29,124.71,35.65,30.47
2022-01-24,4732.32,15265.12,18.11,191.31,416.05,123.69,35.76,30.18
2022-01-25,4729.26,15249.29,18.15,188.76,410.97,123.49,35.91,29.71
2022-01-26,4726.2,15233.46,18.18,186.04,409.94,122.0,36.0,29.46
2022-01-27,4723.14,15217.64,18.22,181.81,407.92,124.24,35.67,29.73
2022-01-28,4720.08,15201.81,18.26,185.35,418.05,124.28,36.14,30.08
2022-01-31,4710.9,15154.33,18.37,191.04,425.58,123.64,36.46,30.66
2022-02-01,4707.84,15138.5,18.41,193.05,428.45,123.23,36.96,30.25
2022-02-02,4704.78,15122.67,18.44,191.13,432.62,123.64,37.21,30.7
2022-02-03,4701.72,15106.84,18.48,187.52,422.45,122.68,36.8,30.56
2022-02-04,4698.67,15091.02,18.52,188.32,424.43,120.87,37.43,30.31
2022-02-07,4689.49,15043.54,18.63,189.25,423.07,120.95,37.54,30.27
2022-02-08,4686.43,15027.71,18.67,192.48,426.55,120.14,38.06,30.29
2022-02-09,4683.37,15011.88,18.7,196.14,432.8,120.37,38.31,30.43
2022-02-10,4680.31,14996.05,18.74,193.13,425.02,118.45,37.97,29.66
2022-02-11,4677.25,14980.23,18.78,191.17,416.64,120.21,37.44,29.67
2022-02-14,4668.07,14932.74,18.89,190.51,415.28,118.71,37.02,29.42
2022-02-15,4665.01,14916.92,18.93,195.61,421.97,117.37,37.52,29.28
2022-02-16,4661.96,14901.09,18.96,196.02,422.45,118.06,37.55,29.35
2022-02-17,4658.9,14885.26,19.0,191.0,413.42,118.94,36.62,29.37
2022-02-18,4655.84,14869.44,19.04,189.36,410.75,120.19,36.61,29.31
2022-02-21,4646.66,14821.95,19.15,189.36,410.75,120.19,36.61,29.31
2022-02-22,4643.6,14806.13,19.19,186.69,406.34,120.5,36.42,29.28
2022-02-23,4640.54,14790.3,19.22,183.2,399.13,118.84,35.79,28.79
2022-02-24,4637.48,14774.47,19.26,188.0,405.14,118.92,35.36,29.02
2022-02-25,4634.42,14758.65,19.3,192.23,414.08,119.01,36.49,29.92
2022-02-28,4625.25,14711.16,19.41,193.01,413.02,121.62,35.95,30.07
2022-03-01,4622.19,14695.34,19.45,189.38,406.73,123.02,34.63,29.81
2022-03-02,4619.13,14679.51,19.48,193.89,414.21,118.82,35.52,30.17
2022-03-03,4616.07,14663.68,19.52,191.59,412.15,120.03,35.41,30.7
2022-03-04,4613.01,14647.85,19.56,188.59,408.8,122.1,34.75,31.38
2022-03-07,4603.83,14600.37,19.67,183.9,396.75,121.17,33.48,31.79
2022-03-08,4600.77,14584.55,19.71,184.91,393.74,119.95,33.28,31.3
2022-03-09,4597.71,14568.72,19.74,190.13,404.3,118.78,34.51,31.08
2022-03-10,4594.65,14552.89,19.78,189.78,402.47,117.07,34.22,31.28
2022-03-11,4591.59,14537.06,19.82,186.76,397.35,117.46,33.97,31.18
2022-03-14,4582.42,14489.58,19.93,182.94,394.45,114.72,34.4,31.14
2022-03-15,4579.36,14473.76,19.97,185.85,403.12,114.52,34.89,31.54
2022-03-16,4576.3,14457.93,20.0,191.7,412.06,115.64,35.87,31.48
2022-03-17,4573.24,14442.1,20.04,194.71,417.22,114.78,36.32,31.62
2022-03-18,4570.18,14426.27,20.08,196.76,421.79,116.18,36.4,31.35
2022-03-21,4561.0,14378.79,20.19,195.02,421.66,113.49,36.37,31.56
2022-03-22,4557.94,14362.97,20.23,196.98,426.6,112.04,36.96,31.6
2022-03-23,4554.88,14347.14,20.26,193.56,421.1,114.49,36.27,31.64
2022-03-24,4551.82,14331.31,20.3,195.79,427.45,113.59,36.56,31.97
2022-03-25,4548.77,14315.48,20.34,196.06,429.54,112.02,37.03,32.43
2022-03-28,4539.59,14268.0,20.45,196.12,432.59,112.98,36.93,32.64
2022-03-29,4536.53,14252.17,20.49,201.37,437.95,113.83,37.01,32.95
2022-03-30,4533.47,14236.35,20.52,197.33,435.24,114.72,36.75,33.22
2022-03-31,4530.41,14220.52,20.56,195.25,428.54,115.0,35.91,33.18
2022-04-01,4519.19,14173.05,20.73,197.43,429.76,115.43,35.81,33.65
2022-04-04,4485.55,14030.63,21.23,197.76,433.44,114.63,35.65,33.39
2022-04-05,4474.33,13983.16,21.39,193.08,427.96,112.04,35.43,33.6
2022-04-06,4463.11,13935.69,21.56,190.34,423.68,111.14,35.19,34.27
2022-04-07,4451.9,13888.21,21.72,189.72,425.82,110.3,35.15,34.18
2022-04-08,4440.68,13840.74,21.89,188.21,424.68,109.1,35.5,34.3
2022-04-11,4407.03,13698.32,22.39,186.94,417.42,107.38,35.34,33.83
2022-04-12,4395.82,13650.85,22.56,187.53,415.88,107.23,34.96,33.96
2022-04-13,4384.6,13603.38,22.72,191.1,420.64,107.45,34.96,33.89
2022-04-14,4373.38,13555.91,22.89,189.24,415.4,105.29,34.57,33.91
2022-04-15,4362.17,13508.43,23.06,189.24,415.4,105.29,34.57,33.91
2022-04-18,4328.52,13366.02,23.55,187.97,415.57,104.77,34.77,33.73
2022-04-19,4317.3,13318.54,23.72,191.72,422.28,103.99,35.25,33.94
2022-04-20,4306.09,13271.07,23.89,192.45,421.97,106.08,35.49,34.22
2022-04-21,4294.87,13223.6,24.05,188.14,415.66,105.29,34.93,33.65
2022-04-22,4283.66,13176.13,24.22,183.27,404.25,104.63,33.89,33.09
2022-04-25,4250.01,13033.71,24.72,184.38,406.6,105.68,33.95,32.86
2022-04-26,4238.79,12986.24,24.89,178.57,394.82,106.74,33.1,32.53
2022-04-27,4227.58,12938.76,25.05,177.83,395.93,105.37,33.07,32.38
2022-04-28,4216.36,12891.29,25.22,181.15,405.93,105.53,33.49,32.74
2022-04-29,4205.14,12843.82,25.38,175.92,390.93,104.16,32.34,31.76
2022-05-02,4171.49,12701.4,25.88,177.76,393.28,102.35,32.35,31.43
2022-05-03,4160.28,12653.93,26.05,179.29,395.09,103.04,32.77,31.55
2022-05-04,4149.06,12606.46,26.22,184.07,407.12,103.61,33.77,32.26
2022-05-05,4137.85,12558.98,26.38,176.6,392.65,100.77,32.79,31.93
2022-05-06,4126.63,12511.51,26.55,173.66,390.3,99.29,32.55,32.18
2022-05-09,4092.98,12369.09,27.05,166.36,377.81,100.16,31.77,31.94
2022-05-10,4081.77,12321.62,27.21,166.41,378.68,101.07,31.49,31.55
2022-05-11,4070.55,12274.15,27.38,162.27,372.66,103.02,31.2,31.78
2022-05-12,4059.33,12226.68,27.55,164.17,372.27,102.83,30.97,31.46
2022-05-13,4048.12,12179.2,27.71,169.37,381.18,101.31,31.42,31.83
2022-05-16,4014.47,12036.79,28.21,168.57,379.63,101.2,31.16,31.93
2022-05-17,4003.25,11989.31,28.38,173.72,387.44,99.98,31.99,32.26
2022-05-18,3992.04,11941.84,28.55,167.63,371.82,102.11,31.11,31.95
2022-05-19,3980.82,11894.37,28.71,167.91,369.54,102.35,30.9,31.88
2022-05-20,3969.6,11846.9,28.88,167.48,369.7,103.52,30.85,31.97
2022-05-23,3935.96,11704.48,29.38,169.51,376.62,101.81,31.85,32.35
2022-05-24,3924.74,11657.01,29.54,167.0,373.75,103.82,31.78,33.0
2022-05-25,3913.52,11609.53,29.71,170.0,377.05,104.23,32.04,32.98
2022-05-26,3902.31,11562.06,29.88,173.8,384.58,103.76,32.78,33.07
2022-05-27,3891.09,11514.59,30.04,178.48,394.02,104.01,33.33,33.59
2022-05-30,3857.44,11372.17,30.54,178.48,394.02,104.01,33.33,33.59
2022-05-31,3846.23,11324.7,30.71,176.26,391.81,101.81,33.24,33.12
2022-06-01,3835.01,11277.23,30.87,175.26,388.64,101.7,32.7,33.07
2022-06-02,3823.8,11229.75,31.04,179.54,396.04,101.75,33.15,33.29
2022-06-03,3812.58,11182.28,31.21,177.93,389.54,101.53,32.67,33.13
2022-06-06,3778.93,11039.86,31.71,178.7,390.73,99.66,32.77,33.28
2022-06-07,3767.71,10992.39,31.87,181.58,394.48,100.73,33.02,33.48
2022-06-08,3756.5,10944.92,32.04,178.77,390.19,99.84,32.44,32.83
2022-06-09,3745.28,10897.45,32.21,175.07,380.91,100.17,31.62,32.04
2022-06-10,3734.07,10849.97,32.37,170.32,369.86,99.55,30.48,31.79
2022-06-13,3700.42,10707.56,32.87,162.32,355.82,96.43,29.57,30.33
2022-06-14,3689.2,10660.08,33.04,161.53,354.75,95.21,29.32,29.56
2022-06-15,3677.99,10612.61,33.2,163.9,359.81,96.99,29.65,29.76
2022-06-16,3666.77,10565.14,33.37,156.31,347.9,97.76,28.9,29.18
2022-06-17,3675.24,10598.25,33.04,157.53,348.65,98.07,28.98,28.91
2022-06-20,3700.66,10697.6,32.04,157.53,348.65,98.07,28.98,28.91
2022-06-21,3709.13,10730.71,31.71,160.35,357.43,96.41,29.56,29.46
2022-06-22,3717.6,10763.83,31.37,160.05,356.78,99.06,29.49,29.77
2022-06-23,3726.07,10796.94,31.04,161.96,360.27,99.88,29.38,30.47
2022-06-24,3734.55,10830.05,30.71,166.98,371.73,98.49,30.46,31.0
2022-06-27,3759.96,10929.4,29.71,167.6,370.31,97.65,30.36,31.25
2022-06-28,3768.44,10962.51,29.38,164.45,362.74,98.11,30.06,31.13
2022-06-29,3776.91,10995.63,29.04,162.78,362.45,99.64,29.89,31.16
2022-06-30,3785.38,11028.74,28.71,161.51,359.5,100.51,29.63,31.5
2022-07-01,3783.21,11023.81,28.74,163.47,363.31,101.55,30.03,32.28
2022-07-04,3776.69,11009.04,28.84,163.47,363.31,101.55,30.03,32.28
2022-07-05,3774.52,11004.11,28.87,164.82,363.99,102.34,29.93,31.17
2022-07-06,3772.35,10999.19,28.9,163.6,365.22,100.63,29.85,31.5
2022-07-07,3770.18,10994.26,28.93,167.48,370.69,99.74,30.29,31.47
2022-07-08,3768.01,10989.34,28.96,167.46,370.39,98.64,30.22,31.36
2022-07-11,3761.5,10974.56,29.06,164.09,366.15,100.34,29.97,31.56
2022-07-12,3759.32,10969.64,29.09,163.53,362.91,100.93,29.79,31.41
2022-07-13,3757.15,10964.71,29.12,163.38,361.01,102.09,29.52,31.28
2022-07-14,3754.98,10959.79,29.15,161.71,360.13,101.26,28.96,31.28
2022-07-15,3752.81,10954.86,29.18,165.07,367.01,101.83,29.94,31.34
2022-07-18,3746.3,10940.09,29.28,164.6,363.98,100.77,29.82,30.9
2022-07-19,3744.13,10935.16,29.31,170.41,373.82,100.22,30.72,31.1
2022-07-20,3741.95,10930.24,29.34,173.08,376.2,100.49,30.83,30.69
2022-07-21,3739.78,10925.31,29.37,173.97,380.03,102.22,31.03,30.77
2022-07-22,3737.61,10920.39,29.41,171.19,376.5,103.94,30.85,31.19
2022-07-25,3731.1,10905.61,29.5,172.08,376.96,102.92,31.05,31.58
2022-07-26,3728.93,10900.68,29.53,171.02,372.5,103.0,30.62,31.77
2022-07-27,3726.75,10895.76,29.56,174.91,382.17,102.42,31.09,31.79
2022-07-28,3724.58,10890.83,29.6,177.32,386.97,103.24,31.31,32.94
2022-07-29,3722.41,10885.91,29.63,178.58,392.61,102.96,31.76,33.22
2022-08-01,3715.9,10871.13,29.72,178.51,391.45,105.44,31.49,33.25
2022-08-02,3713.73,10866.21,29.75,178.34,388.86,103.21,31.14,33.19
2022-08-03,3711.56,10861.28,29.79,180.96,394.95,104.83,31.61,33.39
2022-08-04,3709.38,10856.36,29.82,180.58,394.69,104.8,31.51,33.47
2022-08-05,3707.21,10851.43,29.85,181.96,394.02,102.3,31.74,33.34
2022-08-08,3700.7,10836.66,29.94,183.89,393.56,103.95,31.72,33.39
2022-08-09,3698.53,10831.73,29.98,181.38,392.0,103.55,31.88,33.77
2022-08-10,3696.36,10826.81,30.01,186.56,400.23,102.87,32.59,33.92
2022-08-11,3694.19,10821.88,30.04,187.25,400.23,100.48,32.98,33.91
2022-08-12,3692.01,10816.96,30.07,191.08,407.01,101.49,33.5,34.46
2022-08-15,3685.5,10802.18,30.16,191.76,408.68,101.41,33.49,34.75
2022-08-16,3683.33,10797.25,30.2,191.68,409.49,101.83,33.73,34.85
2022-08-17,3681.16,10792.33,30.23,188.46,406.58,100.77,33.56,34.79
2022-08-18,3678.99,10787.4,30.26,189.71,407.76,100.91,33.6,34.92
2022-08-19,3676.81,10782.48,30.29,185.63,402.28,99.29,32.93,34.9
2022-08-22,3670.3,10767.7,30.39,181.81,393.9,98.96,32.21,34.43
2022-08-23,3668.13,10762.78,30.42,182.1,392.95,98.41,32.08,34.22
2022-08-24,3665.96,10757.85,30.45,183.5,394.21,97.69,32.25,34.33
2022-08-25,3663.79,10752.93,30.48,186.35,399.77,99.05,32.74,34.54
2022-08-26,3661.62,10748.0,30.51,180.23,386.24,99.8,31.76,34.01
2022-08-29,3655.1,10733.23,30.61,178.57,383.69,98.97,31.54,34.11
2022-08-30,3652.93,10728.3,30.64,176.07,379.48,99.22,31.37,33.61
2022-08-31,3650.76,10723.38,30.67,175.0,376.59,98.27,31.13,33.39
2022-09-01,3648.59,10718.45,30.7,173.09,377.77,96.47,31.23,33.87
2022-09-02,3646.42,10713.53,30.73,171.75,373.79,97.02,30.98,33.51
2022-09-05,3639.9,10698.75,30.83,171.75,373.79,97.02,30.98,33.51
2022-09-06,3637.73,10693.83,30.86,170.05,372.38,94.61,30.91,33.6
2022-09-07,3635.56,10688.9,30.89,173.75,379.07,96.11,31.52,34.65
2022-09-08,3633.39,10683.97,30.92,175.2,381.54,95.12,32.08,34.62
2022-09-09,3631.22,10679.05,30.96,178.72,387.47,95.34,32.37,34.76
2022-09-12,3624.7,10664.27,31.05,180.88,391.64,94.55,32.63,35.09
2022-09-13,3622.53,10659.35,31.08,173.81,374.61,94.77,31.42,34.16
2022-09-14,3620.36,10654.42,31.11,174.48,376.04,95.1,31.32,34.44
2022-09-15,3618.19,10649.5,31.15,173.22,371.77,95.04,31.43,33.58
2022-09-16,3616.02,10644.57,31.18,170.7,368.93,94.24,31.14,33.45
2022-09-19,3609.5,10629.8,31.27,172.16,371.79,94.46,31.5,33.9
2022-09-20,3607.33,10624.87,31.3,169.81,367.52,93.52,31.03,33.41
2022-09-21,3605.16,10619.95,31.34,167.22,361.11,95.09,30.39,32.95
2022-09-22,3602.99,10615.02,31.37,163.45,358.08,92.66,29.88,32.83
2022-09-23,3600.82,10610.1,31.4,159.56,352.08,93.04,29.4,32.45
2022-09-26,3594.31,10595.32,31.49,157.37,348.6,91.26,28.94,31.67
2022-09-27,3592.13,10590.4,31.53,157.91,347.71,88.86,28.82,31.14
2022-09-28,3589.96,10585.47,31.56,162.91,354.55,91.83,29.38,31.47
2022-09-29,3587.79,10580.55,31.59,159.25,347.14,91.36,29.02,30.21
2022-09-30,3585.62,10575.62,31.62,158.09,341.78,90.18,28.75,29.63
2022-10-03,3583.47,10512.06,31.72,162.28,350.8,91.61,29.53,30.5
2022-10-04,3582.76,10490.88,31.75,168.72,361.67,91.35,30.63,31.14
2022-10-05,3582.04,10469.69,31.79,167.47,360.83,90.48,30.39,30.45
2022-10-06,3581.32,10448.51,31.82,166.53,357.1,89.98,29.96,29.45
2022-10-07,3580.61,10427.32,31.85,161.63,347.14,89.1,29.25,28.84
2022-10-10,3578.46,10363.76,31.95,160.73,344.49,87.72,29.12,28.89
2022-10-11,3577.75,10342.58,31.99,160.78,342.31,88.11,28.75,28.78
2022-10-12,3577.03,10321.39,32.02,160.34,341.18,88.54,28.68,27.82
2022-10-13,3580.35,10323.23,31.89,164.31,350.19,87.69,29.87,28.52
2022-10-14,3583.67,10325.06,31.76,159.91,342.21,86.97,29.37,28.11
2022-10-17,3593.64,10330.57,31.36,165.01,351.0,86.55,30.1,28.7
2022-10-18,3596.96,10332.41,31.23,166.96,355.12,86.75,30.59,29.22
2022-10-19,3600.29,10334.25,31.1,164.12,352.61,85.17,30.09,28.84
2022-10-20,3603.61,10336.08,30.97,162.03,349.65,83.71,29.6,28.11
2022-10-21,3606.93,10337.92,30.84,165.55,358.15,82.21,30.48,28.63
2022-10-24,3616.9,10343.43,30.45,166.26,362.53,81.53,30.89,28.87
2022-10-25,3620.22,10345.27,30.32,170.8,368.32,83.9,31.26,29.45
2022-10-26,3623.54,10347.1,30.19,171.64,365.54,85.11,31.34,29.44
2022-10-27,3626.87,10348.94,30.05,171.68,363.59,86.0,31.59,29.67
2022-10-28,3630.19,10350.78,29.92,175.58,372.24,85.41,32.38,30.49
2022-10-31,3640.16,10356.29,29.53,175.74,369.55,84.8,32.18,30.2
2022-11-01,3643.48,10358.12,29.4,175.98,367.94,85.59,32.26,30.32
2022-11-02,3646.8,10359.96,29.27,170.14,358.7,85.22,31.86,30.02
2022-11-03,3650.12,10361.79,29.14,169.0,355.01,84.76,31.53,30.16
2022-11-04,3653.45,10363.63,29.01,171.28,360.12,83.34,32.11,30.34
2022-11-07,3663.41,10369.14,28.61,172.06,363.56,82.5,32.43,29.76
2022-11-08,3666.73,10370.98,28.48,172.13,365.52,83.41,32.62,29.97
2022-11-09,3670.06,10372.81,28.35,167.4,357.99,83.68,32.07,29.74
2022-11-10,3673.38,10374.65,28.22,177.71,377.67,86.9,33.69,31.14
2022-11-11,3676.7,10376.49,28.09,179.16,381.32,86.58,33.97,30.79
2022-11-14,3686.67,10382.0,27.7,177.16,378.08,86.37,33.48,30.42
2022-11-15,3689.99,10383.83,27.57,179.79,381.3,87.77,33.56,30.76
2022-11-16,3693.31,10385.67,27.43,176.62,378.39,89.69,33.4,31.03
2022-11-17,3696.64,10387.51,27.3,174.98,377.24,88.74,33.22,30.49
2022-11-18,3699.96,10389.34,27.17,176.12,378.95,88.13,33.49,31.14
2022-11-21,3709.93,10394.85,26.78,175.2,377.57,88.5,33.6,31.28
2022-11-22,3713.25,10396.69,26.65,177.06,382.65,89.76,33.94,31.54
2022-11-23,3716.57,10398.53,26.52,177.52,385.06,91.32,34.08,31.9
2022-11-24,3719.89,10400.36,26.39,177.52,385.06,91.32,34.08,31.9
2022-11-25,3723.22,10402.2,26.26,177.9,384.98,91.01,34.2,32.08
2022-11-28,3733.18,10407.71,25.86,174.31,378.83,91.27,33.61,31.75
2022-11-29,3736.51,10409.55,25.73,174.82,378.18,90.2,33.81,31.52
2022-11-30,3739.83,10411.38,25.6,179.61,390.1,90.86,34.38,32.3
2022-12-01,3743.15,10413.22,25.47,179.22,389.81,93.77,34.19,32.28
2022-12-02,3746.47,10415.06,25.34,180.27,389.36,94.95,34.02,32.12
2022-12-05,3756.44,10420.57,24.95,175.3,382.36,93.62,33.18,31.94
2022-12-06,3759.76,10422.4,24.81,172.62,376.84,94.82,32.89,32.14
2022-12-07,3763.08,10424.24,24.68,172.11,376.2,97.06,32.76,31.99
2022-12-08,3766.41,10426.08,24.55,173.35,379.15,96.79,32.78,32.2
2022-12-09,3769.73,10427.91,24.42,171.23,376.32,94.27,32.7,32.03
2022-12-12,3779.7,10433.42,24.03,173.24,381.74,94.57,33.13,32.77
2022-12-13,3783.02,10435.26,23.9,174.67,384.63,95.49,33.22,32.86
2022-12-14,3786.34,10437.09,23.77,173.53,382.17,95.89,32.8,32.82
2022-12-15,3789.66,10438.93,23.64,169.19,372.83,96.27,32.16,32.43
2022-12-16,3792.99,10440.77,23.5,167.92,368.42,95.19,31.91,31.87
2022-12-19,3802.95,10446.28,23.11,165.65,365.3,93.59,31.83,31.75
2022-12-20,3806.28,10448.11,22.98,166.53,365.8,91.93,31.96,31.76
2022-12-21,3809.6,10449.95,22.85,169.4,371.27,92.16,32.46,32.2
2022-12-22,3812.92,10451.79,22.72,167.18,365.97,92.14,32.17,32.0
2022-12-23,3816.24,10453.62,22.59,167.94,368.08,90.79,32.35,32.33
2022-12-26,3826.21,10459.13,22.19,167.94,368.08,90.79,32.35,32.33
2022-12-27,3829.53,10460.97,22.06,166.82,366.63,89.0,32.34,32.53
2022-12-28,3832.86,10462.81,21.93,164.23,362.07,88.47,32.23,32.22
2022-12-29,3836.18,10464.64,21.8,168.39,368.59,89.48,32.68,32.45
2022-12-30,3839.5,10466.48,21.67,167.91,367.62,88.48,32.59,32.14
2023-01-02,3848.39,10524.35,21.57,167.91,367.62,88.48,32.59,32.14
2023-01-03,3851.36,10543.64,21.54,166.99,366.07,90.17,32.7,32.14
2023-01-04,3854.32,10562.93,21.51,169.07,368.9,91.41,33.23,32.44
2023-01-05,3857.29,10582.22,21.47,167.26,364.68,91.79,32.98,31.73
2023-01-06,3860.25,10601.51,21.44,171.02,373.05,93.48,33.71,32.37
2023-01-09,3869.15,10659.38,21.34,171.3,372.84,93.98,33.59,32.59
2023-01-10,3872.11,10678.67,21.31,173.84,375.45,92.42,33.78,32.6
2023-01-11,3875.08,10697.97,21.28,176.0,380.2,93.92,34.1,32.86
2023-01-12,3878.04,10717.26,21.25,178.96,381.58,95.77,34.16,32.64
2023-01-13,3881.01,10736.55,21.21,180.14,383.06,94.87,34.42,32.52
2023-01-16,3889.9,10794.42,21.12,180.14,383.06,94.87,34.42,32.52
2023-01-17,3892.87,10813.71,21.08,179.91,382.36,94.26,34.19,32.48
2023-01-18,3895.83,10833.0,21.05,177.01,376.33,96.54,33.55,31.7
2023-01-19,3898.8,10852.29,21.02,175.31,373.59,95.94,33.16,31.38
2023-01-20,3901.76,10871.58,20.98,178.2,380.55,94.38,33.69,31.57
2023-01-23,3910.66,10929.45,20.89,180.4,385.11,93.94,34.08,31.57
2023-01-24,3913.62,10948.74,20.85,180.02,384.7,95.29,34.1,31.73
2023-01-25,3916.59,10968.03,20.82,180.52,384.84,95.52,34.36,31.31
2023-01-26,3919.55,10987.32,20.79,181.59,389.07,95.08,34.54,31.41
2023-01-27,3922.52,11006.61,20.76,182.57,389.97,94.84,34.54,31.41
2023-01-30,3931.41,11064.48,20.66,180.03,385.07,94.49,34.37,31.27
2023-01-31,3934.38,11083.77,20.63,184.4,390.74,95.25,34.84,31.5
2023-02-01,3937.34,11103.06,20.59,187.3,394.89,96.39,34.84,31.56
2023-02-02,3940.31,11122.35,20.56,190.99,400.64,96.52,34.93,31.62
2023-02-03,3943.27,11141.65,20.53,189.71,396.38,95.07,34.87,30.96
2023-02-06,3952.17,11199.52,20.43,186.96,393.96,94.37,34.86,31.23
2023-02-07,3955.13,11218.81,20.4,188.35,399.11,93.61,35.26,31.21
2023-02-08,3958.1,11238.1,20.36,185.6,394.74,94.06,35.05,30.69
2023-02-09,3961.06,11257.39,20.33,182.91,391.32,93.17,34.66,30.27
2023-02-10,3964.03,11276.68,20.3,183.27,392.23,92.12,34.77,30.87
2023-02-13,3972.92,11334.55,20.2,185.48,396.84,92.9,35.17,31.06
2023-02-14,3975.89,11353.84,20.17,185.39,396.66,92.68,34.98,30.93
2023-02-15,3978.85,11373.13,20.14,187.27,397.94,91.82,35.02,31.13
2023-02-16,3981.82,11392.42,20.1,185.48,392.47,90.52,34.67,30.89
2023-02-17,3984.78,11411.71,20.07,185.99,391.48,91.22,34.68,31.22
2023-02-20,3993.68,11469.58,19.97,185.99,391.48,91.22,34.68,31.22
2023-02-21,3996.64,11488.87,19.94,180.5,383.63,89.45,33.96,30.64
2023-02-22,3999.61,11508.16,19.91,180.99,383.1,90.27,33.92,30.52
2023-02-23,4002.57,11527.45,19.87,182.28,385.14,91.15,33.95,30.36
2023-02-24,4005.54,11546.74,19.84,180.58,381.03,89.97,33.98,30.37
2023-02-27,4014.43,11604.62,19.74,181.21,382.32,90.22,33.97,30.17
2023-02-28,4017.4,11623.91,19.71,181.22,380.91,90.63,34.04,29.64
2023-03-01,4020.36,11643.2,19.68,181.45,379.45,89.65,33.92,29.15
2023-03-02,4023.33,11662.49,19.65,181.89,382.4,88.86,33.76,29.7
2023-03-03,4026.29,11681.78,19.61,184.42,388.53,91.01,34.3,30.21
2023-03-06,4035.19,11739.65,19.52,181.72,388.8,90.3,34.32,30.35
2023-03-07,4038.15,11758.94,19.48,179.62,382.84,90.86,33.44,29.86
2023-03-08,4041.12,11778.23,19.45,179.7,383.47,90.95,33.31,30.08
2023-03-09,4044.08,11797.52,19.42,174.7,376.39,91.17,31.96,29.84
2023-03-10,4047.05,11816.81,19.39,169.67,370.96,94.31,31.38,29.37
2023-03-13,4055.94,11874.68,19.29,166.9,370.43,94.53,30.14,29.82
2023-03-14,4058.91,11893.97,19.25,169.99,376.56,92.98,30.75,30.22
2023-03-15,4061.87,11913.26,19.22,167.19,374.2,94.77,29.93,30.63
2023-03-16,4064.84,11932.55,19.19,169.47,380.77,94.03,30.5,30.83
2023-03-17,4067.8,11951.84,19.16,164.9,376.31,95.44,29.52,30.53
2023-03-20,4076.7,12009.72,19.06,167.04,379.93,94.6,29.85,30.77
2023-03-21,4079.66,12029.01,19.03,170.12,384.92,93.79,30.61,30.15
2023-03-22,4082.63,12048.3,18.99,165.29,378.36,95.04,29.9,29.56
2023-03-23,4085.59,12067.59,18.96,164.56,379.38,95.04,29.7,29.26
2023-03-24,4088.56,12086.88,18.93,166.05,381.87,95.44,29.68,30.17
2023-03-27,4097.45,12144.75,18.83,167.9,382.59,93.2,30.09,30.21
2023-03-28,4100.42,12164.04,18.8,167.65,381.73,93.37,30.08,30.29
2023-03-29,4103.38,12183.33,18.77,169.56,387.28,93.18,30.52,30.73
2023-03-30,4106.35,12202.62,18.73,169.33,389.54,93.61,30.45,30.87
2023-03-31,4109.31,12221.91,18.7,172.44,395.03,95.01,30.79,31.09
2023-04-03,4120.55,12273.54,18.53,172.52,396.54,95.46,30.85,30.88
2023-04-04,4124.3,12290.75,18.48,169.49,394.34,95.93,30.56,31.04
2023-04-05,4128.05,12307.95,18.42,167.83,393.31,96.94,30.52,31.84
2023-04-06,4131.8,12325.16,18.36,168.08,394.84,97.19,30.63,32.06
2023-04-07,4135.55,12342.37,18.31,168.08,394.84,97.19,30.63,32.06
2023-04-10,4146.79,12394.0,18.14,169.88,395.25,95.62,30.7,32.0
2023-04-11,4150.54,12411.21,18.08,171.22,395.35,95.82,30.97,32.03
2023-04-12,4154.29,12428.42,18.03,169.96,393.74,95.72,30.9,32.0
2023-04-13,4158.03,12445.63,17.97,172.22,398.97,94.97,31.18,32.0
2023-04-14,4161.78,12462.83,17.91,170.61,398.0,94.1,31.49,31.64
2023-04-17,4173.03,12514.46,17.75,172.81,399.42,92.98,31.85,31.82
2023-04-18,4176.77,12531.67,17.69,172.07,399.69,93.31,31.95,31.65
2023-04-19,4180.52,12548.88,17.63,172.29,399.62,93.22,32.02,31.89
2023-04-20,4184.27,12566.09,17.58,171.4,397.44,94.02,31.93,31.89
2023-04-21,4188.02,12583.3,17.52,171.63,397.75,93.49,31.81,31.98
2023-04-24,4199.26,12634.92,17.35,171.51,398.16,94.39,31.74,32.14
2023-04-25,4203.01,12652.13,17.3,167.28,391.84,95.78,31.19,32.11
2023-04-26,4206.76,12669.34,17.24,165.66,390.18,94.76,30.89,31.35
2023-04-27,4210.51,12686.55,17.18,167.88,397.95,93.82,31.39,31.73
2023-04-28,4214.25,12703.76,17.13,169.35,401.35,95.33,31.76,31.68
2023-05-01,4225.5,12755.39,16.96,169.44,400.94,92.58,31.68,31.74
2023-05-02,4229.25,12772.59,16.9,165.96,396.43,94.89,30.96,31.35
2023-05-03,4232.99,12789.8,16.85,166.57,393.71,95.42,30.61,31.27
2023-05-04,4236.74,12807.01,16.79,164.71,390.92,94.48,30.21,31.5
2023-05-05,4240.49,12824.22,16.73,168.62,398.16,94.16,30.96,31.71
2023-05-08,4251.73,12875.85,16.57,168.23,398.27,92.84,31.01,31.61
2023-05-09,4255.48,12893.06,16.51,167.73,396.52,92.51,30.89,31.57
2023-05-10,4259.23,12910.27,16.45,168.58,398.37,93.41,30.72,31.86
2023-05-11,4262.98,12927.47,16.4,167.29,397.68,94.4,30.67,31.53
2023-05-12,4266.73,12944.68,16.34,166.95,397.16,93.61,30.55,31.71
2023-05-15,4277.97,12996.31,16.17,168.99,398.53,92.64,30.8,31.31
2023-05-16,4281.72,13013.52,16.12,166.52,395.86,92.36,30.51,30.61
2023-05-17,4285.47,13030.73,16.06,170.24,400.67,92.09,31.12,30.5
2023-05-18,4289.22,13047.94,16.0,171.27,404.53,91.41,31.35,30.41
2023-05-19,4292.96,13065.15,15.95,170.23,403.94,90.76,31.22,30.36
2023-05-22,4304.21,13116.77,15.78,172.3,404.1,90.44,31.28,30.37
2023-05-23,4307.96,13133.98,15.72,171.49,399.57,90.7,30.91,30.27
2023-05-24,4311.7,13151.19,15.67,169.67,396.67,90.25,30.51,30.07
2023-05-25,4315.45,13168.4,15.61,168.35,400.11,90.03,30.5,29.67
2023-05-26,4319.2,13185.61,15.56,170.26,405.29,90.75,30.75,29.67
2023-05-29,4330.44,13237.24,15.39,170.26,405.29,90.75,30.75,29.67
2023-05-30,4334.19,13254.44,15.33,169.64,405.45,91.66,30.74,29.55
2023-05-31,4337.94,13271.65,15.27,167.96,403.2,92.46,30.41,29.82
2023-06-01,4341.69,13288.86,15.22,169.78,407.03,92.82,30.74,29.6
2023-06-02,4345.44,13306.07,15.16,175.94,412.91,91.8,31.41,29.91
2023-06-05,4356.68,13357.7,14.99,173.58,412.12,91.63,31.25,30.05
2023-06-06,4360.43,13374.91,14.94,178.15,413.02,92.17,31.64,30.03
2023-06-07,4364.18,13392.12,14.88,181.48,411.59,90.81,31.76,30.54
2023-06-08,4367.92,13409.32,14.83,180.81,414.08,91.87,31.74,30.67
2023-06-09,4371.67,13426.53,14.77,179.34,414.83,91.74,31.75,30.49
2023-06-12,4382.92,13478.16,14.6,180.09,418.59,92.01,31.74,30.44
2023-06-13,4386.66,13495.37,14.54,182.15,421.35,91.1,31.93,30.43
2023-06-14,4390.41,13512.58,14.49,180.2,421.85,91.83,31.8,30.42
2023-06-15,4394.16,13529.79,14.43,181.68,427.08,92.71,32.22,30.75
2023-06-16,4397.91,13547.0,14.38,180.22,425.63,92.35,32.16,30.91
2023-06-19,4409.15,13598.62,14.21,180.22,425.63,92.35,32.16,30.91
2023-06-20,4412.9,13615.83,14.15,179.44,423.42,92.99,31.92,30.55
2023-06-21,4416.65,13633.04,14.1,179.02,421.25,93.22,31.88,30.79
2023-06-22,4420.4,13650.25,14.04,177.69,422.77,92.09,31.63,30.56
2023-06-23,4424.14,13667.46,13.98,175.02,419.57,93.01,31.49,30.11
2023-06-26,4435.39,13719.08,13.81,175.19,417.86,93.11,31.43,30.41
2023-06-27,4439.14,13736.29,13.76,177.72,422.44,92.87,31.68,30.41
2023-06-28,4442.88,13753.5,13.7,178.6,422.65,93.26,31.6,29.97
2023-06-29,4446.63,13770.71,13.65,180.65,424.32,91.58,32.15,29.97
2023-06-30,4450.38,13787.92,13.59,181.51,429.32,92.66,32.43,30.3
2023-07-03,4445.03,13769.17,13.72,181.88,429.82,92.13,32.61,30.53
2023-07-04,4443.24,13762.93,13.76,181.88,429.82,92.13,32.61,30.53
2023-07-05,4441.46,13756.68,13.81,180.07,429.18,91.26,32.54,30.87
2023-07-06,4439.68,13750.43,13.85,177.16,425.82,89.97,32.26,30.5
2023-07-07,4437.89,13744.18,13.89,179.03,424.74,89.43,32.31,30.28
2023-07-10,4432.54,13725.44,14.02,182.1,425.82,89.54,32.46,30.15
2023-07-11,4430.76,13719.19,14.07,183.97,428.53,90.0,32.84,30.52
2023-07-12,4428.97,13712.94,14.11,185.97,431.98,91.01,33.05,30.97
2023-07-13,4427.19,13706.69,14.15,187.47,435.41,91.96,33.17,31.07
2023-07-14,4425.41,13700.44,14.19,185.64,435.14,91.42,32.95,30.95
2023-07-17,4420.05,13681.7,14.32,187.63,436.65,91.47,33.26,30.6
2023-07-18,4418.27,13675.45,14.37,189.95,439.89,91.88,33.64,30.36
2023-07-19,4416.49,13669.2,14.41,190.75,440.87,92.92,33.78,30.67
2023-07-20,4414.7,13662.95,14.45,189.08,437.94,91.79,34.03,31.23
2023-07-21,4412.92,13656.7,14.5,188.48,437.94,91.82,33.92,31.7
2023-07-24,4407.57,13637.96,14.63,188.95,439.9,91.48,34.24,31.61
2023-07-25,4405.78,13631.71,14.67,188.93,441.1,91.31,34.02,31.67
2023-07-26,4404.0,13625.46,14.71,190.42,441.17,91.4,34.23,31.67
2023-07-27,4402.22,13619.21,14.76,187.96,438.24,89.62,33.79,31.11
2023-07-28,4400.43,13612.97,14.8,190.39,442.54,90.09,33.86,31.04
2023-07-31,4395.08,13594.22,14.93,192.6,443.38,90.3,33.99,31.05
2023-08-01,4393.3,13587.97,14.97,191.72,442.11,88.82,33.99,30.67
2023-08-02,4391.51,13581.72,15.02,189.11,435.96,87.87,33.7,30.67
2023-08-03,4389.73,13575.48,15.06,188.58,434.71,85.84,33.72,29.97
2023-08-04,4387.95,13569.23,15.1,188.2,432.74,87.36,33.58,29.63
2023-08-07,4382.59,13550.48,15.23,188.33,436.52,86.51,34.05,29.62
2023-08-08,4380.81,13544.23,15.27,187.15,434.62,87.51,33.74,29.76
2023-08-09,4379.03,13537.99,15.32,185.68,431.72,87.96,33.49,29.83
2023-08-10,4377.24,13531.74,15.36,184.86,431.87,86.51,33.52,29.73
2023-08-11,4375.46,13525.49,15.4,185.12,431.62,86.32,33.59,29.9
2023-08-14,4370.11,13506.74,15.53,184.8,434.0,86.12,33.52,29.66
2023-08-15,4368.32,13500.5,15.58,182.36,428.95,85.6,32.91,29.18
2023-08-16,4366.54,13494.25,15.62,180.13,425.8,84.93,32.86,29.31
2023-08-17,4364.76,13488.0,15.66,178.01,422.55,84.57,32.7,29.24
2023-08-18,4362.97,13481.75,15.71,178.97,422.76,84.87,32.69,29.4
2023-08-21,4357.62,13463.01,15.84,178.71,425.51,83.74,32.65,29.21
2023-08-22,4355.84,13456.76,15.88,178.18,424.36,84.38,32.34,29.29
2023-08-23,4354.05,13450.51,15.92,180.08,429.08,86.47,32.66,29.41
2023-08-24,4352.27,13444.26,15.97,177.59,423.14,85.9,32.54,29.24
2023-08-25,4350.48,13438.01,16.01,178.34,426.12,86.18,32.7,29.46
2023-08-28,4345.13,13419.27,16.14,179.93,428.82,86.27,32.88,29.46
2023-08-29,4343.35,13413.02,16.18,182.44,435.02,87.17,33.18,29.57
2023-08-30,4341.57,13406.77,16.22,183.13,436.81,87.08,33.2,29.43
2023-08-31,4339.78,13400.52,16.27,182.81,436.17,87.46,33.07,29.15
2023-09-01,4338.0,13394.27,16.31,184.98,436.99,86.1,33.37,29.0
2023-09-04,4332.65,13375.53,16.44,184.98,436.99,86.1,33.37,29.0
2023-09-05,4330.86,13369.28,16.48,181.09,435.1,84.89,33.03,28.56
2023-09-06,4329.08,13363.03,16.53,180.41,432.17,85.1,33.01,28.62
2023-09-07,4327.29,13356.78,16.57,178.66,430.85,85.34,32.93,29.0
2023-09-08,4325.51,13350.54,16.61,178.27,431.49,85.67,32.99,29.25
2023-09-11,4320.16,13331.79,16.74,178.69,434.33,85.05,33.15,29.37
2023-09-12,4318.38,13325.54,16.79,178.52,431.95,85.54,33.37,29.41
2023-09-13,4316.59,13319.29,16.83,177.35,432.45,85.52,33.37,29.76
2023-09-14,4314.81,13313.05,16.87,179.85,436.18,84.9,33.68,30.2
2023-09-15,4313.02,13306.8,16.92,177.97,430.93,84.39,33.5,30.07
2023-09-18,4307.67,13288.05,17.04,176.78,431.18,84.87,33.6,30.05
2023-09-19,4305.89,13281.8,17.09,176.1,430.29,84.24,33.56,29.88
2023-09-20,4304.1,13275.56,17.13,174.33,426.33,84.5,33.33,29.91
2023-09-21,4302.32,13269.31,17.17,171.63,419.28,82.33,32.77,29.6
2023-09-22,4300.54,13263.06,17.22,171.24,418.34,83.0,32.52,29.54
2023-09-25,4295.19,13244.31,17.35,172.01,420.1,80.95,32.6,29.5
2023-09-26,4293.4,13238.07,17.39,169.79,413.93,80.67,32.17,28.62
2023-09-27,4291.62,13231.82,17.43,171.38,414.09,80.26,32.12,28.07
2023-09-28,4289.83,13225.57,17.48,172.93,416.49,80.5,32.35,27.46
2023-09-29,4288.05,13219.32,17.52,172.11,415.48,80.51,32.05,27.51
2023-10-02,4303.93,13278.4,17.35,169.51,415.32,79.16,31.78,26.23
2023-10-03,4309.23,13298.09,17.3,166.66,409.76,77.46,31.28,26.53
2023-10-04,4314.52,13317.78,17.24,166.74,412.74,78.55,31.51,26.5
2023-10-05,4319.82,13337.48,17.19,166.86,412.59,78.16,31.65,26.35
2023-10-06,4325.11,13357.17,17.13,168.47,417.48,77.21,31.92,26.72
2023-10-09,4340.99,13416.25,16.96,169.44,420.16,79.03,31.94,26.99
2023-10-10,4346.29,13435.94,16.91,171.36,422.34,78.92,32.18,27.36
2023-10-11,4351.58,13455.63,16.85,171.07,424.07,80.56,32.22,27.8
2023-10-12,4356.88,13475.32,16.8,167.2,421.49,78.38,32.02,27.37
2023-10-13,4362.17,13495.02,16.74,165.81,419.39,79.78,32.09,27.68
2023-10-16,4378.05,13554.09,16.57,168.49,423.8,78.5,32.43,27.96
2023-10-17,4383.35,13573.79,16.52,170.37,423.78,77.63,32.58,27.89
2023-10-18,4388.64,13593.48,16.46,166.86,418.14,76.95,32.02,27.65
2023-10-19,4393.94,13613.17,16.41,164.2,414.46,75.37,31.6,27.37
2023-10-20,4399.23,13632.87,16.35,162.08,409.37,75.8,31.11,27.09
2023-10-23,4415.11,13691.94,16.18,160.71,408.66,76.71,30.92,26.86
2023-10-24,4420.41,13711.64,16.13,162.11,411.74,77.72,31.13,27.55
2023-10-25,4425.7,13731.33,16.07,159.43,405.83,75.99,31.02,27.7
2023-10-26,4431.0,13751.02,16.02,159.84,400.97,77.16,30.95,27.94
2023-10-27,4436.29,13770.71,15.96,157.96,399.15,76.83,30.39,27.41
2023-10-30,4452.17,13829.79,15.79,158.84,403.93,76.48,30.93,27.62
2023-10-31,4457.47,13849.48,15.74,160.21,406.46,76.11,31.27,27.86
2023-11-01,4462.76,13869.18,15.68,161.13,410.8,77.76,31.47,28.18
2023-11-02,4468.06,13888.87,15.63,165.42,418.67,79.53,32.21,28.71
2023-11-03,4473.35,13908.56,15.57,169.92,422.49,80.07,32.64,28.87
2023-11-06,4489.23,13967.64,15.4,167.8,423.46,79.3,32.54,28.8
2023-11-07,4494.53,13987.33,15.35,167.2,424.67,80.47,32.49,28.59
2023-11-08,4499.82,14007.03,15.29,165.42,424.98,81.84,32.53,28.38
2023-11-09,4505.12,14026.72,15.24,162.86,421.66,79.95,32.4,28.01
2023-11-10,4510.41,14046.41,15.18,164.68,428.24,80.4,32.77,28.15
2023-11-13,4526.29,14105.49,15.01,164.74,427.84,80.22,32.72,27.82
2023-11-14,4531.59,14125.18,14.96,173.79,436.14,82.04,33.34,28.93
2023-11-15,4536.88,14144.87,14.9,174.09,437.06,80.89,33.52,28.84
2023-11-16,4542.18,14164.57,14.85,171.27,437.59,81.89,33.65,28.99
2023-11-17,4547.47,14184.26,14.79,173.62,438.14,82.28,33.83,29.07
2023-11-20,4563.35,14243.34,14.62,174.63,441.51,82.78,33.96,28.99
2023-11-21,4568.65,14263.03,14.57,172.38,440.55,82.74,33.94,29.05
2023-11-22,4573.94,14282.72,14.51,173.47,442.25,83.03,34.08,29.19
2023-11-23,4579.24,14302.42,14.46,173.47,442.25,83.03,34.08,29.19
2023-11-24,4584.53,14322.11,14.4,174.63,442.52,82.06,34.19,29.26
2023-11-27,4600.41,14381.19,14.23,174.05,441.72,83.43,34.07,29.31
2023-11-28,4605.71,14400.88,14.18,173.38,442.16,83.59,34.06,29.4
2023-11-29,4611.0,14420.57,14.12,174.29,441.85,84.64,34.3,29.17
2023-11-30,4616.3,14440.26,14.07,174.95,443.59,83.66,34.69,29.29
2023-12-01,4621.59,14459.96,14.01,180.07,446.22,85.24,34.95,29.65
2023-12-04,4637.47,14519.03,13.84,182.0,443.87,84.9,34.91,29.54
2023-12-05,4642.77,14538.73,13.79,179.56,443.79,86.73,34.74,29.33
2023-12-06,4648.06,14558.42,13.73,179.24,442.0,87.88,34.56,29.72
2023-12-07,4653.36,14578.11,13.68,180.53,445.37,87.38,34.73,29.65
2023-12-08,4658.65,14597.8,13.62,181.91,447.28,86.66,34.91,29.6
2023-12-11,4674.53,14656.88,13.45,182.29,449.02,86.48,35.12,29.79
2023-12-12,4679.83,14676.58,13.4,182.1,451.07,86.73,35.37,29.67
2023-12-13,4685.12,14696.27,13.34,188.27,457.3,88.77,35.94,30.79
2023-12-14,4690.42,14715.96,13.29,193.51,458.76,91.08,36.3,30.39
2023-12-15,4695.71,14735.65,13.23,191.88,458.01,91.18,36.09,29.86
2023-12-18,4711.59,14794.73,13.06,191.95,460.58,90.45,36.21,29.79
2023-12-19,4716.89,14814.42,13.01,195.67,463.38,90.94,36.48,29.96
2023-12-20,4722.18,14834.12,12.95,191.84,456.96,91.56,35.83,29.35
2023-12-21,4727.48,14853.81,12.9,195.1,461.3,90.98,36.18,29.4
2023-12-22,4732.77,14873.5,12.84,196.92,462.22,90.56,36.26,29.5
2023-12-25,4748.65,14932.58,12.67,196.92,462.22,90.56,36.26,29.5
2023-12-26,4753.95,14952.27,12.62,199.48,464.18,90.82,36.4,29.68
2023-12-27,4759.24,14971.96,12.56,200.19,465.01,92.43,36.52,29.66
2023-12-28,4764.54,14991.66,12.51,199.43,465.19,91.76,36.63,29.88
2023-12-29,4769.83,15011.35,12.45,196.17,463.84,90.93,36.51,29.84
2024-01-01,4788.17,15081.3,12.51,196.17,463.84,90.93,36.51,29.84
2024-01-02,4794.29,15104.62,12.53,195.01,461.25,90.41,36.67,30.27
2024-01-03,4800.4,15127.93,12.55,189.81,457.48,90.78,36.36,30.38
2024-01-04,4806.51,15151.25,12.58,189.44,456.01,89.41,36.5,30.29
2024-01-05,4812.63,15174.57,12.6,188.88,456.63,88.55,36.66,30.4
2024-01-08,4830.97,15244.52,12.66,192.28,463.15,89.42,36.89,30.62
2024-01-09,4837.08,15267.84,12.68,190.56,462.45,88.85,36.66,30.38
2024-01-10,4843.2,15291.15,12.7,190.67,465.06,88.44,36.71,30.37
2024-01-11,4849.31,15314.47,12.72,189.17,464.86,88.94,36.58,29.66
2024-01-12,4855.42,15337.79,12.74,188.86,465.18,88.76,36.51,29.83
2024-01-15,4873.76,15407.74,12.81,188.86,465.18,88.76,36.51,29.83
2024-01-16,4879.88,15431.05,12.83,186.52,463.47,87.2,36.26,29.51
2024-01-17,4885.99,15454.37,12.85,185.19,460.9,87.06,36.19,29.08
2024-01-18,4892.11,15477.69,12.87,186.29,464.99,86.25,36.25,28.77
2024-01-19,4898.22,15501.01,12.89,188.08,470.79,86.53,36.83,28.73
2024-01-22,4916.56,15570.96,12.95,192.09,471.79,87.04,37.01,28.58
2024-01-23,4922.68,15594.27,12.97,191.54,473.16,86.35,37.06,28.64
2024-01-24,4928.79,15617.59,12.99,189.96,473.68,85.85,37.21,28.25
2024-01-25,4934.9,15640.91,13.02,191.54,476.26,86.41,37.39,28.75
2024-01-26,4941.02,15664.22,13.04,191.55,475.65,86.24,37.53,28.84
2024-01-29,4959.36,15734.17,13.1,194.9,479.42,87.23,37.63,29.02
2024-01-30,4965.47,15757.49,13.12,193.24,479.05,88.03,38.1,29.01
2024-01-31,4971.59,15780.81,13.14,188.52,471.23,88.89,37.64,28.95
2024-02-01,4977.7,15804.12,13.16,191.02,477.4,90.63,37.7,29.5
2024-02-02,4983.81,15827.44,13.18,190.01,482.42,88.63,37.85,28.97
2024-02-05,5002.15,15897.39,13.25,187.6,480.67,86.84,37.63,28.37
2024-02-06,5008.27,15920.71,13.27,189.29,482.06,87.69,37.7,28.47
2024-02-07,5014.38,15944.03,13.29,188.85,486.08,87.27,37.99,28.49
2024-02-08,5020.5,15967.34,13.31,191.71,486.3,86.76,37.84,28.29
2024-02-09,5026.61,15990.66,13.33,194.83,489.11,86.58,37.95,28.4
2024-02-12,5040.84,16014.96,13.31,198.37,488.89,86.69,38.12,28.73
2024-02-13,5045.59,16023.06,13.3,190.21,482.16,85.2,37.61,28.25
2024-02-14,5050.33,16031.16,13.3,194.63,486.54,85.63,37.97,28.41
2024-02-15,5055.08,16039.26,13.29,199.82,489.9,86.08,38.62,28.88
2024-02-16,5059.82,16047.36,13.28,197.1,487.46,85.58,38.48,28.85
2024-02-19,5074.06,16071.66,13.26,197.1,487.46,85.58,38.48,28.85
2024-02-20,5078.8,16079.76,13.26,194.38,484.78,85.65,38.37,28.83
2024-02-21,5083.55,16087.86,13.25,193.46,485.21,85.04,38.49,29.21
2024-02-22,5088.29,16095.96,13.24,194.93,495.26,85.46,38.94,28.99
2024-02-23,5093.03,16104.06,13.24,195.37,495.6,86.6,39.13,29.19
2024-02-26,5107.27,16128.36,13.22,196.6,493.78,86.34,38.94,28.62
2024-02-27,5112.01,16136.46,13.21,199.39,494.7,85.74,39.04,29.16
2024-02-28,5116.76,16144.56,13.2,197.74,494.05,86.28,39.19,29.25
2024-02-29,5121.5,16152.66,13.2,199.12,495.82,86.89,39.17,29.26
2024-03-01,5126.25,16160.76,13.19,201.23,500.48,87.43,39.12,29.08
2024-03-04,5140.48,16185.06,13.17,201.05,499.94,87.08,39.22,29.57
2024-03-05,5145.22,16193.16,13.16,199.12,494.94,88.32,39.23,29.48
2024-03-06,5149.97,16201.26,13.16,200.61,497.45,88.84,39.43,29.77
2024-03-07,5154.71,16209.36,13.15,202.28,502.39,88.75,39.37,29.96
2024-03-08,5159.46,16217.46,13.14,202.15,499.37,88.6,39.44,30.04
2024-03-11,5173.69,16241.76,13.12,200.55,498.95,88.55,39.51,30.19
2024-03-12,5178.44,16249.86,13.12,200.28,504.31,87.81,39.68,29.89
2024-03-13,5183.18,16257.96,13.11,201.06,503.52,87.38,39.97,30.1
2024-03-14,5187.93,16266.06,13.1,197.46,502.53,86.04,39.65,29.86
2024-03-15,5192.67,16274.16,13.1,197.83,499.08,86.01,39.61,29.9
2024-03-18,5206.9,16298.46,13.08,196.7,502.04,85.75,39.84,30.04
2024-03-19,5211.65,16306.56,13.07,197.53,504.83,86.0,40.03,30.3
2024-03-20,5216.39,16314.66,13.06,201.44,509.5,85.97,40.51,30.34
2024-03-21,5221.14,16322.76,13.06,203.75,511.19,86.15,40.84,30.29
2024-03-22,5225.88,16330.86,13.05,200.94,510.22,86.98,40.37,30.34
2024-03-25,5240.12,16355.16,13.03,201.4,508.81,86.54,40.22,30.48
2024-03-26,5244.86,16363.26,13.02,201.04,507.87,86.78,40.35,30.13
2024-03-27,5249.61,16371.36,13.02,205.42,512.13,87.64,40.83,30.97
2024-03-28,5254.35,16379.46,13.01,206.07,512.04,87.57,41.05,31.19
2024-03-29,5256.59,16394.17,13.0,206.07,512.04,87.57,41.05,31.19
2024-04-01,5263.31,16438.29,12.99,204.13,511.15,85.94,40.83,31.0
2024-04-02,5265.55,16453.0,12.98,200.37,507.9,85.46,40.61,31.05
2024-04-03,5267.79,16467.71,12.97,201.69,508.45,85.44,40.6,30.93
2024-04-04,5270.03,16482.42,12.97,199.67,502.25,86.06,40.14,30.86
2024-04-05,5272.27,16497.12,12.96,200.33,507.49,84.86,40.52,30.95
2024-04-08,5279.0,16541.25,12.94,201.43,507.78,84.85,40.69,31.16
2024-04-09,5281.24,16555.96,12.94,202.22,508.37,85.64,40.46,31.33
2024-04-10,5283.48,16570.66,12.93,196.88,503.28,83.77,39.85,30.79
2024-04-11,5285.72,16585.37,12.92,198.22,507.07,83.39,39.57,30.73
2024-04-12,5287.96,16600.08,12.92,194.69,500.07,83.84,39.05,30.5
2024-04-15,5294.68,16644.2,12.9,191.84,493.81,82.54,38.85,30.22
2024-04-16,5296.92,16658.91,12.89,191.13,492.91,81.99,38.59,29.82
2024-04-17,5299.16,16673.62,12.89,189.11,489.99,82.9,38.68,30.44
2024-04-18,5301.4,16688.33,12.88,188.96,488.98,82.48,38.82,30.61
2024-04-19,5303.64,16703.04,12.87,189.25,484.72,82.78,39.36,31.08
2024-04-22,5310.36,16747.16,12.86,191.37,489.18,82.64,39.84,31.37
2024-04-23,5312.6,16761.87,12.85,194.57,494.98,82.67,40.09,31.51
2024-04-24,5314.84,16776.58,12.84,193.7,494.75,82.08,40.08,31.7
2024-04-25,5317.09,16791.29,12.84,192.52,492.87,81.51,39.84,31.79
2024-04-26,5319.33,16805.99,12.83,194.37,497.54,81.93,39.79,31.44
2024-04-29,5326.05,16850.12,12.81,195.93,499.3,82.62,39.73,31.87
2024-04-30,5328.29,16864.83,12.81,191.96,491.39,81.92,39.34,31.7
2024-05-01,5330.53,16879.53,12.8,192.36,489.8,82.52,39.34,32.07
2024-05-02,5332.77,16894.24,12.79,195.89,494.38,82.87,39.44,32.24
2024-05-03,5335.01,16908.95,12.79,197.83,500.51,83.71,39.52,32.5
2024-05-06,5341.73,16953.07,12.77,200.39,505.67,84.04,40.03,32.66
2024-05-07,5343.97,16967.78,12.76,200.84,506.23,84.55,40.17,33.03
2024-05-08,5346.21,16982.49,12.76,199.68,506.28,84.04,40.31,33.38
2024-05-09,5348.45,16997.2,12.75,201.71,509.2,84.45,40.61,33.89
2024-05-10,5350.69,17011.91,12.74,200.2,509.85,83.97,40.77,33.86
2024-05-13,5357.41,17056.03,12.72,200.62,509.92,84.19,40.61,33.86
2024-05-14,5359.66,17070.74,12.72,202.69,512.26,84.66,40.81,33.95
2024-05-15,5361.9,17085.45,12.71,205.22,518.61,85.82,41.11,34.46
2024-05-16,5364.14,17100.15,12.71,203.74,517.54,85.73,41.11,34.34
2024-05-17,5366.38,17114.86,12.7,203.89,518.28,85.16,41.41,34.36
2024-05-20,5373.1,17158.99,12.68,204.34,518.88,84.9,40.85,34.31
2024-05-21,5375.34,17173.69,12.68,204.14,520.15,85.34,41.11,34.62
2024-05-22,5377.58,17188.4,12.67,202.42,518.65,85.45,40.88,34.21
2024-05-23,5379.82,17203.11,12.66,199.1,514.87,84.9,40.31,33.63
2024-05-24,5382.06,17217.82,12.66,201.3,518.27,85.15,40.56,33.97
2024-05-27,5388.78,17261.94,12.64,201.3,518.27,85.15,40.56,33.97
2024-05-28,5391.02,17276.65,12.63,201.03,518.63,83.93,40.11,33.93
2024-05-29,5393.26,17291.36,12.63,198.06,515.0,82.91,39.79,33.5
2024-05-30,5395.5,17306.07,12.62,199.94,511.59,83.71,40.0,33.95
2024-05-31,5397.74,17320.77,12.61,201.63,516.25,84.28,40.59,34.55
2024-06-03,5404.47,17364.9,12.59,200.49,516.67,85.64,40.33,34.15
2024-06-04,5406.71,17379.61,12.59,197.9,517.24,86.64,40.15,34.14
2024-06-05,5408.95,17394.31,12.58,200.93,523.39,87.28,40.26,33.94
2024-06-06,5411.19,17409.02,12.58,199.49,523.38,87.15,40.24,33.59
2024-06-07,5413.43,17423.73,12.57,197.15,522.75,85.55,40.43,33.22
2024-06-10,5420.15,17467.86,12.55,197.82,524.36,84.98,40.27,33.65
2024-06-11,5422.39,17482.56,12.55,197.15,525.62,85.86,39.82,33.45
2024-06-12,5424.63,17497.27,12.54,200.18,529.94,86.5,39.78,33.23
2024-06-13,5426.87,17511.98,12.53,198.43,531.01,87.78,39.75,33.31
2024-06-14,5429.11,17526.69,12.53,195.27,531.33,88.51,39.62,33.22
2024-06-17,5435.83,17570.81,12.51,196.91,535.56,87.64,39.97,32.86
2024-06-18,5438.07,17585.52,12.5,197.26,536.92,88.44,40.22,32.87
2024-06-19,5440.32,17600.23,12.5,197.26,536.92,88.44,40.22,32.87
2024-06-20,5442.56,17614.94,12.49,196.42,535.46,87.85,40.44,33.16
2024-06-21,5444.8,17629.64,12.48,196.86,534.74,87.85,40.28,32.96
2024-06-24,5451.52,17673.77,12.46,197.72,533.01,88.21,40.7,33.4
2024-06-25,5453.76,17688.48,12.46,197.07,535.06,88.36,40.39,33.08
2024-06-26,5456.0,17703.18,12.45,196.55,535.73,87.09,40.14,32.94
2024-06-27,5458.24,17717.89,12.45,198.54,536.57,87.44,40.09,33.0
2024-06-28,5460.48,17732.6,12.44,199.36,534.46,85.81,40.23,32.63
2024-07-01,5470.12,17747.17,12.58,197.69,535.56,84.33,40.32,32.41
2024-07-02,5473.33,17752.03,12.62,198.37,539.16,84.99,40.79,32.57
2024-07-03,5476.54,17756.89,12.67,198.32,541.57,86.1,40.66,32.77
2024-07-04,5479.76,17761.74,12.71,198.32,541.57,86.1,40.66,32.77
2024-07-05,5482.97,17766.6,12.76,197.37,544.69,86.82,40.65,32.83
2024-07-08,5492.61,17781.17,12.9,198.76,545.32,87.0,40.54,32.86
2024-07-09,5495.82,17786.03,12.94,197.9,545.85,86.62,40.85,32.96
2024-07-10,5499.03,17790.89,12.99,199.83,551.25,86.89,41.01,33.27
2024-07-11,5502.25,17795.74,13.03,207.01,546.5,87.74,41.33,33.88
2024-07-12,5505.46,17800.6,13.08,209.43,549.95,88.11,41.47,34.12
2024-07-15,5515.1,17815.17,13.22,213.41,551.46,87.1,42.08,33.3
2024-07-16,5518.31,17820.03,13.26,220.69,554.73,88.33,42.56,33.55
2024-07-17,5521.52,17824.89,13.31,218.38,546.95,88.35,42.88,33.57
2024-07-18,5524.74,17829.74,13.35,214.16,542.75,87.67,42.36,33.55
2024-07-19,5527.95,17834.6,13.4,213.07,539.14,87.15,41.93,33.58
2024-07-22,5537.59,17849.17,13.54,216.46,544.7,86.9,42.17,33.87
2024-07-23,5540.8,17854.03,13.58,218.76,543.85,86.78,42.24,33.66
2024-07-24,5544.01,17858.89,13.63,214.06,531.52,85.84,41.67,34.03
2024-07-25,5547.22,17863.74,13.67,216.73,528.75,86.54,41.82,33.75
2024-07-26,5550.44,17868.6,13.72,220.32,534.68,87.22,42.48,34.08
2024-07-29,5560.08,17883.17,13.85,217.87,534.99,87.69,42.42,34.23
2024-07-30,5563.29,17888.03,13.9,218.7,532.28,88.03,42.91,34.41
2024-07-31,5566.5,17892.89,13.95,219.96,540.93,88.93,42.8,34.86
2024-08-01,5569.71,17897.74,13.99,212.81,533.27,89.69,42.19,35.48
2024-08-02,5572.93,17902.6,14.04,205.28,523.34,92.49,41.16,35.54
2024-08-05,5582.57,17917.17,14.17,198.68,508.1,92.98,39.96,34.6
2024-08-06,5585.78,17922.03,14.22,200.84,512.79,90.9,40.61,34.9
2024-08-07,5588.99,17926.89,14.27,198.47,509.36,90.26,40.66,35.09
2024-08-08,5592.2,17931.74,14.31,203.29,521.13,89.7,41.31,35.13
2024-08-09,5595.42,17936.6,14.36,202.87,523.43,90.59,41.49,35.25
2024-08-12,5605.05,17951.17,14.49,201.04,523.71,90.92,41.27,35.31
2024-08-13,5608.27,17956.03,14.54,204.35,532.32,91.55,41.62,35.52
2024-08-14,5611.48,17960.88,14.59,203.08,534.0,92.12,42.13,35.49
2024-08-15,5614.69,17965.74,14.63,208.35,543.15,91.38,42.52,35.49
2024-08-16,5617.91,17970.6,14.68,208.9,544.37,91.7,42.83,35.65
2024-08-19,5627.54,17985.17,14.81,211.46,549.57,92.12,43.07,35.88
2024-08-20,5630.76,17990.03,14.86,208.99,548.68,92.86,42.93,35.81
2024-08-21,5633.97,17994.88,14.9,211.71,550.57,92.91,42.86,36.06
2024-08-22,5637.18,17999.74,14.95,209.84,546.24,91.99,43.1,36.02
2024-08-23,5640.39,18004.6,15.0,216.55,552.05,92.59,43.48,36.12
2024-08-26,5650.03,18019.17,15.13,216.61,550.73,92.36,43.61,36.35
2024-08-27,5653.25,18024.03,15.18,214.93,551.49,92.2,43.84,36.06
2024-08-28,5656.46,18028.88,15.22,213.48,548.29,92.08,43.95,36.06
2024-08-29,5659.67,18033.74,15.27,215.0,548.34,91.78,44.34,36.26
2024-08-30,5662.88,18038.6,15.32,216.25,553.57,90.8,44.76,36.53
2024-09-02,5672.52,18053.17,15.45,216.25,553.57,90.8,44.76,36.53
2024-09-03,5675.74,18058.03,15.5,209.64,542.18,92.29,44.43,36.48
2024-09-04,5678.95,18062.88,15.54,209.28,541.07,93.48,44.47,36.79
2024-09-05,5682.16,18067.74,15.59,208.24,539.75,94.01,43.99,36.7
2024-09-06,5685.37,18072.6,15.63,204.28,530.67,94.0,43.34,36.35
2024-09-09,5695.01,18087.17,15.77,204.85,536.61,94.4,43.99,36.72
2024-09-10,5698.22,18092.03,15.82,204.69,538.95,95.07,43.54,36.89
2024-09-11,5701.44,18096.88,15.86,205.28,544.48,94.99,43.33,37.01
2024-09-12,5704.65,18101.74,15.91,207.93,549.06,94.55,43.43,37.09
2024-09-13,5707.86,18106.6,15.95,213.06,551.93,94.8,43.55,37.61
2024-09-16,5717.5,18121.17,16.09,213.82,552.75,95.67,44.12,37.9
2024-09-17,5720.71,18126.03,16.14,215.59,552.97,95.21,44.36,37.87
2024-09-18,5723.93,18130.88,16.18,215.63,551.33,94.03,44.22,37.58
2024-09-19,5727.14,18135.74,16.23,220.07,560.74,93.72,44.71,37.36
2024-09-20,5730.35,18140.6,16.27,217.71,559.77,93.36,44.68,38.35
2024-09-23,5739.99,18155.17,16.41,216.92,561.17,93.16,44.63,38.73
2024-09-24,5743.2,18160.03,16.46,217.28,562.77,93.14,44.25,38.45
2024-09-25,5746.42,18164.88,16.5,214.63,561.53,92.36,43.99,38.66
2024-09-26,5749.63,18169.74,16.55,215.78,563.76,92.58,44.21,38.39
2024-09-27,5752.84,18174.6,16.59,217.23,562.94,93.06,44.34,38.77
2024-09-30,5762.48,18189.17,16.73,217.79,565.2,92.62,44.51,38.95
2024-10-01,5768.17,18215.59,16.7,214.83,560.13,93.29,44.27,39.26
2024-10-02,5773.85,18242.01,16.68,214.53,560.37,92.5,44.32,39.28
2024-10-03,5779.54,18268.43,16.65,213.09,559.35,91.63,44.09,39.26
2024-10-04,5785.23,18294.85,16.62,216.07,564.43,90.5,44.83,39.2
2024-10-07,5802.29,18374.1,16.54,214.38,559.33,89.82,44.28,38.3
2024-10-08,5807.98,18400.52,16.51,214.52,564.62,89.97,44.54,38.32
2024-10-09,5813.67,18426.94,16.48,215.0,568.53,89.46,44.95,37.99
2024-10-10,5819.35,18453.36,16.46,213.8,567.53,89.11,44.81,37.88
2024-10-11,5825.04,18479.78,16.43,218.15,570.93,88.75,45.68,38.21
2024-10-14,5842.1,18559.03,16.35,219.76,575.6,88.82,45.96,38.69
2024-10-15,5847.79,18585.45,16.32,219.94,571.13,89.9,46.06,38.86
2024-10-16,5853.48,18611.87,16.29,223.55,573.61,90.28,46.63,39.64
2024-10-17,5859.17,18638.29,16.26,222.94,573.66,88.85,46.76,39.28
2024-10-18,5864.85,18664.71,16.24,222.48,575.87,88.91,46.77,39.51
2024-10-21,5881.91,18743.96,16.16,218.98,574.92,87.36,46.39,39.36
2024-10-22,5887.6,18770.38,16.13,218.15,574.62,87.44,46.31,39.22
2024-10-23,5893.29,18796.8,16.1,216.16,569.36,87.21,46.27,39.59
2024-10-24,5898.98,18823.22,16.07,216.63,570.6,87.77,46.31,39.34
2024-10-25,5904.66,18849.64,16.05,215.82,570.4,87.27,45.79,38.75
2024-10-28,5921.73,18928.9,15.96,219.33,572.16,87.04,46.36,39.06
2024-10-29,5927.41,18955.32,15.94,218.62,573.09,87.17,46.08,38.22
2024-10-30,5933.1,18981.73,15.91,218.33,571.35,87.43,46.29,38.13
2024-10-31,5938.79,19008.15,15.88,214.7,560.15,87.57,45.65,38.53
2024-11-01,5944.48,19034.57,15.85,215.9,562.52,86.33,45.8,37.67
2024-11-04,5961.54,19113.83,15.77,217.0,561.31,87.67,45.45,37.22
2024-11-05,5967.23,19140.25,15.74,221.08,568.09,88.14,45.87,37.78
2024-11-06,5972.91,19166.67,15.72,233.89,582.22,85.72,48.66,37.39
2024-11-07,5978.6,19193.08,15.69,233.06,586.72,86.8,47.88,37.46
2024-11-08,5984.29,19219.5,15.66,234.77,589.26,87.9,48.31,38.17
2024-11-11,6001.35,19298.76,15.58,238.3,589.83,87.47,49.0,38.28
2024-11-12,5998.96,19299.0,15.62,234.12,587.99,86.16,48.85,37.84
2024-11-13,5996.56,19299.24,15.65,231.81,588.28,85.34,48.88,37.77
2024-11-14,5994.17,19299.48,15.69,228.68,584.5,85.84,48.75,37.64
2024-11-15,5991.77,19299.72,15.72,225.27,577.01,85.61,48.98,38.21
2024-11-18,5984.59,19300.44,15.83,225.71,579.37,85.76,49.12,38.54
2024-11-19,5982.19,19300.68,15.86,227.39,581.49,86.2,48.8,38.79
2024-11-20,5979.8,19300.93,15.9,227.69,581.69,85.92,48.65,38.81
2024-11-21,5977.41,19301.17,15.93,231.15,584.81,85.86,49.27,39.48
2024-11-22,5975.01,19301.41,15.97,235.42,586.62,85.91,49.82,39.27
2024-11-25,5967.83,19302.13,16.08,238.99,588.61,88.13,50.15,39.34
2024-11-26,5965.43,19302.37,16.11,237.24,591.69,87.79,50.24,39.97
2024-11-27,5963.04,19302.61,16.15,237.57,589.89,88.4,50.34,39.97
2024-11-28,5960.65,19302.85,16.18,237.57,589.89,88.4,50.34,39.97
2024-11-29,5958.25,19303.09,16.22,238.47,593.56,89.31,50.42,39.98
2024-12-02,5951.07,19303.81,16.32,238.35,594.62,89.52,49.92,39.12
2024-12-03,5948.67,19304.05,16.36,236.66,594.9,88.75,49.55,38.79
2024-12-04,5946.28,19304.29,16.39,237.51,598.59,89.7,49.36,38.78
2024-12-05,5943.88,19304.53,16.43,234.74,597.61,89.88,49.51,38.9
2024-12-06,5941.49,19304.78,16.46,235.57,598.74,90.02,49.5,38.42
2024-12-09,5934.31,19305.5,16.57,234.39,595.66,89.19,48.82,37.94
2024-12-10,5931.91,19305.74,16.61,233.37,593.8,88.77,48.81,37.66
2024-12-11,5929.52,19305.98,16.64,234.43,598.4,87.93,48.91,37.43
2024-12-12,5927.12,19306.22,16.68,231.38,595.31,86.86,48.69,37.41
2024-12-13,5924.73,19306.46,16.71,229.8,595.19,85.97,48.65,37.43
2024-12-16,5917.55,19307.18,16.82,231.15,597.74,86.23,48.56,37.13
2024-12-17,5915.15,19307.42,16.85,228.5,595.27,86.44,48.22,36.98
2024-12-18,5912.76,19307.66,16.89,218.38,577.53,85.36,46.78,36.11
2024-12-19,5910.36,19307.9,16.93,217.41,577.35,84.07,46.94,36.27
2024-12-20,5907.97,19308.14,16.96,219.45,584.29,84.55,47.64,36.85
2024-12-23,5900.79,19308.87,17.07,218.95,587.79,83.77,47.76,36.97
2024-12-24,5898.39,19309.11,17.1,220.91,594.32,84.13,48.32,37.18
2024-12-25,5896.0,19309.35,17.14,220.91,594.32,84.13,48.32,37.18
2024-12-26,5893.6,19309.59,17.17,223.17,594.36,84.08,48.44,37.09
2024-12-27,5891.21,19309.83,17.21,219.92,588.1,83.39,48.08,36.98
2024-12-30,5884.02,19310.55,17.31,218.23,581.39,84.06,47.62,36.83
2024-12-31,5881.63,19310.79,17.35,218.5,579.28,83.61,47.67,36.79
2025-01-01,5885.11,19318.43,17.27,218.5,579.28,83.61,47.67,36.79
2025-01-02,5888.59,19326.06,17.2,218.68,577.85,83.84,47.55,37.08
2025-01-03,5892.08,19333.7,17.12,221.93,585.08,83.57,47.92,37.47
2025-01-06,5902.52,19356.61,16.89,222.02,588.45,83.2,47.78,37.05
2025-01-07,5906.0,19364.25,16.81,220.24,581.8,82.26,47.67,36.96
2025-01-08,5909.49,19371.89,16.73,219.24,582.65,82.36,47.82,36.95
2025-01-09,5912.97,19379.52,16.66,219.24,582.65,82.36,47.82,36.95
2025-01-10,5916.45,19387.16,16.58,214.42,573.75,81.82,46.67,36.74
2025-01-13,5926.89,19410.07,16.35,214.83,574.64,81.79,47.01,36.31
2025-01-14,5930.38,19417.71,16.27,217.28,575.43,81.66,47.59,36.79
2025-01-15,5933.86,19425.34,16.2,221.55,585.9,83.06,48.8,37.33
2025-01-16,5937.34,19432.98,16.12,221.99,584.77,83.33,49.13,38.27
2025-01-17,5932.94,19404.15,16.2,222.95,590.64,83.47,49.54,38.33
2025-01-20,5919.75,19317.65,16.45,222.95,590.64,83.47,49.54,38.33
2025-01-21,5915.35,19288.81,16.54,227.23,596.05,84.22,49.95,38.91
2025-01-22,5910.95,19259.98,16.62,225.75,599.4,83.78,49.72,38.07
2025-01-23,5906.55,19231.14,16.7,226.78,602.67,83.13,50.0,38.25
2025-01-24,5902.15,19202.31,16.79,226.15,600.91,83.5,50.15,38.64
2025-01-27,5888.96,19115.81,17.04,223.98,592.41,84.49,50.7,37.75
2025-01-28,5884.56,19086.98,17.12,224.23,597.5,84.43,50.62,37.23
2025-01-29,5880.16,19058.14,17.2,223.71,594.82,84.26,50.58,37.3
2025-01-30,5875.76,19029.31,17.29,225.99,598.02,84.58,51.06,38.08
2025-01-31,5871.36,19000.48,17.37,223.96,594.83,84.02,50.76,37.86
2025-02-03,5858.17,18913.97,17.62,221.34,590.83,84.7,50.56,38.06
2025-02-04,5853.77,18885.14,17.7,224.41,594.8,84.96,50.44,37.73
2025-02-05,5849.37,18856.31,17.78,226.85,597.21,86.37,50.97,38.11
2025-02-06,5844.97,18827.47,17.87,226.11,599.28,86.33,51.39,38.06
2025-02-07,5840.57,18798.64,17.95,223.49,593.8,85.77,51.11,37.98
2025-02-10,5827.38,18712.14,18.2,224.5,597.83,85.51,50.7,38.4
2025-02-11,5822.98,18683.31,18.28,223.19,598.28,84.96,50.83,38.59
2025-02-12,5818.58,18654.47,18.37,221.13,596.36,83.81,50.65,38.52
2025-02-13,5814.18,18625.64,18.45,223.63,602.65,85.2,50.99,38.61
2025-02-14,5809.78,18596.8,18.53,223.46,602.62,85.66,51.09,38.45
2025-02-17,5796.59,18510.3,18.78,223.46,602.62,85.66,51.09,38.45
2025-02-18,5792.19,18481.47,18.87,224.68,604.39,84.65,51.45,38.81
2025-02-19,5787.79,18452.64,18.95,223.91,605.82,84.75,51.47,39.02
2025-02-20,5783.39,18423.8,19.03,221.77,603.3,85.07,50.68,39.01
2025-02-21,5778.99,18394.97,19.12,215.38,592.98,86.1,50.05,39.02
2025-02-24,5765.8,18308.47,19.37,213.83,590.28,86.35,50.27,38.83
2025-02-25,5761.4,18279.63,19.45,213.01,587.34,87.84,50.26,38.63
2025-02-26,5757.0,18250.8,19.53,213.28,587.64,88.36,50.15,38.79
2025-02-27,5752.6,18221.97,19.62,210.03,578.26,87.73,50.43,37.93
2025-02-28,5748.2,18193.13,19.7,212.26,587.28,88.81,51.46,38.51
2025-03-03,5735.01,18106.63,19.95,206.46,576.99,89.22,51.03,38.56
2025-03-04,5730.61,18077.8,20.03,204.12,570.16,88.12,49.23,37.94
2025-03-05,5726.21,18048.96,20.12,206.15,576.29,87.42,49.52,37.67
2025-03-06,5721.81,18020.13,20.2,203.0,566.06,87.13,48.7,36.89
2025-03-07,5717.41,17991.3,20.28,203.66,569.24,86.85,48.45,37.57
2025-03-10,5704.22,17904.8,20.53,198.54,554.07,87.76,47.36,37.98
2025-03-11,5699.82,17875.96,20.62,198.52,549.47,87.13,46.96,37.63
2025-03-12,5695.42,17847.13,20.7,198.86,552.38,86.61,47.03,37.51
2025-03-13,5691.02,17818.3,20.78,195.9,545.02,87.37,46.77,37.61
2025-03-14,5686.62,17789.46,20.86,200.63,556.28,86.91,47.85,38.34
2025-03-17,5673.43,17702.96,21.11,203.17,560.57,87.34,48.42,38.5
2025-03-18,5669.03,17674.13,21.2,201.4,554.51,87.43,48.36,38.23
2025-03-19,5664.63,17645.29,21.28,204.53,560.55,87.88,48.89,38.37
2025-03-20,5660.23,17616.46,21.36,203.23,558.93,87.94,48.96,38.53
2025-03-21,5655.84,17587.63,21.45,201.98,559.11,87.42,48.78,38.28
2025-03-24,5642.64,17501.13,21.7,207.0,569.12,86.52,49.64,38.27
2025-03-25,5638.24,17472.29,21.78,205.85,570.49,86.51,49.92,37.66
2025-03-26,5633.84,17443.46,21.86,203.76,563.68,85.94,49.77,37.91
2025-03-27,5629.44,17414.62,21.95,202.79,562.18,85.69,49.67,37.9
2025-03-28,5625.05,17385.79,22.03,198.67,550.86,86.88,48.71,38.18
2025-03-31,5611.85,17299.29,22.28,197.71,554.56,87.74,49.3,38.6
2025-04-01,5615.54,17322.42,22.2,197.73,556.13,88.5,49.25,38.7
2025-04-02,5619.23,17345.55,22.12,200.86,559.65,88.44,49.65,38.88
2025-04-03,5622.92,17368.67,22.04,187.96,532.07,88.85,47.21,38.64
2025-04-04,5626.61,17391.8,21.96,179.58,500.92,89.81,43.75,36.49
2025-04-07,5637.68,17461.19,21.73,177.95,500.03,87.1,43.64,35.93
2025-04-08,5641.37,17484.32,21.65,173.26,492.19,85.46,43.47,35.78
2025-04-09,5645.06,17507.44,21.57,187.99,543.88,85.96,46.75,37.19
2025-04-10,5648.75,17530.57,21.49,180.09,520.05,83.59,45.44,36.91
2025-04-11,5652.44,17553.7,21.41,182.72,529.33,84.05,46.2,37.36
2025-04-14,5663.51,17623.08,21.17,184.87,534.47,84.65,46.67,38.03
2025-04-15,5667.2,17646.21,21.09,185.1,532.97,84.95,46.79,38.03
2025-04-16,5670.89,17669.34,21.01,183.32,521.12,85.42,46.06,37.69
2025-04-17,5674.58,17692.47,20.93,184.82,521.87,84.67,46.18,38.07
2025-04-18,5678.27,17715.6,20.85,184.82,521.87,84.67,46.18,38.07
2025-04-21,5689.34,17784.98,20.62,181.11,509.44,83.19,45.19,37.17
2025-04-22,5693.03,17808.11,20.54,185.8,522.7,83.65,46.68,38.19
2025-04-23,5696.72,17831.24,20.46,188.56,530.8,84.46,47.24,38.35
2025-04-24,5700.41,17854.37,20.38,192.33,541.97,85.35,47.76,38.41
2025-04-25,5704.1,17877.49,20.3,192.39,545.89,85.98,47.53,38.29
2025-04-28,5715.17,17946.88,20.06,193.2,546.09,86.52,47.68,38.52
2025-04-29,5718.86,17970.01,19.98,194.34,549.53,87.25,48.18,38.82
2025-04-30,5722.55,17993.13,19.9,193.13,549.75,86.54,48.27,38.63
2025-05-01,5726.24,18016.26,19.82,194.32,553.65,86.11,48.26,38.74
2025-05-02,5729.93,18039.39,19.74,198.7,561.87,85.17,49.26,39.04
2025-05-05,5741.0,18108.77,19.51,197.17,558.64,84.7,48.94,38.94
2025-05-06,5744.69,18131.9,19.43,195.02,553.98,84.98,48.66,39.42
2025-05-07,5748.38,18155.03,19.35,195.66,556.31,85.34,48.95,39.53
2025-05-08,5752.07,18178.16,19.27,199.39,560.18,84.39,49.35,39.21
2025-05-09,5755.76,18201.29,19.19,199.02,559.47,84.51,49.35,39.28
2025-05-12,5766.83,18270.67,18.95,206.02,577.96,83.73,50.35,39.05
2025-05-13,5770.52,18293.8,18.87,206.77,581.77,83.39,50.56,38.99
2025-05-14,5774.21,18316.93,18.79,204.94,582.52,82.83,50.42,38.82
2025-05-15,5777.9,18340.06,18.71,206.28,585.36,83.56,50.76,39.65
2025-05-16,5781.6,18363.18,18.64,207.98,589.07,83.78,51.07,40.23
2025-05-19,5792.67,18432.57,18.4,207.11,589.71,83.54,51.1,40.4
2025-05-20,5796.36,18455.7,18.32,207.22,587.73,82.94,50.82,40.52
2025-05-21,5800.05,18478.82,18.24,201.4,577.83,81.52,49.78,39.78
2025-05-22,5803.74,18501.95,18.16,201.39,578.06,81.95,49.72,39.21
2025-05-23,5807.43,18525.08,18.08,200.76,574.11,82.09,49.54,39.68
2025-05-26,5818.5,18594.47,17.84,200.76,574.11,82.09,49.54,39.68
2025-05-27,5822.19,18617.59,17.76,205.85,586.05,83.23,50.41,39.98
2025-05-28,5825.88,18640.72,17.68,203.68,582.66,82.87,50.08,39.42
2025-05-29,5829.57,18663.85,17.61,204.29,584.96,83.64,50.33,39.7
2025-05-30,5833.26,18686.98,17.53,203.24,584.3,83.77,50.44,40.11
2025-06-02,5844.33,18756.36,17.29,203.88,587.59,82.99,50.46,40.23
2025-06-03,5848.02,18779.49,17.21,207.17,590.94,82.84,50.56,40.34
2025-06-04,5851.71,18802.62,17.13,206.58,590.79,84.18,50.27,39.64
2025-06-05,5855.4,18825.75,17.05,206.67,587.93,84.24,50.14,39.57
2025-06-06,5859.09,18848.87,16.97,210.01,593.97,83.17,50.76,39.75
2025-06-09,5870.16,18918.26,16.73,211.46,594.5,83.26,50.48,39.49
2025-06-10,5873.85,18941.39,16.65,212.6,597.87,83.69,50.54,39.59
2025-06-11,5877.54,18964.52,16.58,211.73,596.17,83.94,50.48,39.61
2025-06-12,5881.23,18987.64,16.5,210.89,598.54,84.94,50.48,40.09
2025-06-13,5884.92,19010.77,16.42,207.03,591.85,84.13,49.45,39.86
2025-06-16,5895.99,19080.16,16.18,209.47,597.48,83.28,50.02,39.66
2025-06-17,5899.68,19103.28,16.1,207.27,592.37,84.29,49.73,39.34
2025-06-18,5903.37,19126.41,16.02,208.36,592.28,84.44,49.71,39.44
2025-06-19,5907.06,19149.54,15.94,208.36,592.28,84.44,49.71,39.44
2025-06-20,5910.75,19172.67,15.86,207.92,590.89,84.28,49.85,39.55
2025-06-23,5921.82,19242.05,15.62,210.47,596.73,84.55,50.48,40.05
2025-06-24,5925.51,19265.18,15.55,213.15,603.32,85.17,51.23,40.22
2025-06-25,5929.2,19288.31,15.47,210.66,603.66,85.28,51.06,39.68
2025-06-26,5932.89,19311.44,15.39,214.08,608.38,85.7,51.44,40.01
2025-06-27,5936.58,19334.57,15.31,214.15,611.4,85.16,51.59,40.09
2025-06-30,5947.65,19403.95,15.07,214.46,614.33,86.0,52.02,40.26
2025-07-01,5945.64,19390.75,15.1,216.67,614.13,86.21,52.3,40.39
2025-07-02,5943.62,19377.54,15.12,219.67,616.91,85.66,52.26,40.04
2025-07-03,5941.61,19364.34,15.15,221.71,621.77,85.07,52.83,40.34
2025-07-04,5939.6,19351.13,15.17,221.71,621.77,85.07,52.83,40.34
2025-07-07,5933.56,19311.52,15.25,218.38,617.14,84.25,52.32,40.43
2025-07-08,5931.55,19298.32,15.27,219.89,616.8,84.15,51.86,40.0
2025-07-09,5929.54,19285.11,15.3,222.27,620.5,85.03,52.05,40.37
2025-07-10,5927.52,19271.91,15.32,223.41,622.25,85.09,52.35,40.7
2025-07-11,5925.51,19258.7,15.35,220.33,620.06,83.91,51.81,40.64
2025-07-14,5919.47,19219.09,15.43,221.81,621.25,83.74,52.2,40.81
2025-07-15,5917.46,19205.89,15.45,217.47,618.59,83.15,51.3,40.42
2025-07-16,5915.45,19192.68,15.48,219.66,620.66,83.27,51.66,40.44
2025-07-17,5913.43,19179.48,15.5,222.54,624.46,83.25,52.16,40.61
2025-07-18,5911.42,19166.28,15.53,220.96,624.0,83.37,52.19,41.29
2025-07-21,5905.38,19126.66,15.6,220.07,625.18,84.12,52.04,41.42
2025-07-22,5903.37,19113.46,15.63,221.89,625.27,84.63,52.32,41.93
2025-07-23,5901.36,19100.26,15.66,225.28,630.59,84.16,52.74,41.61
2025-07-24,5899.34,19087.05,15.68,222.17,630.8,84.01,52.71,41.56
2025-07-25,5897.33,19073.85,15.71,223.0,633.47,84.54,53.08,41.67
2025-07-28,5891.29,19034.23,15.78,222.74,633.31,83.99,52.71,41.22
2025-07-29,5889.28,19021.03,15.81,221.32,631.64,85.41,52.44,41.69
2025-07-30,5887.27,19007.83,15.83,220.19,630.84,84.97,52.34,42.01
2025-07-31,5885.26,18994.62,15.86,218.04,628.48,85.02,52.02,42.23
2025-08-01,5883.24,18981.42,15.88,213.6,618.17,86.23,51.05,42.3
2025-08-04,5877.2,18941.81,15.96,218.38,627.57,86.46,51.56,43.05
2025-08-05,5875.19,18928.6,15.99,219.49,624.39,86.73,51.35,42.59
2025-08-06,5873.18,18915.4,16.01,219.2,629.17,86.23,51.6,42.21
2025-08-07,5871.17,18902.19,16.04,218.49,628.64,86.08,51.02,42.67
2025-08-08,5869.15,18888.99,16.06,218.96,633.55,85.71,51.5,42.48
2025-08-11,5863.12,18849.38,16.14,218.91,632.29,85.8,51.48,42.35
2025-08-12,5861.1,18836.17,16.16,225.41,639.02,85.37,52.11,42.53
2025-08-13,5859.09,18822.97,16.19,229.8,641.21,86.08,52.4,42.63
2025-08-14,5857.08,18809.76,16.21,226.83,641.27,85.44,52.65,42.33
2025-08-15,5855.06,18796.56,16.24,225.73,639.77,84.83,52.11,42.21
2025-08-18,5849.03,18756.95,16.32,226.56,639.63,84.59,52.15,42.03
2025-08-19,5847.01,18743.74,16.34,224.82,636.16,85.08,52.24,42.43
2025-08-20,5845.0,18730.54,16.37,224.02,634.47,85.26,52.51,42.48
2025-08-21,5842.99,18717.34,16.39,224.58,631.93,84.84,52.34,42.19
2025-08-22,5840.98,18704.13,16.42,233.38,641.63,85.47,53.21,42.41
2025-08-25,5834.94,18664.52,16.49,230.93,638.81,85.22,52.9,41.94
2025-08-26,5832.93,18651.31,16.52,232.84,641.48,85.17,53.31,42.03
2025-08-27,5830.91,18638.11,16.55,234.49,642.94,85.08,53.42,42.04
2025-08-28,5828.9,18624.91,16.57,234.76,645.22,85.64,53.49,41.72
2025-08-29,5826.89,18611.7,16.6,233.72,641.37,85.03,53.63,41.57
2025-09-01,5820.85,18572.09,16.67,233.72,641.37,85.03,53.63,41.57
2025-09-02,5818.84,18558.89,16.7,232.46,636.62,84.39,53.23,41.43
2025-09-03,5816.82,18545.68,16.72,232.23,640.07,85.32,53.14,41.33
2025-09-04,5814.81,18532.48,16.75,235.13,645.42,85.97,53.69,41.28
2025-09-05,5812.8,18519.27,16.77,236.31,643.55,87.28,52.71,41.15
2025-09-08,5806.76,18479.66,16.85,236.78,645.13,88.45,52.75,40.73
2025-09-09,5804.75,18466.46,16.88,235.39,646.62,87.94,52.98,41.01
2025-09-10,5802.73,18453.25,16.9,234.97,648.49,88.45,52.8,41.71
2025-09-11,5800.72,18440.05,16.93,239.32,653.88,89.04,53.67,41.94
2025-09-12,5798.71,18426.84,16.95,236.87,653.66,88.65,53.44,42.15
2025-09-15,5792.67,18387.23,17.03,237.88,657.14,88.86,53.32,42.25
2025-09-16,5790.66,18374.03,17.05,237.48,656.24,89.05,53.2,41.48
2025-09-17,5788.65,18360.82,17.08,238.09,655.42,88.82,53.71,41.58
2025-09-18,5786.63,18347.62,17.1,244.02,658.48,87.9,53.76,41.61
2025-09-19,5784.62,18334.42,17.13,242.17,661.74,87.74,53.88,41.88
2025-09-22,5778.58,18294.8,17.21,243.57,664.88,87.42,53.81,42.28
2025-09-23,5776.57,18281.6,17.23,243.03,661.26,88.03,53.57,42.5
2025-09-24,5774.56,18268.39,17.26,240.79,659.15,87.7,53.42,42.8
2025-09-25,5772.54,18255.19,17.28,238.49,656.11,87.7,53.28,42.39
2025-09-26,5770.53,18241.99,17.31,240.53,659.87,87.62,53.67,43.08
2025-09-29,5764.49,18202.37,17.38,240.81,661.72,88.34,53.94,43.21
2025-09-30,5762.48,18189.17,17.41,241.15,664.22,88.08,53.68,43.28
2025-10-01,5770.04,18204.37,17.38,241.68,666.48,88.31,53.2,43.7
2025-10-02,5777.6,18219.57,17.36,243.2,667.25,88.57,53.16,43.62
2025-10-03,5785.16,18234.76,17.33,245.01,667.24,88.4,53.53,44.12
2025-10-06,5807.85,18280.36,17.25,245.99,669.63,87.7,53.51,44.55
2025-10-07,5815.41,18295.55,17.22,243.34,667.15,88.2,53.58,44.75
2025-10-08,5822.97,18310.75,17.19,245.9,671.13,88.27,53.32,45.06
2025-10-09,5830.53,18325.95,17.16,244.31,669.18,88.2,53.13,44.95
2025-10-10,5838.09,18341.15,17.14,237.0,651.1,89.62,51.98,44.76
2025-10-13,5860.78,18386.74,17.05,243.59,661.09,89.57,52.48,45.11
2025-10-14,5868.34,18401.94,17.03,247.07,660.28,89.86,53.05,45.51
2025-10-15,5875.9,18417.13,17.0,249.49,663.21,89.66,53.05,46.1
2025-10-16,5883.46,18432.33,16.97,244.24,658.69,90.34,51.58,45.6
2025-10-17,5891.02,18447.53,16.94,242.6,662.43,90.2,52.0,45.44
2025-10-20,5913.71,18493.12,16.86,247.33,669.32,90.54,52.61,45.43
2025-10-21,5921.27,18508.32,16.83,246.16,669.31,90.99,52.55,44.97
2025-10-22,5928.83,18523.52,16.81,242.53,665.83,91.05,52.25,44.86
2025-10-23,5936.39,18538.71,16.78,245.6,669.78,90.42,52.36,44.83
2025-10-24,5943.95,18553.91,16.75,248.6,675.25,90.46,52.93,45.36
2025-10-27,5966.64,18599.51,16.67,249.46,683.22,90.77,53.14,45.48
2025-10-28,5974.2,18614.7,16.64,248.13,685.04,91.01,52.81,44.73
2025-10-29,5981.76,18629.9,16.62,246.01,685.36,90.09,51.91,44.72
2025-10-30,5989.32,18645.1,16.59,244.03,677.83,89.56,52.05,44.53
2025-10-31,5996.88,18660.3,16.56,245.41,680.05,89.3,52.19,44.22
2025-11-03,6019.56,18705.89,16.48,244.62,681.33,89.07,51.97,44.24
2025-11-04,6027.13,18721.09,16.45,240.39,673.25,89.27,52.24,44.08
2025-11-05,6034.69,18736.28,16.42,243.86,675.58,88.3,52.42,44.09
2025-11-06,6042.25,18751.48,16.4,239.55,668.34,89.09,52.23,43.9
2025-11-07,6049.81,18766.68,16.37,240.8,668.99,88.91,52.6,44.51
2025-11-10,6072.49,18812.27,16.29,243.21,679.43,88.89,52.79,44.5
2025-11-11,6080.05,18827.47,16.26,243.42,680.99,89.29,53.02,44.52
2025-11-12,6087.62,18842.67,16.23,242.83,681.37,89.45,53.48,44.63
2025-11-13,6095.18,18857.86,16.2,236.0,670.06,88.72,52.8,44.01
2025-11-14,6102.74,18873.06,16.18,236.69,669.95,88.21,52.27,44.05
2025-11-17,6125.42,18918.66,16.1,231.98,663.71,88.43,51.27,44.45
2025-11-18,6132.98,18933.85,16.07,232.69,658.14,88.4,51.19,44.28
2025-11-19,6140.55,18949.05,16.04,232.65,660.68,88.22,51.38,43.91
2025-11-20,6148.11,18964.25,16.01,228.34,650.61,88.57,50.93,43.68
2025-11-21,6155.67,18979.45,15.99,234.81,657.09,88.84,51.49,43.75
2025-11-24,6178.35,19025.04,15.9,239.1,666.76,89.34,51.71,44.24
2025-11-25,6185.91,19040.24,15.88,244.31,673.03,89.57,52.36,44.07
2025-11-26,6193.47,19055.43,15.85,246.47,677.68,89.97,52.77,44.66
2025-11-27,6201.04,19070.63,15.82,246.47,677.68,89.97,52.77,44.66
2025-11-28,6208.6,19085.83,15.79,247.92,681.38,89.54,53.14,44.98
2025-12-01,6231.28,19131.42,15.71,244.8,678.27,88.43,52.71,43.93
2025-12-02,6238.84,19146.62,15.68,244.35,679.52,88.47,52.66,43.61
2025-12-03,6246.4,19161.82,15.66,248.8,681.88,88.71,53.36,43.47
2025-12-04,6253.96,19177.01,15.63,250.98,682.37,88.24,53.47,43.38
2025-12-05,6261.53,19192.21,15.6,249.93,683.67,87.83,53.49,42.98
2025-12-08,6284.21,19237.81,15.52,250.03,681.62,87.54,53.29,42.4
2025-12-09,6291.77,19253.0,15.49,250.55,681.03,87.63,53.09,42.43
2025-12-10,6299.33,19268.2,15.47,253.96,685.54,87.97,53.7,42.41
2025-12-11,6306.89,19283.4,15.44,256.94,687.14,87.85,54.68,42.72
2025-12-12,6314.46,19298.6,15.41,253.0,679.75,87.0,54.76,42.51
2025-12-15,6337.14,19344.19,15.33,251.09,678.72,87.06,54.8,42.9
2025-12-16,6344.7,19359.39,15.3,249.9,676.87,87.54,54.45,42.72
2025-12-17,6352.26,19374.58,15.27,247.24,669.42,87.46,54.44,42.44
2025-12-18,6359.82,19389.78,15.25,248.71,674.48,87.88,54.35,42.86
2025-12-19,6367.38,19404.98,15.22,250.79,680.59,87.55,54.65,42.31
2025-12-22,6390.07,19450.57,15.14,253.58,684.83,87.36,55.32,42.47
2025-12-23,6397.63,19465.77,15.11,252.08,687.96,87.5,55.43,42.62
2025-12-24,6405.19,19480.97,15.08,252.71,690.38,88.03,55.73,42.81
2025-12-25,6412.75,19496.16,15.05,252.71,690.38,88.03,55.73,42.81
2025-12-26,6420.31,19511.36,15.03,251.42,690.31,87.74,55.62,42.78
2025-12-29,6443.0,19556.95,14.94,249.88,687.85,88.07,55.32,42.86
2025-12-30,6450.56,19572.15,14.92,248.03,687.01,87.86,55.18,42.96
2025-12-31,6458.12,19587.35,14.89,246.16,681.92,87.16,54.77,42.69
2026-01-01,6436.78,19595.39,14.9,246.16,681.92,87.16,54.77,42.69
2026-01-02,6415.43,19603.43,14.91,248.78,683.17,87.03,54.93,43.18
2026-01-05,6351.4,19627.54,14.93,252.73,687.72,87.46,56.13,42.7
2026-01-06,6330.05,19635.58,14.94,256.08,691.81,87.28,56.4,42.91
2026-01-07,6308.71,19643.61,14.95,255.48,689.58,87.79,55.61,41.87
2026-01-08,6287.36,19651.65,14.95,258.27,689.51,87.35,55.9,41.99
2026-01-09,6266.02,19659.69,14.96,260.23,694.07,87.93,55.73,42.51
2026-01-12,6201.98,19683.8,14.99,261.5,695.16,87.67,55.29,42.58
2026-01-13,6180.64,19691.84,15.0,261.35,693.77,87.82,54.23,42.85
2026-01-14,6159.29,19699.88,15.0,263.19,690.36,88.33,54.15,43.17
2026-01-15,6137.95,19707.91,15.01,265.51,692.24,88.31,54.37,43.61
2026-01-16,6116.6,19715.95,15.02,265.76,691.66,87.8,54.44,43.39
2026-01-19,6052.57,19740.06,15.04,265.76,691.66,87.8,54.44,43.39
2026-01-20,6031.22,19748.1,15.05,262.58,677.58,86.65,53.2,42.96
2026-01-21,6009.88,19756.14,15.06,267.79,685.4,87.31,53.46,43.02
2026-01-22,6049.24,19824.93,15.94,269.79,688.98,87.69,53.81,42.71
2026-01-23,6118.71,19903.48,15.48,264.96,688.98,87.68,52.94,42.4
