date,btc_close,eth_close,sol_close,usdc_close,usdt_close
2022-05-01,38469.09375,2827.756103515625,89.6715087890625,1.0003809928894043,1.0001130104064941
2022-05-02,38529.328125,2857.410400390625,87.58101654052734,1.000059962272644,0.9999549984931946
2022-05-03,37750.453125,2783.476318359375,85.84237670898438,1.0001189708709717,1.0000449419021606
2022-05-04,39698.37109375,2940.644775390625,92.7708511352539,1.0000770092010498,1.0000380277633667
2022-05-05,36575.140625,2749.213134765625,84.59602355957031,0.9999579787254333,0.9999880194664001
2022-05-06,36040.921875,2694.979736328125,81.76410675048828,1.0000720024108887,0.9999819993972778
2022-05-07,35501.953125,2636.093017578125,78.9834213256836,0.9999060034751892,0.9999210238456726
2022-05-08,34059.265625,2517.4599609375,75.22018432617188,1.000087022781372,0.9998540282249451
2022-05-09,30296.953125,2245.430419921875,63.2696533203125,0.9995949864387512,0.999908983707428
2022-05-10,31022.90625,2343.510986328125,66.76615142822266,0.9998279809951782,0.9997910261154175
2022-05-11,28936.35546875,2072.108642578125,50.21084976196289,1.0007660388946533,0.9958720207214355
2022-05-12,29047.751953125,1961.7015380859375,44.683589935302734,1.0006589889526367,0.99760901927948
2022-05-13,29283.103515625,2014.418212890625,48.59355163574219,1.0003470182418823,0.9982389807701111
2022-05-14,30101.265625,2056.27392578125,52.4172248840332,1.0003809928894043,0.9987800121307373
2022-05-15,31305.11328125,2145.706787109375,58.81126022338867,1.0001829862594604,0.9990689754486084
2022-05-16,29862.91796875,2022.7259521484375,53.646461486816406,1.0005810260772705,0.9987789988517761
2022-05-17,30425.857421875,2090.4091796875,57.12562561035156,1.0002189874649048,0.9989089965820312
2022-05-18,28720.271484375,1916.6561279296875,49.75621032714844,0.999770998954773,0.9988020062446594
2022-05-19,30314.333984375,2018.336181640625,52.2139778137207,1.0002690553665161,0.9989709854125977
2022-05-20,29200.740234375,1961.315673828125,49.538509368896484,0.9999070167541504,0.9988179802894592
2022-05-21,29432.2265625,1974.518310546875,50.3179817199707,1.0002659559249878,0.9987930059432983
2022-05-22,30323.72265625,2043.170166015625,52.75518035888672,1.0000920295715332,0.9990659952163696
2022-05-23,29098.91015625,1972.181884765625,49.05685043334961,1.0001410245895386,0.9990879893302917
2022-05-24,29655.5859375,1978.9827880859375,49.65333557128906,1.0001790523529053,0.9991070032119751
2022-05-25,29562.361328125,1944.827880859375,47.982425689697266,0.9998210072517395,0.9989759922027588
2022-05-26,29267.224609375,1803.913330078125,43.4912109375,0.9999300241470337,0.9989070296287537
2022-05-27,28627.57421875,1724.9228515625,40.981346130371094,1.0004030466079712,0.9988629817962646
2022-05-28,28814.900390625,1757.9417724609375,44.343162536621094,1.0001499652862549,0.9990019798278809
2022-05-29,29445.95703125,1812.031005859375,44.90961456298828,1.0005860328674316,0.9991779923439026
2022-05-30,31726.390625,1996.4412841796875,47.179443359375,1.0000989437103271,0.9993759989738464
2022-05-31,31792.310546875,1942.3280029296875,45.76784133911133,1.0002100467681885,0.9993879795074463
2022-06-01,29799.080078125,1823.5693359375,40.26966857910156,1.0001300573349,0.9992600083351135
2022-06-02,30467.48828125,1834.1505126953125,40.8913459777832,1.000223994255066,0.9993169903755188
2022-06-03,29704.390625,1775.07861328125,38.259220123291016,1.000143051147461,0.9991700053215027
2022-06-04,29832.9140625,1801.6094970703125,38.93144607543945,1.0002429485321045,0.9993129968643188
2022-06-05,29906.662109375,1805.2049560546875,38.480533599853516,1.0001440048217773,0.9992960095405579
2022-06-06,31370.671875,1859.2896728515625,42.43313217163086,1.000082015991211,0.9993109703063965
2022-06-07,31155.478515625,1814.04833984375,39.43757247924805,1.0001029968261719,0.9994140267372131
2022-06-08,30214.35546875,1793.572265625,38.84336853027344,1.0002180337905884,0.9992619752883911
2022-06-09,30111.998046875,1789.8260498046875,39.97260665893555,1.0002440214157104,0.99931401014328
2022-06-10,29083.8046875,1665.042236328125,37.08976745605469,1.0000629425048828,0.999180018901825
2022-06-11,28360.810546875,1529.6634521484375,33.82111740112305,1.0000900030136108,0.9990249872207642
2022-06-12,26762.6484375,1445.216552734375,30.743270874023438,1.0000489950180054,0.9990800023078918
2022-06-13,22487.388671875,1204.582763671875,28.19236183166504,1.0004340410232544,0.9985939860343933
2022-06-14,22206.79296875,1211.662841796875,29.714618682861328,1.0007280111312866,0.9989539980888367
2022-06-15,22572.83984375,1233.2064208984375,34.48794174194336,1.000704050064087,0.9989420175552368
2022-06-16,20381.650390625,1067.730712890625,29.989742279052734,1.0003679990768433,0.9989299774169922
2022-06-17,20471.482421875,1086.519287109375,30.742919921875,1.0002080202102661,0.9990360140800476
2022-06-18,19017.642578125,993.6367797851562,31.80793571472168,1.0003149509429932,0.9986670017242432
2022-06-19,20553.271484375,1127.656494140625,34.24374771118164,1.0004040002822876,0.9989690184593201
2022-06-20,20599.537109375,1127.6424560546875,35.4171142578125,1.0001519918441772,0.9989569783210754
2022-06-21,20710.59765625,1124.8245849609375,36.121158599853516,0.9999430179595947,0.9990940093994141
2022-06-22,19987.029296875,1051.421875,34.12163543701172,1.000108003616333,0.9990950226783752
2022-06-23,21085.876953125,1143.38671875,38.17523193359375,1.000538945198059,0.9992799758911133
2022-06-24,21231.65625,1226.8447265625,42.2120475769043,0.9998639822006226,0.9993249773979187
2022-06-25,21502.337890625,1243.4468994140625,42.33281326293945,1.0001039505004883,0.9995480179786682
2022-06-26,21027.294921875,1199.8316650390625,39.40808868408203,0.9998130202293396,0.9993979930877686
2022-06-27,20735.478515625,1193.6806640625,38.45125198364258,1.0001660585403442,0.9990919828414917
2022-06-28,20280.634765625,1144.5792236328125,35.326438903808594,1.0001399517059326,0.9988319873809814
2022-06-29,20104.0234375,1098.94384765625,33.8739013671875,1.0003650188446045,0.9988840222358704
2022-06-30,19784.7265625,1067.298828125,33.588417053222656,0.9999139904975891,0.9988189935684204
2022-07-01,19269.3671875,1059.767333984375,32.803070068359375,1.000177025794983,0.9988669753074646
2022-07-02,19242.255859375,1066.5128173828125,33.35940933227539,0.9999709725379944,0.998960018157959
2022-07-03,19297.076171875,1073.7669677734375,33.38593292236328,1.000372052192688,0.9990779757499695
2022-07-04,20231.26171875,1151.05908203125,36.785030364990234,1.0003060102462769,0.9991090297698975
2022-07-05,20190.115234375,1134.541015625,35.39555358886719,1.00005304813385,0.9990919828414917
2022-07-06,20548.24609375,1186.9739990234375,37.07356262207031,0.999879002571106,0.999098002910614
2022-07-07,21637.587890625,1237.5933837890625,38.518306732177734,1.0000920295715332,0.9994459748268127
2022-07-08,21731.1171875,1222.5062255859375,38.286720275878906,0.9997779726982117,0.9994180202484131
2022-07-09,21592.20703125,1216.978271484375,38.07196044921875,1.0000460147857666,0.999538004398346
2022-07-10,20860.44921875,1168.401611328125,36.697608947753906,1.0000289678573608,0.9994649887084961
2022-07-11,19970.556640625,1097.236572265625,33.463600158691406,1.000169038772583,0.9992250204086304
2022-07-12,19323.9140625,1038.191650390625,32.75759506225586,0.9998530149459839,0.9993429780006409
2022-07-13,20212.07421875,1113.587158203125,34.91093826293945,1.000046968460083,0.9993839859962463
2022-07-14,20569.919921875,1191.5262451171875,37.10782241821289,0.9999970197677612,0.9994069933891296
2022-07-15,20836.328125,1233.129150390625,37.41592788696289,0.9999629855155945,0.999705970287323
2022-07-16,21190.31640625,1352.62646484375,39.57412338256836,1.0001510381698608,0.9997739791870117
2022-07-17,20779.34375,1338.6357421875,38.64472198486328,1.0002490282058716,0.9997339844703674
2022-07-18,22485.689453125,1578.7178955078125,43.746158599853516,1.0000779628753662,0.9997770190238953
2022-07-19,23389.43359375,1542.9752197265625,44.89987564086914,0.9998930096626282,1.0000920295715332
2022-07-20,23231.732421875,1520.20068359375,42.09366989135742,0.9999129772186279,1.000067949295044
2022-07-21,23164.62890625,1576.74951171875,43.19059371948242,1.000082015991211,1.0000799894332886
2022-07-22,22714.978515625,1537.4051513671875,40.61850357055664,1.0000170469284058,1.0000519752502441
2022-07-23,22465.478515625,1549.2974853515625,40.040977478027344,1.0000139474868774,1.0000360012054443
2022-07-24,22609.1640625,1599.4766845703125,41.00658416748047,1.0000840425491333,1.000035047531128
2022-07-25,21361.701171875,1445.3834228515625,36.711997985839844,0.9997419714927673,1.0000619888305664
2022-07-26,21239.75390625,1441.8067626953125,36.190853118896484,1.000141978263855,1.000046968460083
2022-07-27,22930.548828125,1636.232666015625,40.3078498840332,1.0001150369644165,1.0002739429473877
2022-07-28,23843.88671875,1725.4681396484375,42.84526824951172,1.000022053718567,1.0002000331878662
2022-07-29,23804.6328125,1727.406982421875,41.926998138427734,0.9996780157089233,1.000311017036438
2022-07-30,23656.20703125,1695.969482421875,43.755889892578125,0.9998660087585449,1.000288963317871
2022-07-31,23336.896484375,1681.517333984375,42.400203704833984,0.999796986579895,1.0003279447555542
2022-08-01,23314.19921875,1635.19580078125,41.78648376464844,0.9998369812965393,1.0002039670944214
2022-08-02,22978.1171875,1632.9454345703125,39.7545051574707,0.9999340176582336,1.0001590251922607
2022-08-03,22846.5078125,1618.87451171875,38.54441833496094,1.0000319480895996,1.0002039670944214
2022-08-04,22630.95703125,1608.205810546875,38.83067321777344,1.0000360012054443,1.0001330375671387
2022-08-05,23289.314453125,1732.254638671875,40.561031341552734,1.0000879764556885,1.0000419616699219
2022-08-06,22961.279296875,1691.6580810546875,40.0570068359375,0.999705970287323,1.0001250505447388
2022-08-07,23175.890625,1699.350830078125,40.6055908203125,0.9999189972877502,1.0001440048217773
2022-08-08,23809.486328125,1775.51611328125,42.17055130004883,1.0000660419464111,1.000177025794983
2022-08-09,23164.318359375,1703.0250244140625,40.372623443603516,0.9997979998588562,1.0002089738845825
2022-08-10,23947.642578125,1851.74267578125,42.365867614746094,1.0001349449157715,1.0002529621124268
2022-08-11,23957.529296875,1881.22412109375,42.8217887878418,0.9999139904975891,1.00040602684021
2022-08-12,24402.818359375,1957.2464599609375,45.33475875854492,1.0000669956207275,1.0003360509872437
2022-08-13,24424.068359375,1981.3365478515625,46.485347747802734,0.9999520182609558,1.0003759860992432
2022-08-14,24319.333984375,1936.802001953125,44.916568756103516,0.9998480081558228,1.000270962715149
2022-08-15,24136.97265625,1904.2281494140625,43.82322311401367,0.9999489784240723,1.0001740455627441
2022-08-16,23883.291015625,1878.139404296875,43.15880584716797,1.00006103515625,1.0001150369644165
2022-08-17,23335.998046875,1832.9996337890625,40.403053283691406,0.9999549984931946,1.000072956085205
2022-08-18,23212.73828125,1847.0078125,39.545230865478516,0.9999070167541504,0.9999989867210388
2022-08-19,20877.552734375,1612.9873046875,35.8902587890625,1.0000280141830444,1.000059962272644
2022-08-20,21166.060546875,1577.0037841796875,35.26973342895508,1.0002110004425049,0.9999740123748779
2022-08-21,21534.12109375,1619.3189697265625,36.533199310302734,1.0001410245895386,0.9999939799308777
2022-08-22,21398.908203125,1622.505859375,35.47438049316406,1.0001380443572998,0.9999840259552002
2022-08-23,21528.087890625,1662.7698974609375,35.6462516784668,0.9999819993972778,0.9999920129776001
2022-08-24,21395.01953125,1657.0592041015625,34.957916259765625,0.9998610019683838,1.000038981437683
2022-08-25,21600.904296875,1696.45703125,35.316463470458984,0.9999600052833557,1.0000799894332886
2022-08-26,20260.01953125,1507.7828369140625,31.726362228393555,0.9999740123748779,1.0000430345535278
2022-08-27,20041.73828125,1491.39501953125,31.54243278503418,1.0000089406967163,1.0000189542770386
2022-08-28,19616.814453125,1430.54736328125,30.39228630065918,1.0000309944152832,1.0000280141830444
2022-08-29,20297.994140625,1553.037353515625,32.46529769897461,0.9999669790267944,1.0000319480895996
2022-08-30,19796.80859375,1523.8388671875,31.41205596923828,1.0000059604644775,1.000080943107605
2022-08-31,20049.763671875,1553.6849365234375,31.47295570373535,1.0000280141830444,1.0000159740447998
2022-09-01,20127.140625,1586.1767578125,31.585678100585938,0.9999759793281555,1.0000100135803223
2022-09-02,19969.771484375,1577.220458984375,31.227930068969727,1.0001009702682495,1.0000890493392944
2022-09-03,19832.087890625,1556.8726806640625,31.10948371887207,1.0001260042190552,1.000074028968811
2022-09-04,19986.712890625,1577.6416015625,32.106956481933594,1.0001070499420166,1.00006103515625
2022-09-05,19812.37109375,1617.1832275390625,32.19464874267578,0.9998819828033447,1.0000380277633667
2022-09-06,18837.66796875,1561.74853515625,30.891742706298828,0.9998779892921448,1.0000489950180054
2022-09-07,19290.32421875,1629.9063720703125,32.71091842651367,0.9999930262565613,1.0001089572906494
2022-09-08,19329.833984375,1635.34765625,33.608646392822266,0.9999139904975891,1.0001020431518555
2022-09-09,21381.15234375,1719.08544921875,34.73976516723633,0.9999449849128723,1.0002349615097046
2022-09-10,21680.5390625,1776.2037353515625,35.12672805786133,0.9998630285263062,1.0002809762954712
2022-09-11,21769.255859375,1761.800048828125,34.96596145629883,0.9999510049819946,1.00027596950531
2022-09-12,22370.44921875,1713.7652587890625,37.4241828918457,1.0000109672546387,1.0002039670944214
2022-09-13,20296.70703125,1580.7879638671875,33.430816650390625,1.0001139640808105,1.0000250339508057
2022-09-14,20241.08984375,1634.7550048828125,34.09157180786133,1.000040054321289,1.000141978263855
2022-09-15,19701.2109375,1471.6934814453125,33.04768371582031,1.0001620054244995,1.0000029802322388
2022-09-16,19772.583984375,1432.44775390625,32.208858489990234,1.0001180171966553,0.9999809861183167
2022-09-17,20127.576171875,1469.74169921875,33.75077819824219,1.0000319480895996,1.0000979900360107
2022-09-18,19419.505859375,1335.3291015625,31.05985450744629,1.0000770092010498,1.0000230073928833
2022-09-19,19544.12890625,1377.5413818359375,32.685302734375,0.9998729825019836,1.0001059770584106
2022-09-20,18890.7890625,1324.38818359375,31.433040618896484,0.9999480247497559,1.000059962272644
2022-09-21,18547.400390625,1252.6077880859375,30.826377868652344,1.0001130104064941,1.0000859498977661
2022-09-22,19413.55078125,1327.68017578125,32.408905029296875,0.9999200105667114,0.9999840259552002
2022-09-23,19297.638671875,1328.259521484375,33.6766357421875,0.9999930262565613,0.9999809861183167
2022-09-24,18937.01171875,1317.9932861328125,33.462650299072266,0.9999729990959167,1.0000499486923218
2022-09-25,18802.09765625,1294.216796875,32.33536148071289,0.9999679923057556,1.000054955482483
2022-09-26,19222.671875,1335.3201904296875,33.88055419921875,1.0001649856567383,0.9999899864196777
2022-09-27,19110.546875,1330.127685546875,32.75012969970703,1.0001230239868164,0.9999799728393555
2022-09-28,19426.720703125,1337.410888671875,33.23543930053711,1.0000109672546387,0.9999759793281555
2022-09-29,19573.05078125,1335.65234375,33.952449798583984,1.0001239776611328,1.0000790357589722
2022-09-30,19431.7890625,1327.9786376953125,33.21244430541992,1.0000660419464111,1.0000489950180054
2022-10-01,19312.095703125,1311.6444091796875,32.46939468383789,0.9999840259552002,1.0000430345535278
2022-10-02,19044.107421875,1276.093505859375,32.05569839477539,0.9999909996986389,1.000059962272644
2022-10-03,19623.580078125,1323.439208984375,32.967620849609375,0.9999269843101501,1.0000890493392944
2022-10-04,20336.84375,1362.1265869140625,34.12247085571289,0.9999319911003113,1.000251054763794
2022-10-05,20160.716796875,1352.837158203125,34.073883056640625,0.9999380111694336,1.0001089572906494
2022-10-06,19955.443359375,1351.70947265625,33.34281921386719,0.9999690055847168,1.000143051147461
2022-10-07,19546.849609375,1332.5169677734375,33.00146484375,1.000022053718567,1.0001219511032104
2022-10-08,19416.568359375,1315.50048828125,32.57793426513672,1.0001469850540161,1.0000829696655273
2022-10-09,19446.42578125,1322.604248046875,32.913883209228516,0.9999930262565613,1.0001579523086548
2022-10-10,19141.484375,1291.337646484375,31.970834732055664,0.9999409914016724,1.0000180006027222
2022-10-11,19051.41796875,1279.57568359375,30.77686882019043,1.0000250339508057,0.9999009966850281
2022-10-12,19157.4453125,1294.9063720703125,31.165485382080078,0.9999619722366333,0.9999920129776001
2022-10-13,19382.904296875,1288.1239013671875,30.544519424438477,1.0000159740447998,1.0000790357589722
2022-10-14,19185.65625,1297.422119140625,30.007417678833008,0.9999949932098389,1.000074028968811
2022-10-15,19067.634765625,1274.8717041015625,29.575347900390625,0.9999300241470337,1.000087022781372
2022-10-16,19268.09375,1306.296630859375,30.168840408325195,0.9999529719352722,1.0000569820404053
2022-10-17,19550.7578125,1331.713623046875,31.224876403808594,0.9999849796295166,1.00006902217865
2022-10-18,19334.416015625,1310.447021484375,30.164331436157227,0.9999979734420776,1.0001059770584106
2022-10-19,19139.53515625,1285.7442626953125,28.900798797607422,1.000054955482483,1.000059962272644
2022-10-20,19053.740234375,1283.200927734375,28.08509635925293,1.0,0.9999939799308777
2022-10-21,19172.46875,1299.9464111328125,28.10867691040039,1.0000139474868774,1.0001230239868164
2022-10-22,19208.189453125,1314.2991943359375,28.01386260986328,1.0000289678573608,1.0000849962234497
2022-10-23,19567.0078125,1363.447021484375,29.270071029663086,1.0000300407409668,1.0000770092010498
2022-10-24,19345.572265625,1344.99853515625,28.3100643157959,0.9999799728393555,1.0000569820404053
2022-10-25,20095.857421875,1461.6654052734375,30.93997573852539,0.999966025352478,1.0002080202102661
2022-10-26,20770.44140625,1566.566650390625,31.28472137451172,1.0000269412994385,1.0001989603042603
2022-10-27,20285.8359375,1514.3748779296875,30.630624771118164,0.9999690055847168,1.0000920295715332
2022-10-28,20595.3515625,1555.4779052734375,32.111263275146484,0.9999229907989502,1.0001460313796997
2022-10-29,20818.4765625,1619.698486328125,32.85712814331055,1.0000790357589722,1.0002260208129883
2022-10-30,20635.603515625,1590.7833251953125,32.9659309387207,1.0001150369644165,1.0001790523529053
2022-10-31,20495.7734375,1572.7144775390625,32.61103820800781,0.9999960064888,0.9999470114707947
2022-11-01,20485.2734375,1579.70458984375,32.2484245300293,1.0000439882278442,0.9999240040779114
2022-11-02,20159.50390625,1519.7117919921875,30.788076400756836,1.0000970363616943,0.9999960064888
2022-11-03,20209.98828125,1531.541748046875,30.84387969970703,1.0000649690628052,1.0000070333480835
2022-11-04,21147.23046875,1645.0933837890625,33.780853271484375,1.0000360012054443,1.0000760555267334
2022-11-05,21282.69140625,1627.968017578125,36.76576232910156,0.9999039769172668,1.0001189708709717
2022-11-06,20926.486328125,1572.2347412109375,32.6835823059082,0.9998689889907837,1.0000900030136108
2022-11-07,20602.81640625,1568.59130859375,29.60134506225586,1.0003230571746826,1.0000940561294556
2022-11-08,18541.271484375,1332.8355712890625,24.152936935424805,0.9999819993972778,1.0000319480895996
2022-11-09,15880.7802734375,1100.1697998046875,13.94085693359375,1.0003420114517212,0.9986000061035156
2022-11-10,17586.771484375,1299.464599609375,17.681407928466797,1.0006920099258423,0.9978349804878235
2022-11-11,17034.29296875,1287.2210693359375,16.326745986938477,1.0007339715957642,0.9982179999351501
2022-11-12,16799.185546875,1255.268310546875,14.53900146484375,1.000223994255066,0.9986159801483154
2022-11-13,16353.365234375,1221.8192138671875,13.164528846740723,1.0001360177993774,0.9987549781799316
2022-11-14,16618.19921875,1241.604248046875,14.00135612487793,1.0005860328674316,0.9990130066871643
2022-11-15,16884.61328125,1251.7362060546875,14.301294326782227,1.00034499168396,0.9991300106048584
2022-11-16,16669.439453125,1215.6025390625,14.285508155822754,1.0001859664916992,0.9992290139198303
2022-11-17,16687.517578125,1200.80859375,13.638734817504883,1.0001620054244995,0.9994019865989685
2022-11-18,16697.77734375,1212.30029296875,13.247496604919434,1.0002479553222656,0.9991629719734192
2022-11-19,16711.546875,1218.4267578125,12.851014137268066,1.000156044960022,0.999101996421814
2022-11-20,16291.83203125,1142.4666748046875,12.252833366394043,1.0002139806747437,0.9989820122718811
2022-11-21,15787.2841796875,1108.35302734375,11.846208572387695,1.0003299713134766,0.9990890026092529
2022-11-22,16189.76953125,1135.1734619140625,12.435625076293945,1.000419020652771,0.9991570115089417
2022-11-23,16610.70703125,1183.1995849609375,14.35151195526123,1.0003269910812378,0.9991940259933472
2022-11-24,16604.46484375,1203.983154296875,14.582350730895996,1.0002150535583496,0.9994210004806519
2022-11-25,16521.841796875,1198.9259033203125,14.063138008117676,1.0000569820404053,0.9995779991149902
2022-11-26,16464.28125,1205.89794921875,14.159193992614746,1.0001510381698608,0.9995740056037903
2022-11-27,16444.626953125,1195.126953125,14.115766525268555,1.0001410245895386,0.9996039867401123
2022-11-28,16217.322265625,1170.086181640625,13.404518127441406,1.0002009868621826,0.9996619820594788
2022-11-29,16444.982421875,1216.9012451171875,13.369733810424805,1.0000760555267334,0.9997439980506897
2022-11-30,17168.56640625,1295.6885986328125,14.115445137023926,1.0000079870224,1.0000150203704834
2022-12-01,16967.1328125,1276.27392578125,13.480968475341797,1.0000029802322388,1.0000439882278442
2022-12-02,17088.66015625,1294.3033447265625,13.7156400680542,1.0000510215759277,1.0000649690628052
2022-12-03,16908.236328125,1243.3348388671875,13.302457809448242,0.9999619722366333,1.00006103515625
2022-12-04,17130.486328125,1280.256591796875,13.718218803405762,1.0000159740447998,1.0001200437545776
2022-12-05,16974.826171875,1259.6767578125,13.8311128616333,1.000020980834961,1.0000540018081665
2022-12-06,17089.50390625,1271.65380859375,14.288854598999023,1.0000900030136108,1.0000770092010498
2022-12-07,16848.126953125,1232.4375,13.5196533203125,1.0000269412994385,1.0000020265579224
2022-12-08,17233.474609375,1281.1163330078125,13.68922233581543,1.0000289678573608,1.0001269578933716
2022-12-09,17133.15234375,1264.2847900390625,13.580187797546387,1.0000430345535278,1.0000569820404053
2022-12-10,17128.724609375,1266.3841552734375,13.576995849609375,1.0000720024108887,1.0000460147857666
2022-12-11,17104.193359375,1263.8685302734375,13.427809715270996,0.9999960064888,1.0000779628753662
2022-12-12,17206.4375,1274.6190185546875,13.318544387817383,1.0000959634780884,1.0001070499420166
2022-12-13,17781.318359375,1320.5491943359375,13.833986282348633,1.000133991241455,1.0000170469284058
2022-12-14,17815.650390625,1309.3287353515625,14.140525817871094,0.9999799728393555,1.0001050233840942
2022-12-15,17364.865234375,1266.3538818359375,14.02151107788086,1.0000150203704834,1.0000779628753662
2022-12-16,16647.484375,1168.2593994140625,12.266606330871582,0.9999009966850281,1.0001569986343384
2022-12-17,16795.091796875,1188.1495361328125,12.504404067993164,1.0000200271606445,1.000161051750183
2022-12-18,16757.9765625,1184.7152099609375,12.41312026977539,0.9997609853744507,1.000154972076416
2022-12-19,16439.6796875,1167.60986328125,11.932655334472656,1.0001909732818604,1.0000799894332886
2022-12-20,16906.3046875,1217.70361328125,12.28051471710205,0.9999909996986389,1.0001109838485718
2022-12-21,16817.53515625,1213.5999755859375,12.128985404968262,1.0000959634780884,1.0000770092010498
2022-12-22,16830.341796875,1218.18212890625,11.794829368591309,1.0001100301742554,1.0000109672546387
2022-12-23,16796.953125,1220.159423828125,11.786166191101074,1.000033974647522,0.9999809861183167
2022-12-24,16847.755859375,1221.1485595703125,11.444275856018066,1.0000460147857666,0.9999920129776001
2022-12-25,16841.986328125,1218.9620361328125,11.387903213500977,1.000082015991211,0.9999430179595947
2022-12-26,16919.8046875,1226.974365234375,11.306611061096191,1.0001029968261719,0.9999949932098389
2022-12-27,16717.173828125,1212.7916259765625,11.085430145263672,1.000169038772583,0.9998499751091003
2022-12-28,16552.572265625,1189.986083984375,9.755906105041504,1.0001850128173828,0.9996860027313232
2022-12-29,16642.341796875,1201.5953369140625,9.651782989501953,1.0001380443572998,0.9997349977493286
2022-12-30,16602.5859375,1199.2327880859375,9.880176544189453,1.000120997428894,0.99965900182724
2022-12-31,16547.49609375,1196.771240234375,9.961038589477539,1.0000289678573608,0.9996740221977234
2023-01-01,16625.080078125,1200.96484375,9.982172966003418,0.9999930262565613,0.9996920228004456
2023-01-02,16688.470703125,1214.6566162109375,11.272967338562012,0.9999889731407166,0.999770998954773
2023-01-03,16679.857421875,1214.77880859375,13.344045639038086,1.0000979900360107,0.9997590184211731
2023-01-04,16863.23828125,1256.526611328125,13.435112953186035,1.0000040531158447,0.999763011932373
2023-01-05,16836.736328125,1250.4385986328125,13.419329643249512,1.000020980834961,0.9996970295906067
2023-01-06,16951.96875,1269.3790283203125,13.52584171295166,1.000012993812561,0.9997379779815674
2023-01-07,16955.078125,1264.2703857421875,13.092267990112305,0.9999819993972778,0.9998959898948669
2023-01-08,17091.14453125,1287.3594970703125,14.31993293762207,1.0001959800720215,0.9999570250511169
2023-01-09,17196.5546875,1321.5389404296875,16.30246353149414,1.0000460147857666,0.9999989867210388
2023-01-10,17446.29296875,1336.5860595703125,16.19672393798828,0.999987006187439,1.000100016593933
2023-01-11,17934.896484375,1387.9327392578125,16.35941505432129,1.0001319646835327,1.0000189542770386
2023-01-12,18869.587890625,1417.9384765625,16.619043350219727,1.0000720024108887,1.0000920295715332
2023-01-13,19909.57421875,1451.6148681640625,18.28844451904297,1.0002470016479492,1.0002139806747437
2023-01-14,20976.298828125,1550.7069091796875,24.24945831298828,1.0000840425491333,1.0001569986343384
2023-01-15,20880.798828125,1552.4794921875,22.873306274414062,0.999925971031189,1.0003739595413208
2023-01-16,21169.6328125,1576.83349609375,23.577564239501953,0.9999619722366333,1.0001260042190552
2023-01-17,21161.51953125,1567.8460693359375,22.884063720703125,0.999809980392456,1.0001029968261719
2023-01-18,20688.78125,1515.5069580078125,20.85063362121582,0.999845027923584,0.9999899864196777
2023-01-19,21086.79296875,1552.5565185546875,21.42676544189453,1.0000239610671997,1.0000230073928833
2023-01-20,22676.552734375,1659.754150390625,25.54827117919922,1.0002650022506714,1.0001790523529053
2023-01-21,22777.625,1627.1181640625,24.627838134765625,0.9998400211334229,1.0002169609069824
2023-01-22,22720.416015625,1628.382080078125,24.232789993286133,0.9999759793281555,1.0002340078353882
2023-01-23,22934.431640625,1628.2510986328125,24.357807159423828,0.999858021736145,1.0002039670944214
2023-01-24,22636.46875,1556.604248046875,22.795673370361328,0.9999579787254333,1.0001300573349
2023-01-25,23117.859375,1611.7110595703125,24.57144546508789,1.0000619888305664,1.0001749992370605
2023-01-26,23032.77734375,1603.10595703125,24.350696563720703,0.9999600052833557,1.000082015991211
2023-01-27,23078.728515625,1598.156494140625,24.40785789489746,1.0000269412994385,1.000182032585144
2023-01-28,23031.08984375,1572.43505859375,23.981801986694336,1.0001300573349,1.0001939535140991
2023-01-29,23774.56640625,1646.1556396484375,26.132387161254883,1.0000009536743164,1.0000989437103271
2023-01-30,22840.138671875,1567.3265380859375,23.946321487426758,1.0001009702682495,1.0000929832458496
2023-01-31,23139.283203125,1586.535400390625,23.952547073364258,1.0000580549240112,1.0001169443130493
2023-02-01,23723.76953125,1641.792724609375,24.993358612060547,1.0001499652862549,1.0000979900360107
2023-02-02,23471.87109375,1643.2415771484375,24.265058517456055,0.9997749924659729,1.0001399517059326
2023-02-03,23449.322265625,1664.74560546875,24.680896759033203,1.000035047531128,1.0001310110092163
2023-02-04,23331.84765625,1667.0592041015625,24.317745208740234,0.9999210238456726,1.000100016593933
2023-02-05,22955.666015625,1631.6458740234375,23.493438720703125,0.9999539852142334,1.0001980066299438
2023-02-06,22760.109375,1616.2470703125,22.706388473510742,0.9999279975891113,1.0001020431518555
2023-02-07,23264.291015625,1672.0035400390625,23.861356735229492,0.9999930262565613,1.0000770092010498
2023-02-08,22939.3984375,1650.716796875,23.192670822143555,1.0000120401382446,1.0001310110092163
2023-02-09,21819.0390625,1546.438232421875,20.45212745666504,1.0001219511032104,1.0001590251922607
2023-02-10,21651.18359375,1514.869140625,20.130109786987305,1.0000309944152832,1.0001529455184937
2023-02-11,21870.875,1539.9267578125,20.830095291137695,0.9999769926071167,1.000162959098816
2023-02-12,21788.203125,1515.03369140625,21.489978790283203,1.0000660419464111,1.0002100467681885
2023-02-13,21808.1015625,1507.1658935546875,20.79010009765625,1.000095009803772,1.000933051109314
2023-02-14,22220.8046875,1556.8751220703125,21.824953079223633,1.0000569820404053,1.0004040002822876
2023-02-15,24307.841796875,1673.7459716796875,23.883901596069336,1.0000710487365723,1.0002180337905884
2023-02-16,23623.474609375,1640.067626953125,22.285951614379883,0.999858021736145,1.000162959098816
2023-02-17,24565.6015625,1694.7833251953125,23.166757583618164,0.99993497133255,1.0002210140228271
2023-02-18,24641.27734375,1691.8194580078125,23.478591918945312,0.9998869895935059,1.000182032585144
2023-02-19,24327.642578125,1681.4361572265625,24.84075164794922,0.9998970031738281,1.000236988067627
2023-02-20,24829.1484375,1702.6751708984375,26.181386947631836,1.000143051147461,1.0001870393753052
2023-02-21,24436.353515625,1658.036376953125,24.948558807373047,1.0000640153884888,1.0001319646835327
2023-02-22,24188.84375,1643.231689453125,24.18134880065918,1.0001449584960938,1.0000989437103271
2023-02-23,23947.4921875,1651.0738525390625,23.900800704956055,1.0000829696655273,1.0001239776611328
2023-02-24,23198.126953125,1608.3731689453125,23.053035736083984,1.0000449419021606,1.0000699758529663
2023-02-25,23175.375,1594.9149169921875,22.523399353027344,1.0002870559692383,1.0001319646835327
2023-02-26,23561.212890625,1640.817138671875,23.256088256835938,1.0001360177993774,1.000087022781372
2023-02-27,23522.87109375,1634.326416015625,22.692588806152344,1.0000749826431274,1.0001749992370605
2023-02-28,23147.353515625,1605.8951416015625,21.9163875579834,0.9998760223388672,1.0001540184020996
2023-03-01,23646.55078125,1663.4337158203125,22.506431579589844,1.0001460313796997,1.0001440048217773
2023-03-02,23475.466796875,1647.3193359375,21.984878540039062,1.0002950429916382,1.0000909566879272
2023-03-03,22362.6796875,1569.1676025390625,21.39935302734375,1.0,1.000100016593933
2023-03-04,22353.349609375,1566.9239501953125,20.966838836669922,1.000048041343689,1.0001139640808105
2023-03-05,22435.513671875,1564.46875,20.97858428955078,1.0000100135803223,1.0001070499420166
2023-03-06,22429.7578125,1567.398681640625,20.635011672973633,0.9999529719352722,1.0000109672546387
2023-03-07,22219.76953125,1561.93310546875,20.244731903076172,1.000080943107605,1.000012993812561
2023-03-08,21718.080078125,1534.0882568359375,18.421194076538086,0.9998689889907837,1.0000070333480835
2023-03-09,20363.021484375,1438.6607666015625,17.308147430419922,1.0000079870224,0.9999859929084778
2023-03-10,20187.244140625,1429.1580810546875,18.243642807006836,0.9994789958000183,1.003046989440918
2023-03-11,20632.41015625,1482.61669921875,18.22584342956543,0.9714999794960022,1.0076899528503418
2023-03-12,22163.94921875,1590.29296875,20.310531616210938,0.9920690059661865,1.0071489810943604
2023-03-13,24197.533203125,1680.3089599609375,20.433712005615234,0.998947024345398,1.0038700103759766
2023-03-14,24746.07421875,1703.507080078125,20.92803382873535,0.9991790056228638,1.0032470226287842
2023-03-15,24375.9609375,1656.1805419921875,19.29098129272461,1.0001840591430664,1.0039459466934204
2023-03-16,25052.7890625,1677.2154541015625,19.73054313659668,0.9999610185623169,1.0021339654922485
2023-03-17,27423.9296875,1792.485107421875,21.62910270690918,1.0000449419021606,1.0023260116577148
2023-03-18,26965.87890625,1761.65966796875,21.19590187072754,0.9995020031929016,1.0023369789123535
2023-03-19,28038.67578125,1785.5765380859375,21.90340232849121,0.999845027923584,1.0030070543289185
2023-03-20,27767.236328125,1735.3212890625,22.176464080810547,0.997979998588562,1.0017900466918945
2023-03-21,28175.81640625,1806.7607421875,22.618267059326172,0.9985259771347046,1.0015360116958618
2023-03-22,27307.4375,1737.717041015625,21.480485916137695,0.9991239905357361,1.0018789768218994
2023-03-23,28333.97265625,1816.4051513671875,22.216777801513672,0.9990370273590088,1.0009599924087524
2023-03-24,27493.28515625,1752.0447998046875,20.678855895996094,0.999862015247345,1.0012589693069458
2023-03-25,27494.70703125,1743.7647705078125,20.446645736694336,0.9997360110282898,1.0008480548858643
2023-03-26,27994.330078125,1775.6767578125,20.97551918029785,0.9998850226402283,1.000892996788025
2023-03-27,27139.888671875,1715.4608154296875,19.921674728393555,0.9996839761734009,1.0002330541610718
2023-03-28,27268.130859375,1772.78564453125,20.4706974029541,0.9998840093612671,1.0003069639205933
2023-03-29,28348.44140625,1793.0018310546875,21.111467361450195,0.9998109936714172,0.9999889731407166
2023-03-30,28033.5625,1792.7371826171875,20.55104637145996,1.0000089406967163,1.0000929832458496
2023-03-31,28478.484375,1822.0220947265625,21.170495986938477,0.999783992767334,1.0001239776611328
2023-04-01,28411.03515625,1813.860595703125,20.97564125061035,0.9997860193252563,1.0003010034561157
2023-04-02,28199.30859375,1795.7081298828125,20.536975860595703,0.9997419714927673,1.000236988067627
2023-04-03,27790.220703125,1810.297119140625,20.443050384521484,0.9998559951782227,1.0001829862594604
2023-04-04,28168.08984375,1871.005126953125,20.924619674682617,0.9998170137405396,1.0002139806747437
2023-04-05,28177.984375,1909.114013671875,20.966007232666016,0.9997659921646118,1.0001300573349
2023-04-06,28044.140625,1872.922607421875,20.61012840270996,0.9999960064888,1.0005539655685425
2023-04-07,27925.859375,1865.6361083984375,20.469940185546875,1.000054955482483,1.0006330013275146
2023-04-08,27947.794921875,1849.4981689453125,20.036449432373047,0.9998189806938171,1.0004240274429321
2023-04-09,28333.05078125,1859.3878173828125,20.29946517944336,0.9997450113296509,1.000458002090454
2023-04-10,29652.98046875,1911.20751953125,20.882356643676758,0.9997169971466064,1.0004370212554932
2023-04-11,30235.05859375,1892.189697265625,23.018827438354492,1.0000120401382446,1.0010299682617188
2023-04-12,30139.052734375,1920.68212890625,23.985305786132812,0.9998530149459839,1.0007209777832031
2023-04-13,30399.06640625,2012.6346435546875,24.432308197021484,0.9998990297317505,1.0009770393371582
2023-04-14,30485.69921875,2101.635498046875,24.772722244262695,0.9999610185623169,1.000722050666809
2023-04-15,30318.49609375,2092.466796875,24.079378128051758,0.999875009059906,1.0007799863815308
2023-04-16,30315.35546875,2120.005859375,25.361927032470703,0.9997050166130066,1.0005359649658203
2023-04-17,29445.044921875,2076.242919921875,24.55884552001953,0.9998649954795837,1.0005300045013428
2023-04-18,30397.552734375,2104.537353515625,24.852689743041992,1.0000309944152832,1.0004080533981323
2023-04-19,28822.6796875,1936.4034423828125,22.71283531188965,1.0000510215759277,1.0005589723587036
2023-04-20,28245.98828125,1943.09765625,22.181440353393555,1.0001640319824219,1.0002210140228271
2023-04-21,27276.91015625,1849.9998779296875,21.278135299682617,1.00033700466156,1.000141978263855
2023-04-22,27817.5,1874.2286376953125,21.816287994384766,1.0001070499420166,1.0001850128173828
2023-04-23,27591.384765625,1862.06201171875,21.480138778686523,0.9998940229415894,1.0000230073928833
2023-04-24,27525.33984375,1842.7574462890625,21.391069412231445,1.0000419616699219,1.000120997428894
2023-04-25,28307.59765625,1866.753662109375,21.92725372314453,1.0,1.0001590251922607
2023-04-26,28422.701171875,1866.564208984375,21.28301239013672,0.9998840093612671,1.0002820491790771
2023-04-27,29473.787109375,1908.786376953125,22.34011459350586,0.9996820092201233,0.9999650120735168
2023-04-28,29340.26171875,1892.5128173828125,23.366287231445312,0.9998949766159058,1.0006959438323975
2023-04-29,29248.48828125,1908.9169921875,23.18299674987793,0.999983012676239,1.000601053237915
2023-04-30,29268.806640625,1876.92431640625,22.832014083862305,0.9999960064888,1.0004379749298096
2023-05-01,28091.568359375,1831.954833984375,21.98663330078125,1.000100016593933,1.0003290176391602
2023-05-02,28680.537109375,1870.789306640625,22.264978408813477,0.9999330043792725,1.0004340410232544
2023-05-03,29006.30859375,1904.65185546875,22.218002319335938,1.000020980834961,1.000270962715149
2023-05-04,28847.7109375,1877.7041015625,21.730348587036133,1.0000619888305664,1.0004509687423706
2023-05-05,29534.384765625,1995.0609130859375,22.82611083984375,1.0000139474868774,1.0010180473327637
2023-05-06,28904.623046875,1900.2218017578125,21.974262237548828,1.0000519752502441,1.0018340349197388
2023-05-07,28454.978515625,1873.076416015625,21.844228744506836,1.0001449584960938,1.001541018486023
2023-05-08,27694.2734375,1849.042724609375,20.65746307373047,1.0000489950180054,1.0009260177612305
2023-05-09,27658.775390625,1848.6031494140625,20.683645248413086,1.0002230405807495,1.000723958015442
2023-05-10,27621.755859375,1842.4014892578125,20.953710556030273,1.0000309944152832,1.0008339881896973
2023-05-11,27000.7890625,1796.4906005859375,20.234880447387695,1.0001740455627441,1.0007230043411255
2023-05-12,26804.990234375,1808.019775390625,20.911794662475586,1.0000590085983276,1.0005810260772705
2023-05-13,26784.078125,1796.1148681640625,20.86876106262207,1.0000280141830444,1.0005589723587036
2023-05-14,26930.638671875,1800.5009765625,20.953397750854492,1.0000970363616943,1.000512957572937
2023-05-15,27192.693359375,1817.5499267578125,21.00718879699707,1.000020980834961,1.0002620220184326
2023-05-16,27036.650390625,1824.1214599609375,20.679420471191406,0.9999480247497559,1.000115990638733
2023-05-17,27398.802734375,1821.859619140625,21.06839942932129,1.0000029802322388,1.0000920295715332
2023-05-18,26832.208984375,1801.728515625,20.348695755004883,0.9999880194664001,1.0000770092010498
2023-05-19,26890.12890625,1812.5894775390625,20.349870681762695,0.9999650120735168,1.0002479553222656
2023-05-20,27129.5859375,1820.47802734375,20.285446166992188,1.0000760555267334,1.0003989934921265
2023-05-21,26753.826171875,1804.5313720703125,19.609437942504883,0.9998890161514282,1.0001829862594604
2023-05-22,26851.27734375,1817.5347900390625,19.54204559326172,0.9999549984931946,1.0002009868621826
2023-05-23,27225.7265625,1854.380615234375,20.043182373046875,0.9999619722366333,1.0001039505004883
2023-05-24,26334.818359375,1800.0999755859375,19.223663330078125,1.0001360177993774,1.000038981437683
2023-05-25,26476.20703125,1805.9537353515625,19.260662078857422,0.9999979734420776,1.0000460147857666
2023-05-26,26719.291015625,1828.689697265625,19.36695671081543,0.9999340176582336,1.0003440380096436
2023-05-27,26868.353515625,1831.1182861328125,20.425233840942383,1.000033974647522,1.0005040168762207
2023-05-28,28085.646484375,1910.9141845703125,20.7985782623291,0.9999979734420776,1.0001729726791382
2023-05-29,27745.884765625,1893.078125,20.586509704589844,0.999862015247345,1.0002440214157104
2023-05-30,27702.349609375,1901.026611328125,21.25408363342285,0.9998440146446228,1.0001529455184937
2023-05-31,27219.658203125,1874.1304931640625,20.82450294494629,1.0001790523529053,1.0003340244293213
2023-06-01,26819.97265625,1862.201416015625,20.50221824645996,1.000054955482483,1.0003340244293213
2023-06-02,27249.58984375,1907.256591796875,21.25759506225586,1.0000619888305664,1.0003830194473267
2023-06-03,27075.12890625,1892.4124755859375,21.15556526184082,0.9999030232429504,1.0001590251922607
2023-06-04,27119.06640625,1890.5135498046875,21.8189754486084,0.9997959733009338,1.0001510381698608
2023-06-05,25760.09765625,1811.828369140625,20.07505989074707,0.9999129772186279,1.0003060102462769
2023-06-06,27238.783203125,1884.494873046875,20.398483276367188,0.9998509883880615,1.0001740455627441
2023-06-07,26345.998046875,1832.39599609375,18.6342830657959,0.9999020099639893,1.0000660419464111
2023-06-08,26508.216796875,1846.3018798828125,18.909475326538086,1.0000970363616943,1.000311017036438
2023-06-09,26480.375,1840.2252197265625,17.37969970703125,0.9999489784240723,0.9999489784240723
2023-06-10,25851.240234375,1752.384765625,15.65610122680664,0.9998840093612671,1.0004390478134155
2023-06-11,25940.16796875,1753.415283203125,15.558775901794434,0.9999340176582336,1.0003149509429932
2023-06-12,25902.5,1742.5286865234375,15.196707725524902,1.000216007232666,1.000054955482483
2023-06-13,25918.728515625,1739.03759765625,15.018193244934082,0.9999809861183167,0.999862015247345
2023-06-14,25124.67578125,1650.519287109375,14.486572265625,1.0000519752502441,0.9998369812965393
2023-06-15,25576.39453125,1665.519775390625,14.759472846984863,1.0000849962234497,0.9991829991340637
2023-06-16,26327.462890625,1716.6688232421875,15.30825424194336,1.0001200437545776,0.9993299841880798
2023-06-17,26510.67578125,1727.2041015625,15.650521278381348,1.00006902217865,0.9997040033340454
2023-06-18,26336.212890625,1720.5775146484375,15.43823528289795,1.0000180006027222,0.9998080134391785
2023-06-19,26851.029296875,1737.659423828125,16.073041915893555,1.0001699924468994,0.999862015247345
2023-06-20,28327.48828125,1792.1199951171875,16.635231018066406,1.0003019571304321,1.000385046005249
2023-06-21,30027.296875,1891.0072021484375,17.25704574584961,1.0000779628753662,1.00005304813385
2023-06-22,29912.28125,1872.9429931640625,16.642620086669922,0.9999679923057556,1.0001840591430664
2023-06-23,30695.46875,1892.862060546875,17.149534225463867,0.9999909996986389,1.000566005706787
2023-06-24,30548.6953125,1876.0596923828125,16.652862548828125,0.9999319911003113,1.000520944595337
2023-06-25,30480.26171875,1900.506103515625,16.97138023376465,1.0001369714736938,1.0004650354385376
2023-06-26,30271.130859375,1859.432861328125,16.27002716064453,1.0000250339508057,1.0002119541168213
2023-06-27,30688.1640625,1889.703369140625,16.61964988708496,1.0,1.000195026397705
2023-06-28,30086.24609375,1827.97119140625,15.98684310913086,1.000048041343689,1.0000250339508057
2023-06-29,30445.3515625,1852.227294921875,17.970457077026367,0.9999619722366333,0.9998300075531006
2023-06-30,30477.251953125,1933.18896484375,18.897321701049805,1.0002529621124268,1.000080943107605
2023-07-01,30590.078125,1924.56591796875,18.683902740478516,1.000133991241455,1.000128984451294
2023-07-02,30620.76953125,1937.4383544921875,19.453594207763672,1.0001349449157715,1.0000849962234497
2023-07-03,31156.439453125,1955.38916015625,19.240537643432617,0.9999799728393555,0.9999979734420776
2023-07-04,30777.58203125,1936.633544921875,19.14322853088379,1.0001649856567383,1.0003010034561157
2023-07-05,30514.166015625,1910.5880126953125,18.99286460876465,1.0001009702682495,1.0000940561294556
2023-07-06,29909.337890625,1848.636474609375,19.729385375976562,1.0000699758529663,1.0002059936523438
2023-07-07,30342.265625,1870.6025390625,21.484664916992188,0.9999409914016724,0.9999589920043945
2023-07-08,30292.541015625,1865.53955078125,21.859268188476562,1.0000289678573608,1.0001870393753052
2023-07-09,30171.234375,1863.009765625,21.3490047454834,1.0001120567321777,1.0002039670944214
2023-07-10,30414.470703125,1880.556396484375,21.31377601623535,0.9999669790267944,1.0000560283660889
2023-07-11,30620.951171875,1878.3360595703125,22.092933654785156,0.9999709725379944,1.000072956085205
2023-07-12,30391.646484375,1872.11376953125,21.977602005004883,0.9999719858169556,0.9999340176582336
2023-07-13,31476.048828125,2006.511474609375,26.02569580078125,0.9999060034751892,1.0003730058670044
2023-07-14,30334.068359375,1939.3470458984375,26.7357177734375,1.0001959800720215,1.0007250308990479
2023-07-15,30295.806640625,1931.466552734375,27.391355514526367,1.0000569820404053,1.0003650188446045
2023-07-16,30249.1328125,1923.681884765625,27.384082794189453,1.000169038772583,1.0006070137023926
2023-07-17,30145.888671875,1911.6461181640625,26.872766494750977,0.99993497133255,1.0002199411392212
2023-07-18,29856.5625,1897.5992431640625,25.544504165649414,0.9999719858169556,1.0001579523086548
2023-07-19,29913.923828125,1889.0079345703125,26.372352600097656,1.0000410079956055,1.0002299547195435
2023-07-20,29792.015625,1890.9691162109375,25.375167846679688,0.9999939799308777,1.0000790357589722
2023-07-21,29908.744140625,1892.080078125,25.544267654418945,1.0001399517059326,1.000216007232666
2023-07-22,29771.802734375,1864.912353515625,24.535053253173828,0.9998080134391785,0.9998610019683838
2023-07-23,30084.5390625,1889.191650390625,24.766815185546875,0.9998769760131836,0.9998970031738281
2023-07-24,29176.916015625,1850.0020751953125,23.38149070739746,1.0000360012054443,1.0000109672546387
2023-07-25,29227.390625,1857.741943359375,23.279321670532227,0.999970018863678,0.9998289942741394
2023-07-26,29354.97265625,1872.159912109375,25.177053451538086,1.0001349449157715,1.0001009702682495
2023-07-27,29210.689453125,1860.357177734375,25.099336624145508,0.9998059868812561,0.9995899796485901
2023-07-28,29319.24609375,1874.744873046875,24.84685707092285,1.0001660585403442,1.0001059770584106
2023-07-29,29356.91796875,1881.06884765625,25.168973922729492,1.0000580549240112,1.0000540018081665
2023-07-30,29275.30859375,1861.643798828125,24.261018753051758,1.000022053718567,0.9998930096626282
2023-07-31,29230.111328125,1856.162353515625,23.720956802368164,1.0000100135803223,0.9999110102653503
2023-08-01,29675.732421875,1871.7921142578125,23.99875259399414,1.0000720024108887,0.9995219707489014
2023-08-02,29151.958984375,1839.0897216796875,23.145721435546875,0.9998909831047058,0.9993259906768799
2023-08-03,29178.6796875,1835.136474609375,22.636049270629883,1.0002429485321045,0.9994480013847351
2023-08-04,29074.091796875,1827.712890625,22.79361915588379,0.9999889731407166,0.9986019730567932
2023-08-05,29042.126953125,1834.9879150390625,22.632204055786133,0.9998769760131836,0.9989830255508423
2023-08-06,29041.85546875,1827.4620361328125,23.18569564819336,0.9998170137405396,0.9983819723129272
2023-08-07,29180.578125,1826.9388427734375,23.068756103515625,0.9999740123748779,0.9988179802894592
2023-08-08,29765.4921875,1855.807373046875,24.211763381958008,1.0000799894332886,0.9997180104255676
2023-08-09,29561.494140625,1854.297607421875,24.37852668762207,1.000188946723938,0.9994249939918518
2023-08-10,29429.591796875,1850.75341796875,24.613052368164062,1.0001699924468994,0.9990119934082031
2023-08-11,29397.71484375,1847.1243896484375,24.582860946655273,1.000082015991211,0.9989690184593201
2023-08-12,29415.96484375,1848.889892578125,24.90673065185547,1.000033974647522,0.9994530081748962
2023-08-13,29282.9140625,1839.2801513671875,24.24288558959961,1.0000280141830444,0.9992499947547913
2023-08-14,29408.443359375,1844.185791015625,25.142822265625,1.000120997428894,0.9991840124130249
2023-08-15,29170.34765625,1826.9327392578125,23.89658546447754,1.00006902217865,0.9989650249481201
2023-08-16,28701.779296875,1805.6590576171875,22.811975479125977,1.0000369548797607,0.9988560080528259
2023-08-17,26664.55078125,1684.9334716796875,21.70997428894043,1.0004370212554932,1.0003859996795654
2023-08-18,26049.556640625,1660.945068359375,21.335493087768555,1.0001280307769775,0.9998300075531006
2023-08-19,26096.205078125,1669.471923828125,21.879037857055664,1.000188946723938,0.9998599886894226
2023-08-20,26189.583984375,1684.85205078125,21.77327537536621,1.0001020431518555,0.9999949932098389
2023-08-21,26124.140625,1667.26904296875,21.20825958251953,1.0000020265579224,0.9998350143432617
2023-08-22,26031.65625,1633.892578125,20.546541213989258,0.9999909996986389,0.9994660019874573
2023-08-23,26431.640625,1679.2744140625,21.703624725341797,1.0001699924468994,0.9998990297317505
2023-08-24,26162.373046875,1659.944580078125,21.033031463623047,0.9999150037765503,0.999426007270813
2023-08-25,26047.66796875,1652.93505859375,20.392719268798828,1.0000900030136108,0.9994940161705017
2023-08-26,26008.462890625,1646.3067626953125,20.280424118041992,1.0000100135803223,0.9995390176773071
2023-08-27,26089.693359375,1657.5130615234375,20.78683853149414,1.0000059604644775,0.999521017074585
2023-08-28,26106.150390625,1652.4573974609375,20.557100296020508,0.9999229907989502,0.9993270039558411
2023-08-29,27727.392578125,1729.7257080078125,21.780763626098633,1.0000560283660889,1.0000380277633667
2023-08-30,27297.265625,1705.1121826171875,20.834903717041016,1.000154972076416,1.0001280307769775
2023-08-31,25931.47265625,1645.63916015625,19.735092163085938,1.000108003616333,0.9998459815979004
2023-09-01,25800.724609375,1628.4912109375,19.327844619750977,1.0001959800720215,0.9997119903564453
2023-09-02,25868.798828125,1637.025390625,19.493743896484375,1.0001699924468994,1.0001330375671387
2023-09-03,25969.56640625,1636.11767578125,19.578746795654297,1.0001300573349,0.9999740123748779
2023-09-04,25812.416015625,1629.6552734375,19.499408721923828,1.000100016593933,0.9996449947357178
2023-09-05,25779.982421875,1633.62939453125,20.272384643554688,1.0000300407409668,0.9995840191841125
2023-09-06,25753.236328125,1632.2523193359375,19.62002944946289,1.0001399517059326,0.9995520114898682
2023-09-07,26240.1953125,1647.5982666015625,19.890499114990234,1.000427007675171,0.9997580051422119
2023-09-08,25905.654296875,1636.1378173828125,19.599044799804688,1.0000970363616943,0.9997779726982117
2023-09-09,25895.677734375,1635.162353515625,19.44607162475586,1.0001300573349,0.9997339844703674
2023-09-10,25832.2265625,1616.828857421875,18.248830795288086,0.9999470114707947,0.9996129870414734
2023-09-11,25162.654296875,1551.6376953125,17.739166259765625,1.000046968460083,0.9997010231018066
2023-09-12,25833.34375,1592.429443359375,17.929826736450195,1.0002059936523438,1.0000369548797607
2023-09-13,26228.32421875,1607.988525390625,18.402999877929688,1.0001649856567383,1.0002429485321045
2023-09-14,26539.673828125,1626.974365234375,18.838306427001953,1.000162959098816,1.0002599954605103
2023-09-15,26608.693359375,1641.640380859375,19.16884422302246,1.0003420114517212,1.0003429651260376
2023-09-16,26568.28125,1635.2216796875,19.140369415283203,1.000167965888977,1.000298023223877
2023-09-17,26534.1875,1622.896728515625,18.831628799438477,1.0000829696655273,1.0002919435501099
2023-09-18,26754.28125,1637.3470458984375,19.657245635986328,1.000115990638733,1.0002379417419434
2023-09-19,27211.1171875,1643.544677734375,20.03618812561035,1.0001100301742554,1.000262975692749
2023-09-20,27132.0078125,1622.890625,20.3049373626709,1.0001850128173828,1.0002069473266602
2023-09-21,26567.6328125,1584.3070068359375,19.47907066345215,1.0000040531158447,0.9999859929084778
2023-09-22,26579.568359375,1593.268310546875,19.43814468383789,1.0000890493392944,1.0000089406967163
2023-09-23,26579.390625,1593.8577880859375,19.47390365600586,0.9999790191650391,1.0000669956207275
2023-09-24,26256.826171875,1580.8533935546875,19.374290466308594,1.000087022781372,1.0001349449157715
2023-09-25,26298.48046875,1588.3228759765625,19.40414047241211,1.00005304813385,0.9997850060462952
2023-09-26,26217.25,1593.417236328125,19.023286819458008,1.0000790357589722,0.9996060132980347
2023-09-27,26352.716796875,1597.4912109375,19.130022048950195,1.000156044960022,0.9993860125541687
2023-09-28,27021.546875,1652.8826904296875,19.957616806030273,1.0000640153884888,1.0000170469284058
2023-09-29,26911.720703125,1667.94384765625,20.300655364990234,1.000095009803772,1.0000419616699219
2023-09-30,26967.916015625,1671.161865234375,21.3951473236084,1.0001059770584106,1.0002100467681885
2023-10-01,27983.75,1733.8104248046875,23.83648681640625,1.0000900030136108,0.9998940229415894
2023-10-02,27530.78515625,1663.6275634765625,23.371700286865234,1.0000300407409668,1.0003329515457153
2023-10-03,27429.978515625,1656.6856689453125,23.55269432067871,1.000095009803772,1.0000920295715332
2023-10-04,27799.39453125,1647.838134765625,23.144786834716797,1.000393033027649,1.0004370212554932
2023-10-05,27415.912109375,1611.4764404296875,22.694141387939453,0.9999489784240723,1.0000890493392944
2023-10-06,27946.59765625,1645.83154296875,23.424453735351562,0.9999909996986389,1.0004359483718872
2023-10-07,27968.83984375,1634.51123046875,23.287302017211914,0.9999600052833557,1.0005500316619873
2023-10-08,27935.08984375,1633.548583984375,23.24642562866211,0.9999690055847168,1.0004600286483765
2023-10-09,27583.677734375,1579.806640625,22.118396759033203,0.9999020099639893,1.000080943107605
2023-10-10,27391.01953125,1567.7130126953125,22.10511589050293,0.9999759793281555,1.0000879764556885
2023-10-11,26873.3203125,1566.2547607421875,22.00741958618164,0.999970018863678,0.9997519850730896
2023-10-12,26756.798828125,1539.6124267578125,21.300268173217773,1.000108003616333,0.9997079968452454
2023-10-13,26862.375,1552.0894775390625,21.834917068481445,1.0002390146255493,0.9999600052833557
2023-10-14,26861.70703125,1555.2568359375,22.01171875,1.0001130104064941,1.0001059770584106
2023-10-15,27159.65234375,1558.06982421875,21.922027587890625,1.0003139972686768,1.0003730058670044
2023-10-16,28519.466796875,1600.5343017578125,23.98295783996582,1.0002069473266602,1.000548005104065
2023-10-17,28415.748046875,1565.4395751953125,23.959318161010742,1.0000239610671997,1.0004040002822876
2023-10-18,28328.341796875,1563.7498779296875,23.432138442993164,1.000038981437683,1.0002269744873047
2023-10-19,28719.806640625,1567.45703125,24.93791961669922,0.9999880194664001,1.0004630088806152
2023-10-20,29682.94921875,1604.6668701171875,27.033674240112305,1.0000640153884888,1.0005309581756592
2023-10-21,29918.412109375,1629.304443359375,29.386228561401367,0.9999489784240723,1.0003559589385986
2023-10-22,29993.896484375,1663.429931640625,29.03668212890625,0.9999179840087891,1.0002460479736328
2023-10-23,33086.234375,1765.3826904296875,31.850984573364258,1.0000890493392944,1.0003999471664429
2023-10-24,33901.52734375,1784.4375,30.15153694152832,0.9999939799308777,1.0000150203704834
2023-10-25,34502.8203125,1787.3975830078125,32.46306610107422,1.0001959800720215,1.0004149675369263
2023-10-26,34156.6484375,1804.039306640625,32.77549362182617,1.0000189542770386,1.0001929998397827
2023-10-27,33909.80078125,1780.0452880859375,31.73969841003418,1.0,1.0002570152282715
2023-10-28,34089.57421875,1776.6181640625,31.653318405151367,1.0000560283660889,1.0002529621124268
2023-10-29,34538.48046875,1795.5460205078125,32.822608947753906,1.000022053718567,1.0003869533538818
2023-10-30,34502.36328125,1810.088623046875,34.962337493896484,1.000167965888977,1.0005719661712646
2023-10-31,34667.78125,1816.458984375,38.51951599121094,0.9999399781227112,1.0003149509429932
2023-11-01,35437.25390625,1847.0897216796875,41.461544036865234,1.0002330541610718,1.0006109476089478
2023-11-02,34938.2421875,1800.6209716796875,40.20756912231445,1.0001200437545776,1.0002130270004272
2023-11-03,34732.32421875,1832.795166015625,39.51976013183594,1.0002490282058716,1.0006500482559204
2023-11-04,35082.1953125,1857.6986083984375,42.346595764160156,1.0001749992370605,1.0007810592651367
2023-11-05,35049.35546875,1894.15771484375,41.23860168457031,0.9999970197677612,1.000723958015442
2023-11-06,35037.37109375,1899.83740234375,42.12858963012695,0.9999840259552002,1.0003169775009155
2023-11-07,35443.5625,1888.124267578125,43.09254455566406,1.0000280141830444,1.0005689859390259
2023-11-08,35655.27734375,1889.3223876953125,43.18988800048828,1.000033974647522,1.0003550052642822
2023-11-09,36693.125,2120.56103515625,45.444828033447266,0.9999560117721558,1.0000929832458496
2023-11-10,37313.96875,2078.289794921875,56.64385223388672,0.9995419979095459,0.9999979734420776
2023-11-11,37138.05078125,2052.7138671875,56.1026611328125,0.9997100234031677,0.9998329877853394
2023-11-12,37054.51953125,2045.18701171875,56.15409851074219,0.9996010065078735,1.000143051147461
2023-11-13,36502.35546875,2055.265380859375,51.90705108642578,0.9999629855155945,1.0003739595413208
2023-11-14,35537.640625,1979.0526123046875,56.838375091552734,1.0000250339508057,1.0002590417861938
2023-11-15,37880.58203125,2060.408447265625,65.5344009399414,1.0000300407409668,1.0007699728012085
2023-11-16,36154.76953125,1960.881591796875,57.871402740478516,0.9999520182609558,1.000038981437683
2023-11-17,36596.68359375,1961.28076171875,58.41593551635742,1.0001909732818604,1.0005780458450317
2023-11-18,36585.703125,1963.2850341796875,58.512725830078125,1.000072956085205,1.0005979537963867
2023-11-19,37386.546875,2013.2044677734375,61.393558502197266,0.9999759793281555,1.0004539489746094
2023-11-20,37476.95703125,2022.2391357421875,56.53383255004883,0.9999690055847168,1.0005970001220703
2023-11-21,35813.8125,1937.0667724609375,52.00047302246094,1.0000460147857666,1.0003889799118042
2023-11-22,37432.33984375,2064.42529296875,57.588558197021484,0.9999819993972778,1.0003379583358765
2023-11-23,37289.62109375,2062.210693359375,56.599369049072266,0.9999560117721558,1.000141978263855
2023-11-24,37720.28125,2081.152099609375,56.86643981933594,0.9996320009231567,1.0003529787063599
2023-11-25,37796.79296875,2084.4130859375,58.84648895263672,0.9998869895935059,1.000478982925415
2023-11-26,37479.12109375,2063.2861328125,57.6427001953125,0.9998679757118225,1.0002110004425049
2023-11-27,37254.16796875,2027.4173583984375,55.06462097167969,0.9999989867210388,0.9999799728393555
2023-11-28,37831.0859375,2049.338134765625,58.19437026977539,0.9999139904975891,1.0003770589828491
2023-11-29,37858.4921875,2029.92919921875,59.25012969970703,1.000040054321289,1.0002199411392212
2023-11-30,37712.74609375,2052.55615234375,59.24162292480469,1.0000059604644775,1.000156044960022
2023-12-01,38688.75,2087.139892578125,59.80399703979492,0.999796986579895,1.0001850128173828
2023-12-02,39476.33203125,2165.7041015625,63.83285903930664,0.9999529719352722,1.0003639459609985
2023-12-03,39978.390625,2193.691650390625,63.03996658325195,0.9998959898948669,1.0003089904785156
2023-12-04,41980.09765625,2243.2158203125,61.526615142822266,0.9999210238456726,0.9999129772186279
2023-12-05,44080.6484375,2293.841796875,60.99483108520508,1.00028395652771,1.0005459785461426
2023-12-06,43746.4453125,2231.661376953125,61.902957916259766,1.0000309944152832,1.0000319480895996
2023-12-07,43292.6640625,2357.57958984375,67.83782958984375,0.9999970197677612,1.0003169775009155
2023-12-08,44166.6015625,2358.73193359375,75.00243377685547,0.9999250173568726,1.0001239776611328
2023-12-09,43725.984375,2341.17529296875,72.25760650634766,1.000195026397705,1.0005170106887817
2023-12-10,43779.69921875,2352.462646484375,74.70588684082031,1.0000280141830444,1.0000439882278442
2023-12-11,41243.83203125,2224.578857421875,70.36717224121094,1.0000799894332886,0.999547004699707
2023-12-12,41450.22265625,2202.0380859375,68.54067993164062,1.0003050565719604,0.9997860193252563
2023-12-13,42890.7421875,2260.648681640625,70.76778411865234,1.0000029802322388,1.0001909732818604
2023-12-14,43023.97265625,2316.5791015625,75.62033081054688,0.9999769926071167,1.000154972076416
2023-12-15,41929.7578125,2219.33740234375,72.36898803710938,1.0001699924468994,1.0001499652862549
2023-12-16,42240.1171875,2226.926513671875,73.47350311279297,0.9999729990959167,0.9991819858551025
2023-12-17,41364.6640625,2196.481201171875,71.00051879882812,1.0005459785461426,0.9998769760131836
2023-12-18,42623.5390625,2217.2734375,74.34716033935547,1.0000309944152832,0.9997580051422119
2023-12-19,42270.52734375,2177.87255859375,72.9897689819336,1.0002570152282715,0.9998900294303894
2023-12-20,43652.25,2201.911376953125,82.19123077392578,1.0000269412994385,1.000025987625122
2023-12-21,43869.15234375,2239.54248046875,93.85481262207031,0.9999819993972778,1.0001460313796997
2023-12-22,43997.90234375,2326.52490234375,98.00369262695312,1.0002050399780273,1.0009429454803467
2023-12-23,43739.54296875,2309.04638671875,107.59423065185547,1.0002479553222656,1.0007410049438477
2023-12-24,43016.1171875,2265.692138671875,112.48521423339844,1.0003089904785156,1.0008800029754639
2023-12-25,43613.140625,2272.561767578125,121.1464614868164,1.000396966934204,1.0005619525909424
2023-12-26,42520.40234375,2231.46533203125,112.6767349243164,1.0003570318222046,1.0002340078353882
2023-12-27,43442.85546875,2378.739990234375,107.02379608154297,0.9999610185623169,1.000694990158081
2023-12-28,42627.85546875,2347.566162109375,102.10456848144531,1.00075101852417,1.0011860132217407
2023-12-29,42099.40234375,2300.690673828125,106.31151580810547,1.0003429651260376,1.0004489421844482
2023-12-30,42156.90234375,2292.0654296875,101.84508514404297,1.0003299713134766,1.0003809928894043
2023-12-31,42265.1875,2281.47119140625,101.50582122802734,1.0000699758529663,0.9997299909591675
2024-01-01,44167.33203125,2352.327880859375,109.50868225097656,1.0001310110092163,1.0003679990768433
2024-01-02,44957.96875,2355.83642578125,106.61122131347656,1.000162959098816,1.0005069971084595
2024-01-03,42848.17578125,2210.761962890625,98.59443664550781,1.000182032585144,1.0006569623947144
2024-01-04,44179.921875,2269.0380859375,105.0775375366211,0.9999790191650391,1.0010319948196411
2024-01-05,44162.69140625,2268.647216796875,99.97879028320312,1.0000510215759277,1.000877022743225
2024-01-06,43989.1953125,2241.624755859375,93.85771942138672,1.0001130104064941,1.0005919933319092
2024-01-07,43943.09765625,2222.865966796875,89.2763442993164,0.9999799728393555,1.0006070137023926
2024-01-08,46970.50390625,2333.03271484375,97.79044342041016,0.9998549818992615,1.0005990266799927
2024-01-09,46139.73046875,2344.8271484375,99.40918731689453,0.9999920129776001,1.0001660585403442
2024-01-10,46627.77734375,2582.103515625,102.03302001953125,0.9998149871826172,1.000223994255066
2024-01-11,46368.5859375,2619.619140625,99.90943908691406,1.000236988067627,1.0002470016479492
2024-01-12,42853.16796875,2524.460205078125,91.72090911865234,1.0002950429916382,0.999908983707428
2024-01-13,42842.3828125,2576.597900390625,95.73004913330078,1.0001499652862549,0.9999759793281555
2024-01-14,41796.26953125,2472.2412109375,94.13314056396484,1.0001909732818604,0.9994900226593018
2024-01-15,42511.96875,2511.36376953125,94.49022674560547,1.0005220174789429,0.9997230172157288
2024-01-16,43154.9453125,2587.691162109375,97.62691497802734,1.0002059936523438,0.9998689889907837
2024-01-17,42742.65234375,2528.369384765625,102.0635986328125,1.0001640319824219,0.9991880059242249
2024-01-18,41262.05859375,2467.018798828125,94.2509536743164,1.0002169609069824,0.9992049932479858
2024-01-19,41618.40625,2489.49853515625,93.38616943359375,1.0001909732818604,0.9991859793663025
2024-01-20,41665.5859375,2469.589111328125,92.56983947753906,1.0000499486923218,0.9993109703063965
2024-01-21,41545.78515625,2453.9130859375,90.84843444824219,1.0000189542770386,0.999439001083374
2024-01-22,39507.3671875,2310.826416015625,83.62281036376953,1.0000200271606445,0.9988530278205872
2024-01-23,39845.55078125,2240.68603515625,84.27450561523438,1.000087022781372,0.9992470145225525
2024-01-24,40077.07421875,2233.561767578125,88.73200988769531,1.0001790523529053,0.999737024307251
2024-01-25,39933.80859375,2217.710205078125,86.88921356201172,1.000285029411316,0.9997169971466064
2024-01-26,41816.87109375,2267.19970703125,92.44236755371094,1.0001440048217773,0.9999859929084778
2024-01-27,42120.0546875,2267.885986328125,94.16321563720703,1.0000879764556885,1.000046968460083
2024-01-28,42035.59375,2257.208740234375,95.93798065185547,1.0001230239868164,1.0000009536743164
2024-01-29,43288.24609375,2317.064208984375,101.56666564941406,1.000175952911377,1.0001250505447388
2024-01-30,42952.609375,2344.49365234375,101.47297668457031,1.0000560283660889,1.0000280141830444
2024-01-31,42582.60546875,2282.54443359375,97.0287094116211,1.0001740455627441,1.0000280141830444
2024-02-01,43075.7734375,2303.82470703125,97.84669494628906,1.0003440380096436,0.9999330043792725
2024-02-02,43185.859375,2308.0380859375,100.44052124023438,1.000141978263855,0.9997140169143677
2024-02-03,42992.25,2296.038330078125,97.8799819946289,1.0001449584960938,0.999809980392456
2024-02-04,42583.58203125,2289.546142578125,95.47695922851562,1.0001269578933716,0.9997199773788452
2024-02-05,42658.66796875,2298.888916015625,95.54866027832031,1.0000569820404053,0.9987949728965759
2024-02-06,43084.671875,2372.201904296875,96.86107635498047,1.0002210140228271,0.9999819993972778
2024-02-07,44318.22265625,2423.7451171875,100.97927856445312,1.0000929832458496,0.9998239874839783
2024-02-08,45301.56640625,2419.906494140625,102.78563690185547,1.000048041343689,1.000195026397705
2024-02-09,47147.19921875,2487.515625,106.93333435058594,0.9999250173568726,1.0004899501800537
2024-02-10,47771.27734375,2501.228271484375,109.1314697265625,1.0000139474868774,1.0003180503845215
2024-02-11,48293.91796875,2507.570556640625,107.49528503417969,0.9999420046806335,1.0002789497375488
2024-02-12,49958.22265625,2658.115966796875,111.99275207519531,0.9999729990959167,1.0002789497375488
2024-02-13,49742.44140625,2642.185302734375,112.57930755615234,1.0000959634780884,1.0005919933319092
2024-02-14,51826.6953125,2777.90234375,116.97632598876953,1.0000319480895996,1.000931978225708
2024-02-15,51938.5546875,2824.37890625,113.69940948486328,0.9999639987945557,1.0009440183639526
2024-02-16,52160.203125,2803.69140625,110.44591522216797,1.0000089406967163,1.0006519556045532
2024-02-17,51662.99609375,2786.672607421875,108.98401641845703,1.0000649690628052,1.000359058380127
2024-02-18,52122.546875,2878.998046875,112.17467498779297,1.0000519752502441,1.000236988067627
2024-02-19,51779.14453125,2943.57470703125,111.4853286743164,0.9998760223388672,1.0001020431518555
2024-02-20,52284.875,3013.503662109375,108.45964050292969,0.9999309778213501,1.0001699924468994
2024-02-21,51839.1796875,2970.35546875,105.1252212524414,1.0000309944152832,1.0000139474868774
2024-02-22,51304.97265625,2971.00732421875,101.66979217529297,1.000020980834961,0.9993600249290466
2024-02-23,50731.94921875,2921.658203125,99.95469665527344,1.0000189542770386,0.9998980164527893
2024-02-24,51571.1015625,2992.385986328125,104.1335220336914,1.0001239776611328,1.000059962272644
2024-02-25,51733.23828125,3112.697265625,103.4534912109375,0.999875009059906,0.9999039769172668
2024-02-26,54522.40234375,3178.99365234375,109.91853332519531,0.9999499917030334,1.0007179975509644
2024-02-27,57085.37109375,3244.519287109375,108.3880844116211,0.9999210238456726,1.0003540515899658
2024-02-28,62504.7890625,3385.703857421875,118.05220031738281,0.9999520182609558,1.001060962677002
2024-02-29,61198.3828125,3341.919677734375,125.71151733398438,0.999754011631012,1.0004019737243652
2024-03-01,62440.6328125,3435.053955078125,129.9904022216797,0.9999420046806335,1.0006779432296753
2024-03-02,62029.84765625,3422.0498046875,129.70018005371094,0.9997950196266174,1.0006059408187866
2024-03-03,63167.37109375,3490.99365234375,130.45086669921875,0.9998900294303894,1.0004509687423706
2024-03-04,68330.4140625,3630.433837890625,133.194580078125,0.99993497133255,1.001291036605835
2024-03-05,63801.19921875,3554.964599609375,125.70671081542969,0.9999979734420776,1.0013079643249512
2024-03-06,66106.8046875,3819.226318359375,130.7420196533203,0.999800980091095,1.000445008277893
2024-03-07,66925.484375,3874.34765625,143.9778594970703,0.9997079968452454,1.0014009475708008
2024-03-08,68300.09375,3892.06103515625,145.2400360107422,0.9998970031738281,1.0021899938583374
2024-03-09,68498.8828125,3915.4189453125,144.6072540283203,1.000038981437683,1.0021530389785767
2024-03-10,69019.7890625,3881.193115234375,144.5151824951172,0.9999949932098389,1.0009939670562744
2024-03-11,72123.90625,4066.445068359375,148.75096130371094,0.9999570250511169,1.0002750158309937
2024-03-12,71481.2890625,3980.273193359375,151.01544189453125,0.9999539852142334,1.0000920295715332
2024-03-13,73083.5,4006.45703125,163.83981323242188,0.9997689723968506,1.0005170106887817
2024-03-14,71396.59375,3883.140380859375,176.67974853515625,0.9999319911003113,0.9996790289878845
2024-03-15,69403.7734375,3735.22021484375,182.96469116210938,1.0000369548797607,1.0001239776611328
2024-03-16,65315.1171875,3522.860107421875,181.88034057617188,1.000115990638733,0.999243974685669
2024-03-17,68390.625,3642.4130859375,202.12356567382812,1.0001540184020996,0.9993709921836853
2024-03-18,67548.59375,3517.985107421875,195.9927520751953,0.9999060034751892,0.9999160170555115
2024-03-19,61912.7734375,3157.6181640625,170.0162811279297,1.0000989437103271,0.9994800090789795
2024-03-20,67913.671875,3513.39306640625,191.54962158203125,1.0001749992370605,1.0002590417861938
2024-03-21,65491.390625,3492.9912109375,179.2207489013672,1.000108003616333,0.9998049736022949
2024-03-22,63778.76171875,3333.68798828125,174.36370849609375,1.0000499486923218,1.0002659559249878
2024-03-23,64062.203125,3336.593994140625,172.90225219726562,1.0001980066299438,1.000303030014038
2024-03-24,67234.171875,3454.636474609375,183.57345581054688,1.000148057937622,0.9999840259552002
2024-03-25,69958.8125,3590.8837890625,189.0835418701172,0.9999150037765503,1.0002230405807495
2024-03-26,69987.8359375,3587.5048828125,190.69985961914062,1.0000569820404053,1.0000189542770386
2024-03-27,69455.34375,3500.115234375,186.36146545410156,1.0000779628753662,0.9996470212936401
2024-03-28,70744.953125,3561.2939453125,189.6216278076172,1.0000269412994385,1.000100016593933
2024-03-29,69892.828125,3511.80615234375,192.2279510498047,0.9998800158500671,1.0004899501800537
2024-03-30,69645.3046875,3507.9443359375,194.3855438232422,0.9999579787254333,1.000430941581726
2024-03-31,71333.6484375,3647.8564453125,202.87413024902344,0.9999979734420776,1.000040054321289
2024-04-01,69702.1484375,3505.030029296875,192.5678253173828,1.000048041343689,1.0004119873046875
2024-04-02,65446.97265625,3277.234619140625,181.17225646972656,0.9999960064888,1.0002260208129883
2024-04-03,65980.8125,3311.44189453125,185.2486114501953,0.9999979734420776,1.0003180503845215
2024-04-04,68508.84375,3330.04052734375,183.95811462402344,1.000040054321289,1.0003830194473267
2024-04-05,67837.640625,3318.88525390625,174.5015106201172,0.9998549818992615,1.0002739429473877
2024-04-06,68896.109375,3354.183837890625,178.91534423828125,1.0000560283660889,1.000223994255066
2024-04-07,69362.5546875,3453.49462890625,179.6498565673828,0.9999210238456726,0.9999240040779114
2024-04-08,71631.359375,3695.292724609375,180.78477478027344,1.0002100467681885,1.0001660585403442
2024-04-09,69139.015625,3505.163330078125,172.4136199951172,0.9999930262565613,0.999763011932373
2024-04-10,70587.8828125,3543.737060546875,173.43736267089844,1.0001640319824219,1.0001169443130493
2024-04-11,70060.609375,3505.247802734375,172.5763702392578,1.0003139972686768,1.0005500316619873
2024-04-12,67195.8671875,3243.034912109375,153.63546752929688,0.9999619722366333,1.0004479885101318
2024-04-13,63821.47265625,3004.900390625,139.34169006347656,0.9999399781227112,1.0012129545211792
2024-04-14,65738.7265625,3156.94189453125,151.28494262695312,1.0002909898757935,1.00108003616333
2024-04-15,63426.2109375,3101.600341796875,138.5086212158203,1.000156044960022,1.0003770589828491
2024-04-16,63811.86328125,3084.920166015625,136.27932739257812,1.0000009536743164,1.000393033027649
2024-04-17,61276.69140625,2984.7275390625,131.86618041992188,1.0000029802322388,0.9999939799308777
2024-04-18,63512.75390625,3066.027587890625,142.0823974609375,1.0001620054244995,1.0005509853363037
2024-04-19,63843.5703125,3059.278564453125,142.6804962158203,1.0000900030136108,1.000594973564148
2024-04-20,64994.44140625,3157.627197265625,151.13356018066406,1.0000590085983276,1.0004290342330933
2024-04-21,64926.64453125,3147.28857421875,148.60931396484375,1.0000070333480835,1.0002130270004272
2024-04-22,66837.6796875,3201.652099609375,157.03121948242188,1.0000499486923218,1.0003360509872437
2024-04-23,66407.2734375,3219.91162109375,154.70130920410156,0.9999979734420776,1.0000929832458496
2024-04-24,64276.8984375,3139.80517578125,147.74514770507812,1.0004520416259766,0.9998019933700562
2024-04-25,64481.70703125,3156.509521484375,144.89212036132812,1.0000009536743164,0.9998270273208618
2024-04-26,63755.3203125,3130.164794921875,139.10433959960938,1.0000760555267334,0.9997000098228455
2024-04-27,63419.140625,3252.168212890625,141.28916931152344,1.000033974647522,0.9993939995765686
2024-04-28,63113.23046875,3262.774658203125,137.85641479492188,1.0000640153884888,0.9997320175170898
2024-04-29,63841.12109375,3215.428955078125,137.7766571044922,1.0000109672546387,0.9997130036354065
2024-04-30,60636.85546875,3012.286865234375,126.96270751953125,0.9999359846115112,0.9991620182991028
2024-05-01,58254.01171875,2969.78466796875,134.6279754638672,0.999966025352478,0.9985569715499878
2024-05-02,59123.43359375,2988.16845703125,137.81448364257812,1.0001020431518555,1.00005304813385
2024-05-03,62889.8359375,3103.5419921875,143.77255249023438,1.0001709461212158,1.0005470514297485
2024-05-04,63891.47265625,3117.576416015625,146.1350555419922,1.0000920295715332,1.000148057937622
2024-05-05,64031.1328125,3137.2490234375,145.71302795410156,1.0002260208129883,1.0002540349960327
2024-05-06,63161.94921875,3062.728759765625,152.80239868164062,1.0000180006027222,1.0000380277633667
2024-05-07,62334.81640625,3006.5771484375,148.1343231201172,0.9998499751091003,1.0
2024-05-08,61187.94140625,2973.6572265625,142.29473876953125,0.9999110102653503,0.999584972858429
2024-05-09,63049.9609375,3036.0205078125,152.84994506835938,1.000067949295044,0.9998679757118225
2024-05-10,60792.77734375,2909.791259765625,146.21690368652344,1.0001020431518555,0.9998610019683838
2024-05-11,60793.7109375,2911.60205078125,145.3143768310547,0.9999650120735168,0.9997590184211731
2024-05-12,61448.39453125,2928.701904296875,143.52081298828125,1.0000269412994385,0.9995660185813904
2024-05-13,62901.44921875,2949.359619140625,147.28233337402344,1.0000230073928833,0.9998559951782227
2024-05-14,61552.7890625,2881.157958984375,142.0303955078125,1.0001039505004883,0.9995920062065125
2024-05-15,66267.4921875,3037.056640625,158.18682861328125,1.0001280307769775,1.0005470514297485
2024-05-16,65231.58203125,2945.131103515625,159.116455078125,0.9999709725379944,1.0000979900360107
2024-05-17,67051.875,3094.11865234375,169.53054809570312,1.0000180006027222,1.0003999471664429
2024-05-18,66940.8046875,3122.948974609375,172.5391387939453,1.000082015991211,1.0002059936523438
2024-05-19,66278.3671875,3071.843017578125,170.0913543701172,0.9999529719352722,0.9999120235443115
2024-05-20,71448.1953125,3663.85546875,186.52049255371094,0.9999030232429504,1.0000979900360107
2024-05-21,70136.53125,3789.312744140625,178.11614990234375,1.000038981437683,0.999879002571106
2024-05-22,69122.3359375,3737.2177734375,176.86077880859375,0.9998610019683838,0.999455988407135
2024-05-23,67929.5625,3776.92724609375,175.98577880859375,1.000082015991211,0.9995790123939514
2024-05-24,68526.1015625,3726.9345703125,167.7969207763672,1.0000799894332886,0.999809980392456
2024-05-25,69265.9453125,3749.236572265625,168.43763732910156,0.9999139904975891,0.9998850226402283
2024-05-26,68518.09375,3825.8974609375,163.3509063720703,0.9999529719352722,0.9995279908180237
2024-05-27,69394.5546875,3892.0068359375,169.9961395263672,1.0000330209732056,0.9992120265960693
2024-05-28,68296.21875,3840.25634765625,168.65084838867188,0.9999979734420776,0.9989020228385925
2024-05-29,67578.09375,3763.196533203125,168.0726776123047,1.000048041343689,0.9987620115280151
2024-05-30,68364.9921875,3746.849609375,166.97653198242188,0.9999909996986389,0.9996579885482788
2024-05-31,67491.4140625,3760.026611328125,165.63771057128906,1.0000900030136108,0.9989950060844421
2024-06-01,67706.9375,3813.198974609375,166.03067016601562,1.0000309944152832,0.9992920160293579
2024-06-02,67751.6015625,3780.89599609375,163.24990844726562,0.999908983707428,0.9994029998779297
2024-06-03,68804.78125,3766.38916015625,164.9234619140625,0.9999639987945557,0.9997990131378174
2024-06-04,70567.765625,3812.515869140625,171.8019256591797,1.000115990638733,1.0002180337905884
2024-06-05,71082.8203125,3864.260986328125,173.48291015625,1.0000319480895996,1.0001139640808105
2024-06-06,70757.1640625,3811.60595703125,170.01622009277344,0.9998239874839783,0.999521017074585
2024-06-07,69342.5859375,3678.629150390625,162.50704956054688,1.0000929832458496,0.9996240139007568
2024-06-08,69305.7734375,3680.949951171875,157.96890258789062,1.0000159740447998,0.9999189972877502
2024-06-09,69647.9921875,3705.90380859375,162.08360290527344,0.9999520182609558,0.9999039769172668
2024-06-10,69512.28125,3666.717529296875,158.9280242919922,0.99993497133255,0.999580979347229
2024-06-11,67332.03125,3498.33056640625,149.42898559570312,1.000082015991211,0.9999409914016724
2024-06-12,68241.1875,3559.61767578125,155.1775665283203,0.9999740123748779,0.9996820092201233
2024-06-13,66756.3984375,3469.28125,147.31442260742188,0.9999840259552002,0.9996050000190735
2024-06-14,66011.09375,3480.27197265625,143.0944366455078,0.999925971031189,0.9994710087776184
2024-06-15,66191.0,3565.549560546875,145.41221618652344,1.000082015991211,0.9994670152664185
2024-06-16,66639.046875,3620.5634765625,151.12550354003906,0.999970018863678,0.9992930293083191
2024-06-17,66490.296875,3511.37890625,143.3342742919922,1.0000590085983276,0.9996449947357178
2024-06-18,65140.74609375,3483.681396484375,137.50399780273438,1.0000289678573608,0.9995499849319458
2024-06-19,64960.296875,3559.347412109375,135.60960388183594,1.000100016593933,0.9997959733009338
2024-06-20,64828.65625,3511.0869140625,133.47296142578125,1.000048041343689,0.9993990063667297
2024-06-21,64096.19921875,3516.07568359375,134.5883026123047,1.000033974647522,0.9994789958000183
2024-06-22,64252.578125,3494.8134765625,133.6702423095703,1.0000020265579224,0.9995729923248291
2024-06-23,63180.796875,3418.61181640625,128.59042358398438,0.9999480247497559,0.999343991279602
2024-06-24,60277.4140625,3350.25634765625,132.24139404296875,1.0000519752502441,0.9994080066680908
2024-06-25,61804.640625,3395.029052734375,136.5592041015625,1.0000170469284058,0.9998080134391785
2024-06-26,60811.27734375,3369.477294921875,136.60914611816406,0.9998229742050171,0.9993240237236023
2024-06-27,61604.80078125,3444.800537109375,149.44837951660156,0.9998070001602173,0.9985970258712769
2024-06-28,60320.13671875,3373.635986328125,139.70339965820312,1.0000369548797607,0.9981369972229004
2024-06-29,60887.37890625,3372.9677734375,140.01014709472656,0.9998160004615784,0.9983659982681274
2024-06-30,62678.29296875,3432.88916015625,146.49249267578125,0.9999330043792725,0.9984089732170105
2024-07-01,62851.98046875,3440.341552734375,146.59506225585938,0.9999449849128723,0.9989680051803589
2024-07-02,62029.015625,3416.354736328125,153.7004852294922,0.9998800158500671,0.9984530210494995
2024-07-03,60173.921875,3292.916748046875,140.73141479492188,0.9999039769172668,0.9988530278205872
2024-07-04,56977.703125,3054.52197265625,127.55081939697266,0.999925971031189,0.9996610283851624
2024-07-05,56662.375,2981.5986328125,134.3693389892578,1.0000079870224,1.0000269412994385
2024-07-06,58303.5390625,3069.3779296875,143.24118041992188,0.9999359846115112,1.0000979900360107
2024-07-07,55849.109375,2929.38720703125,131.7740936279297,0.9999020099639893,0.9998319745063782
2024-07-08,56705.09765625,3018.73193359375,139.4636993408203,0.9999229907989502,0.9998189806938171
2024-07-09,58009.2265625,3064.032958984375,141.34844970703125,0.9999719858169556,1.000012993812561
2024-07-10,57742.49609375,3102.21875,141.97479248046875,0.9999390244483948,0.9998769760131836
2024-07-11,57344.9140625,3100.330810546875,135.8832244873047,0.9999939799308777,1.00006902217865
2024-07-12,57899.46484375,3134.15869140625,139.52801513671875,0.9999970197677612,1.000223994255066
2024-07-13,59231.953125,3177.19873046875,141.9249725341797,1.0001150369644165,1.0003000497817993
2024-07-14,60787.79296875,3244.0791015625,147.622314453125,0.9999439716339111,1.0002800226211548
2024-07-15,64870.15234375,3489.552734375,159.93397521972656,1.0000649690628052,1.0007929801940918
2024-07-16,65097.1484375,3443.513427734375,160.5518798828125,1.0001410245895386,1.0006259679794312
2024-07-17,64118.79296875,3388.75244140625,155.5841064453125,1.0000849962234497,1.0001859664916992
2024-07-18,63974.06640625,3426.258544921875,159.07241821289062,0.9999390244483948,0.9998310208320618
2024-07-19,66710.15625,3505.73486328125,169.1858673095703,0.9999960064888,1.0005179643630981
2024-07-20,67163.6484375,3519.29541015625,173.89178466796875,1.0000519752502441,1.0004470348358154
2024-07-21,68154.5234375,3536.60546875,184.54161071777344,1.0000250339508057,1.0001909732818604
2024-07-22,67585.25,3440.419921875,178.97828674316406,1.0000280141830444,1.0004169940948486
2024-07-23,65927.671875,3481.995849609375,172.757568359375,0.9999520182609558,1.000161051750183
2024-07-24,65372.1328125,3336.33935546875,178.0323028564453,0.9998660087585449,0.9998220205307007
2024-07-25,65777.2265625,3174.42724609375,171.96307373046875,1.0000139474868774,0.9998109936714172
2024-07-26,67912.0625,3275.951416015625,183.13671875,1.0001790523529053,1.000175952911377
2024-07-27,67813.3359375,3247.60791015625,184.0854034423828,1.000054955482483,1.000087022781372
2024-07-28,68255.8671875,3271.464599609375,184.88607788085938,0.9999060034751892,0.9999079704284668
2024-07-29,66819.9140625,3320.539306640625,182.7805938720703,0.9999639987945557,0.9997950196266174
2024-07-30,66201.015625,3278.667724609375,179.10719299316406,1.0000020265579224,0.9998300075531006
2024-07-31,64619.25,3231.295654296875,171.82615661621094,1.0000360012054443,0.9997329711914062
2024-08-01,65357.5,3201.564453125,167.672119140625,1.0000040531158447,0.9991080164909363
2024-08-02,61415.06640625,2986.01318359375,152.6382293701172,0.9998840093612671,0.9986749887466431
2024-08-03,60680.09375,2903.3857421875,142.9219970703125,1.0000569820404053,0.9995989799499512
2024-08-04,58116.9765625,2686.39892578125,138.05508422851562,0.9999709725379944,0.9996799826622009
2024-08-05,53991.45703125,2417.206298828125,129.8643035888672,1.0000170469284058,1.0003650188446045
2024-08-06,56034.31640625,2458.723876953125,144.09036254882812,1.0001569986343384,1.0005730390548706
2024-08-07,55027.4609375,2336.58935546875,144.63209533691406,1.0000519752502441,1.0002729892730713
2024-08-08,61710.13671875,2683.352783203125,162.9307403564453,0.999925971031189,1.0002789497375488
2024-08-09,60880.11328125,2599.5986328125,156.45721435546875,1.0001720190048218,1.0005780458450317
2024-08-10,60945.8125,2610.02294921875,153.95916748046875,0.9999589920043945,1.0002110004425049
2024-08-11,58719.484375,2553.252197265625,141.52685546875,0.9998440146446228,1.0000449419021606
2024-08-12,59354.515625,2724.431884765625,146.45423889160156,0.9999210238456726,1.0001800060272217
2024-08-13,60609.56640625,2703.671875,146.7126922607422,0.9998980164527893,1.0002659559249878
2024-08-14,58737.26953125,2662.914794921875,143.9234619140625,0.9999809861183167,1.000290036201477
2024-08-15,57560.09765625,2570.087646484375,142.74581909179688,1.0000929832458496,1.000236988067627
2024-08-16,58894.10546875,2593.1865234375,139.33056640625,0.9999629855155945,1.0002909898757935
2024-08-17,59478.97265625,2614.546875,141.7985076904297,1.0000020265579224,1.0002089738845825
2024-08-18,58483.96484375,2613.357177734375,142.58688354492188,1.0004769563674927,1.000641942024231
2024-08-19,59493.453125,2637.306396484375,144.34368896484375,1.0001670122146606,1.000525951385498
2024-08-20,59012.79296875,2573.10693359375,143.16773986816406,0.9999579787254333,1.0000460147857666
2024-08-21,61175.19140625,2631.3955078125,142.70960998535156,1.0000180006027222,1.0003060102462769
2024-08-22,60381.9140625,2622.951416015625,143.2579345703125,0.9999809861183167,1.0002280473709106
2024-08-23,64094.35546875,2764.447021484375,153.10708618164062,1.0,1.0008389949798584
2024-08-24,64178.9921875,2769.3896484375,160.73175048828125,0.9999470114707947,1.0004119873046875
2024-08-25,64333.54296875,2749.15771484375,158.90911865234375,1.0000369548797607,1.0005450248718262
2024-08-26,62880.66015625,2681.340576171875,157.23687744140625,0.9999189972877502,1.000201940536499
2024-08-27,59504.1328125,2458.7265625,146.8970947265625,1.0000269412994385,1.0003269910812378
2024-08-28,59027.625,2528.41552734375,143.89138793945312,0.9999189972877502,1.0001499652862549
2024-08-29,59388.1796875,2528.792724609375,140.0540313720703,0.9999629855155945,1.0001590251922607
2024-08-30,59119.4765625,2525.822021484375,138.09999084472656,0.9999719858169556,0.9998930096626282
2024-08-31,58969.8984375,2513.393798828125,135.37425231933594,0.9999719858169556,0.9998840093612671
2024-09-01,57325.48828125,2427.90234375,128.6905517578125,0.9999930262565613,1.0000059604644775
2024-09-02,59112.48046875,2538.187255859375,135.0023651123047,0.9999330043792725,0.9998949766159058
2024-09-03,57431.0234375,2420.603759765625,127.57758331298828,0.9999979734420776,0.9997509717941284
2024-09-04,57971.5390625,2448.97705078125,133.60391235351562,1.0000150203704834,1.0000189542770386
2024-09-05,56160.48828125,2367.737548828125,129.32894897460938,1.0000419616699219,0.999754011631012
2024-09-06,53948.75390625,2223.87646484375,124.99007415771484,1.0000560283660889,0.9997419714927673
2024-09-07,54139.6875,2274.107177734375,127.72156524658203,0.9999679923057556,0.9998499751091003
2024-09-08,54841.56640625,2297.29296875,129.98951721191406,0.9999120235443115,0.99993497133255
2024-09-09,57019.53515625,2358.482177734375,135.02561950683594,0.9999120235443115,1.0001449584960938
2024-09-10,57648.7109375,2389.5810546875,135.63522338867188,0.9999070167541504,1.0000170469284058
2024-09-11,57343.171875,2339.841552734375,132.4973907470703,0.9999560117721558,1.0001369714736938
2024-09-12,58127.01171875,2361.78173828125,136.14190673828125,1.000012993812561,0.9999719858169556
2024-09-13,60571.30078125,2441.607177734375,139.1005401611328,1.0001709461212158,1.0007779598236084
2024-09-14,60005.12109375,2418.595703125,137.17977905273438,0.999891996383667,1.0002069473266602
2024-09-15,59182.8359375,2320.897216796875,131.4993896484375,1.0000499486923218,1.000067949295044
2024-09-16,58192.5078125,2295.28369140625,131.47259521484375,0.9999420046806335,0.9999369978904724
2024-09-17,60308.5390625,2341.707763671875,131.53707885742188,0.9998469948768616,1.0000879764556885
2024-09-18,61649.6796875,2369.72900390625,133.99185180664062,0.999809980392456,1.0004349946975708
2024-09-19,62940.45703125,2464.752197265625,142.83627319335938,0.9999449849128723,1.0001980066299438
2024-09-20,63192.9765625,2561.072021484375,146.56680297851562,1.0000150203704834,1.0001109838485718
2024-09-21,63394.83984375,2615.857177734375,149.52703857421875,1.0001510381698608,1.000309944152832
2024-09-22,63648.7109375,2582.862548828125,144.80364990234375,1.0000200271606445,1.0000879764556885
2024-09-23,63329.80078125,2648.54638671875,144.8149871826172,1.0000449419021606,0.9999989867210388
2024-09-24,64301.96875,2654.35498046875,152.89215087890625,0.9999269843101501,0.9999679923057556
2024-09-25,63143.14453125,2579.388671875,148.02342224121094,0.9999880194664001,0.9998549818992615
2024-09-26,65181.01953125,2632.199951171875,155.5760955810547,1.000095009803772,1.0002429485321045
2024-09-27,65790.6640625,2695.900634765625,157.74993896484375,0.9999309778213501,1.0001790523529053
2024-09-28,65887.6484375,2677.5390625,156.9124298095703,0.9999669790267944,1.0001859664916992
2024-09-29,65635.3046875,2659.346923828125,158.62916564941406,0.9998990297317505,1.0001399517059326
2024-09-30,63329.5,2603.062744140625,152.61846923828125,0.9999449849128723,0.999813973903656
2024-10-01,60837.0078125,2448.921142578125,145.28988647460938,0.9999579787254333,0.9997879862785339
2024-10-02,60632.78515625,2365.231689453125,140.38555908203125,0.9999690055847168,0.9997509717941284
2024-10-03,60759.40234375,2349.791259765625,136.78518676757812,1.0000540018081665,0.9999939799308777
2024-10-04,62067.4765625,2414.7939453125,143.17227172851562,1.0000890493392944,1.0001510381698608
2024-10-05,62089.94921875,2415.6318359375,142.7117462158203,0.9999849796295166,0.9999759793281555
2024-10-06,62818.953125,2439.957763671875,146.44236755371094,0.9999390244483948,0.9998459815979004
2024-10-07,62236.66015625,2421.796630859375,143.99179077148438,1.0001150369644165,0.9999709725379944
2024-10-08,62131.96875,2439.8408203125,143.39442443847656,0.9999279975891113,0.9994199872016907
2024-10-09,60582.1015625,2368.283447265625,139.31553649902344,0.9998400211334229,0.9990710020065308
2024-10-10,60274.5,2383.85791015625,138.88841247558594,1.0000050067901611,0.9992089867591858
2024-10-11,62445.08984375,2436.513427734375,145.3811492919922,0.999879002571106,0.9997559785842896
2024-10-12,63193.0234375,2476.523193359375,146.5002899169922,0.9999250173568726,0.9997569918632507
2024-10-13,62851.375,2467.677001953125,147.5724334716797,0.9998000264167786,0.9995570182800293
2024-10-14,66046.125,2628.89990234375,157.44512939453125,0.9997680187225342,0.9995030164718628
2024-10-15,67041.109375,2606.02197265625,154.7206268310547,0.999908983707428,0.9998080134391785
2024-10-16,67612.71875,2611.10205078125,154.23422241210938,0.999845027923584,0.9998350143432617
2024-10-17,67399.8359375,2604.2734375,150.31602478027344,0.9998649954795837,0.9996830224990845
2024-10-18,68418.7890625,2641.55224609375,154.97593688964844,0.9999200105667114,0.9999079704284668
2024-10-19,68362.734375,2648.656982421875,159.6393585205078,0.9999759793281555,0.9999489784240723
2024-10-20,69001.703125,2746.364013671875,166.9398193359375,0.9999070167541504,0.999701976776123
2024-10-21,67367.8515625,2665.712158203125,166.2168731689453,0.999908983707428,0.9998329877853394
2024-10-22,67361.40625,2620.197509765625,167.26014709472656,0.9998499751091003,0.9993879795074463
2024-10-23,66432.1953125,2509.098876953125,170.9324951171875,0.9999880194664001,0.9991940259933472
2024-10-24,68161.0546875,2534.49853515625,177.1569366455078,1.0000020265579224,0.9995070099830627
2024-10-25,66642.4140625,2435.93408203125,164.75689697265625,0.9998229742050171,0.9981629848480225
2024-10-26,67014.6953125,2479.603271484375,170.70596313476562,0.9998289942741394,0.9987220168113708
2024-10-27,67929.296875,2505.940673828125,176.5491943359375,0.9999570250511169,0.9987450242042542
2024-10-28,69907.7578125,2565.34814453125,178.1049041748047,0.9998549818992615,0.999305009841919
2024-10-29,72720.4921875,2637.95751953125,179.36074829101562,0.9999340176582336,0.9997289776802063
2024-10-30,72339.5390625,2657.37255859375,174.9249725341797,0.9998319745063782,0.9996320009231567
2024-10-31,70215.1875,2515.79931640625,168.42999267578125,1.0000120401382446,0.9986230134963989
2024-11-01,69482.46875,2511.885498046875,166.2621307373047,0.9998480081558228,0.9994419813156128
2024-11-02,69289.2734375,2491.068603515625,166.01034545898438,0.9999740123748779,0.9996569752693176
2024-11-03,68741.1171875,2456.42529296875,162.55130004882812,0.9999060034751892,0.9995909929275513
2024-11-04,67811.5078125,2397.0263671875,157.74710083007812,1.000182032585144,0.9995650053024292
2024-11-05,69359.5625,2422.650634765625,166.72239685058594,1.0000369548797607,1.0000009536743164
2024-11-06,75639.078125,2724.169189453125,186.9547882080078,0.9999769926071167,1.000830054283142
2024-11-07,75904.859375,2895.58544921875,196.3345947265625,0.9999759793281555,1.0007150173187256
2024-11-08,76545.4765625,2962.296630859375,199.9390106201172,0.9996539950370789,1.0004589557647705
2024-11-09,76778.8671875,3131.14453125,200.19491577148438,0.9999179840087891,1.000440001487732
2024-11-10,80474.1875,3191.331298828125,210.6137237548828,0.9999939799308777,1.0006929636001587
2024-11-11,88701.484375,3374.81298828125,222.6416778564453,0.9997779726982117,1.0011160373687744
2024-11-12,87955.8125,3246.25732421875,212.2318115234375,1.00006103515625,1.0009820461273193
2024-11-13,90584.1640625,3192.595947265625,215.18455505371094,1.0000430345535278,1.0012710094451904
2024-11-14,87250.4296875,3058.94873046875,209.2190704345703,0.9999290108680725,1.0000189542770386
2024-11-15,91066.0078125,3103.04052734375,218.09490966796875,0.9998279809951782,1.0003670454025269
2024-11-16,90558.4765625,3133.27392578125,215.8488311767578,0.9997379779815674,1.0002599954605103
2024-11-17,89845.8515625,3075.66162109375,237.57553100585938,1.0000439882278442,1.0002189874649048
2024-11-18,90542.640625,3207.8564453125,239.79425048828125,0.9999690055847168,1.0005910396575928
2024-11-19,92343.7890625,3111.384033203125,238.09754943847656,1.000033974647522,1.0013370513916016
2024-11-20,94339.4921875,3072.18798828125,235.4236602783203,0.9998990297317505,1.0007619857788086
2024-11-21,98504.7265625,3361.053955078125,257.0658874511719,0.9999470114707947,1.001054048538208
2024-11-22,98997.6640625,3331.600830078125,256.5186767578125,1.0000250339508057,1.0011210441589355
2024-11-23,97777.28125,3396.223388671875,255.1785125732422,0.9999549984931946,1.0009260177612305
2024-11-24,98013.8203125,3363.659912109375,252.91952514648438,0.9998120069503784,1.000862956047058
2024-11-25,93102.296875,3413.5439453125,234.4466094970703,0.9999849796295166,0.9999889731407166
2024-11-26,91985.3203125,3326.517333984375,230.9781951904297,1.0000920295715332,0.9996539950370789
2024-11-27,95962.53125,3657.249267578125,242.30221557617188,0.999970018863678,1.0009939670562744
2024-11-28,95652.46875,3579.8115234375,237.76400756835938,1.0000309944152832,1.0001540184020996
2024-11-29,97461.5234375,3593.494384765625,243.54949951171875,0.9998689889907837,1.000365972518921
2024-11-30,96449.0546875,3705.705322265625,237.74374389648438,1.0000580549240112,1.0006300210952759
2024-12-01,97279.7890625,3711.1650390625,237.06993103027344,0.9999920129776001,1.0007619857788086
2024-12-02,95865.3046875,3644.198486328125,225.75619506835938,0.9999560117721558,1.0003490447998047
2024-12-03,96002.1640625,3620.711669921875,234.2003173828125,1.0002590417861938,1.0009859800338745
2024-12-04,98768.53125,3841.3310546875,229.11929321289062,0.9998700022697449,1.0013370513916016
2024-12-05,96593.5703125,3811.00830078125,233.9987030029297,1.0002399682998657,1.0022239685058594
2024-12-06,99920.7109375,4005.810546875,237.0510711669922,0.9998430013656616,1.001539945602417
2024-12-07,99923.3359375,4002.692626953125,238.54795837402344,0.9999589920043945,1.000910997390747
2024-12-08,101236.015625,4005.70458984375,236.67233276367188,1.000133991241455,1.0008009672164917
2024-12-09,97432.71875,3718.6904296875,217.34146118164062,0.9999600052833557,1.0004470348358154
2024-12-10,96675.4296875,3631.833740234375,213.82461547851562,1.0000089406967163,1.0006979703903198
2024-12-11,101173.03125,3832.822021484375,227.44683837890625,0.999763011932373,1.0005509853363037
2024-12-12,100043.0,3883.1015625,227.02671813964844,0.9999150037765503,1.0001039505004883
2024-12-13,101459.2578125,3911.205322265625,224.83729553222656,0.9998869895935059,1.0001319646835327
2024-12-14,101372.96875,3868.4052734375,219.84075927734375,0.9997209906578064,0.9997119903564453
2024-12-15,104298.6953125,3951.941162109375,223.6576690673828,0.9997289776802063,0.9994379878044128
2024-12-16,106029.71875,3987.48095703125,216.3349609375,0.9997760057449341,1.0001410245895386
2024-12-17,106140.6015625,3886.76611328125,222.8167266845703,0.9999200105667114,1.0000519752502441
2024-12-18,100041.5390625,3618.791259765625,206.38174438476562,1.0000070333480835,0.9996659755706787
2024-12-19,97490.953125,3417.927978515625,194.28451538085938,1.0001250505447388,0.9991999864578247
2024-12-20,97755.9296875,3472.553466796875,194.2081756591797,1.0000360012054443,0.9995260238647461
2024-12-21,97224.7265625,3337.222412109375,181.30145263671875,1.0000020265579224,0.9997699856758118
2024-12-22,95104.9375,3277.53515625,180.16891479492188,1.0000050067901611,0.9990730285644531
2024-12-23,94686.2421875,3415.785400390625,189.75369262695312,1.0000170469284058,0.9987210035324097
2024-12-24,98676.09375,3492.0498046875,196.98902893066406,1.0000070333480835,0.9993100166320801
2024-12-25,99299.1953125,3493.2353515625,197.4790802001953,1.0000070333480835,0.9991679787635803
2024-12-26,95795.515625,3331.225830078125,188.21810913085938,0.9998890161514282,0.9987840056419373
2024-12-27,94164.859375,3328.9169921875,183.82847595214844,1.0000499486923218,0.9986330270767212
2024-12-28,95163.9296875,3397.90234375,195.01353454589844,1.0000410079956055,0.9981849789619446
2024-12-29,93530.2265625,3349.513427734375,189.7442626953125,0.9999759793281555,0.9981480240821838
2024-12-30,92643.2109375,3356.392578125,191.02804565429688,0.9998779892921448,0.9980729818344116
2024-12-31,93429.203125,3332.53173828125,189.2644805908203,0.9999819993972778,0.9980779886245728
2025-01-01,94419.7578125,3353.504150390625,193.8737335205078,0.9999449849128723,0.9978430271148682
2025-01-02,96886.875,3451.392578125,207.7670440673828,1.0000380277633667,0.999114990234375
2025-01-03,98107.4296875,3605.009765625,217.74732971191406,0.9998909831047058,0.9995020031929016
2025-01-04,98236.2265625,3657.706787109375,216.6229248046875,1.0002089738845825,0.999983012676239
2025-01-05,98314.9609375,3634.103759765625,213.3936309814453,1.0000619888305664,0.9998540282249451
2025-01-06,102078.0859375,3688.611328125,218.72312927246094,0.999966025352478,1.000427007675171
2025-01-07,96922.703125,3381.577392578125,202.23025512695312,1.0001089572906494,0.9999240040779114
2025-01-08,95043.5234375,3326.329345703125,197.55905151367188,0.9999840259552002,0.9997599720954895
2025-01-09,92484.0390625,3219.4306640625,185.02528381347656,1.0000180006027222,0.9999650120735168
2025-01-10,94701.453125,3267.489990234375,187.5791778564453,1.0000760555267334,0.9999110102653503
2025-01-11,94566.59375,3282.2177734375,187.99551391601562,0.9999520182609558,0.9996119737625122
2025-01-12,94488.4375,3265.951171875,188.5603790283203,0.9999669790267944,0.999534010887146
2025-01-13,94516.5234375,3135.499755859375,182.83535766601562,0.9999639987945557,0.9995449781417847
2025-01-14,96534.046875,3223.6845703125,187.49859619140625,1.0001330375671387,0.9997929930686951
2025-01-15,100504.4921875,3450.53759765625,205.91134643554688,0.9998900294303894,1.0000330209732056
2025-01-16,99756.90625,3308.34521484375,211.22784423828125,1.0000100135803223,0.9998999834060669
2025-01-17,104462.0390625,3474.107177734375,219.62161254882812,0.9999290108680725,1.000296950340271
2025-01-18,104408.0703125,3305.78955078125,261.8697509765625,1.0000330209732056,0.9990590214729309
2025-01-19,101089.609375,3208.96435546875,250.58636474609375,1.000519037246704,0.9990329742431641
2025-01-20,102016.6640625,3278.035400390625,242.25022888183594,1.0001070499420166,0.9989510178565979
2025-01-21,106146.265625,3327.40625,250.41378784179688,0.9998760223388672,0.9999179840087891
2025-01-22,103653.0703125,3240.224609375,257.23736572265625,0.9999740123748779,0.9995419979095459
2025-01-23,103960.171875,3334.714111328125,253.4552001953125,0.9999650120735168,1.0001579523086548
2025-01-24,104819.484375,3309.554931640625,253.36122131347656,0.9999189972877502,0.999891996383667
2025-01-25,104714.6484375,3317.26953125,256.0735778808594,0.9999889731407166,0.9998819828033447
2025-01-26,102682.5,3236.13427734375,240.88345336914062,0.9999809861183167,0.9996500015258789
2025-01-27,102087.6875,3178.92041015625,235.07444763183594,1.0000669956207275,0.9999600052833557
2025-01-28,101332.4765625,3077.112548828125,227.20396423339844,1.0001790523529053,0.9996489882469177
2025-01-29,103703.2109375,3112.9990234375,227.94493103027344,1.000048041343689,1.0001399517059326
2025-01-30,104735.3046875,3247.780029296875,239.0231475830078,1.0000009536743164,1.0001219511032104
2025-01-31,102405.0234375,3298.26513671875,231.63790893554688,1.0001300573349,0.999770998954773
2025-02-01,100655.90625,3118.32861328125,213.78501892089844,1.0000269412994385,0.9998430013656616
2025-02-02,97688.9765625,2868.69287109375,203.11962890625,0.9999420046806335,0.9997599720954895
2025-02-03,101405.421875,2884.566650390625,216.1495819091797,0.9999399781227112,1.0010509490966797
2025-02-04,97871.8203125,2735.05126953125,207.09197998046875,0.9999020099639893,1.0001579523086548
2025-02-05,96615.4453125,2787.779052734375,195.98814392089844,1.000059962272644,1.0001319646835327
2025-02-06,96593.296875,2688.40087890625,189.77249145507812,1.0000569820404053,1.0001699924468994
2025-02-07,96529.0859375,2622.211181640625,192.20465087890625,1.0001070499420166,1.0003050565719604
2025-02-08,96482.453125,2632.308349609375,199.5998992919922,1.0000890493392944,1.000236988067627
2025-02-09,96500.09375,2628.72119140625,200.49755859375,1.0000269412994385,1.0001939535140991
2025-02-10,97437.5546875,2661.166748046875,200.35635375976562,0.9999390244483948,1.0001349449157715
2025-02-11,95747.4296875,2602.781982421875,197.98236083984375,0.9999459981918335,0.9998599886894226
2025-02-12,97885.859375,2736.902099609375,196.7738037109375,1.000040054321289,1.00006103515625
2025-02-13,96623.8671875,2675.902587890625,194.46095275878906,1.0000300407409668,1.000161051750183
2025-02-14,97508.96875,2726.091552734375,199.9356689453125,0.9999300241470337,1.0000840425491333
2025-02-15,97580.3515625,2693.559814453125,194.48208618164062,0.9999629855155945,1.0001540184020996
2025-02-16,96175.03125,2663.31591796875,188.4864044189453,0.9999470114707947,1.0000849962234497
2025-02-17,95773.3828125,2743.19970703125,177.6897430419922,0.9999589920043945,0.9999330043792725
2025-02-18,95539.546875,2669.3388671875,169.08428955078125,0.9998210072517395,0.9993789792060852
2025-02-19,96635.609375,2715.77099609375,169.01080322265625,0.99993497133255,0.9999290108680725
2025-02-20,98333.9375,2740.386474609375,176.04888916015625,0.9999819993972778,1.000331997871399
2025-02-21,96125.546875,2659.655517578125,168.89163208007812,1.0001169443130493,0.9995219707489014
2025-02-22,96577.7578125,2764.029296875,172.16285705566406,1.0001330375671387,1.0002189874649048
2025-02-23,96273.921875,2821.310302734375,168.03811645507812,1.0000439882278442,1.0001150369644165
2025-02-24,91418.171875,2513.8212890625,141.98948669433594,0.9998040199279785,0.999750018119812
2025-02-25,88736.171875,2493.592529296875,144.10775756835938,0.9999930262565613,0.9989879727363586
2025-02-26,84347.0234375,2331.45263671875,134.83132934570312,0.9999150037765503,1.0001970529556274
2025-02-27,84704.2265625,2305.484375,137.6208038330078,0.9998180270195007,0.9989799857139587
2025-02-28,84373.0078125,2237.9052734375,148.03001403808594,0.9998779892921448,0.9995290040969849
2025-03-01,86031.9140625,2216.643310546875,143.6757049560547,0.9997810125350952,0.9994490146636963
2025-03-02,94248.3515625,2519.694580078125,178.49549865722656,1.0000280141830444,1.0001250505447388
2025-03-03,86065.671875,2145.573974609375,142.02108764648438,0.9998660087585449,0.9991940259933472
2025-03-04,87222.1953125,2170.01513671875,144.9165802001953,0.9998530149459839,0.9996780157089233
2025-03-05,90623.5625,2241.977294921875,146.26730346679688,0.9999970197677612,0.9999439716339111
2025-03-06,89961.7265625,2202.476806640625,143.355224609375,1.0001029968261719,1.0001460313796997
2025-03-07,86742.671875,2138.987548828125,139.20913696289062,0.9998270273208618,0.9995579719543457
2025-03-08,86154.59375,2201.51025390625,136.94207763671875,0.9999279975891113,0.9997190237045288
2025-03-09,80601.0390625,2015.5091552734375,126.43543243408203,0.9998530149459839,0.9997329711914062
2025-03-10,78532.0,1861.1513671875,118.291748046875,1.0000430345535278,0.9996799826622009
2025-03-11,82862.2109375,1919.844970703125,125.26394653320312,0.9999319911003113,0.9997760057449341
2025-03-12,83722.359375,1908.982666015625,126.58324432373047,0.999767005443573,0.9996870160102844
2025-03-13,81066.703125,1862.9696044921875,123.28614807128906,0.9999979734420776,0.9996259808540344
2025-03-14,83969.1015625,1909.467529296875,133.31448364257812,0.9999989867210388,1.0000289678573608
2025-03-15,84343.109375,1937.3946533203125,135.91253662109375,0.9999709725379944,1.0000439882278442
2025-03-16,82579.6875,1887.43505859375,125.98810577392578,1.0001180171966553,1.0001120567321777
2025-03-17,84075.6875,1927.0029296875,128.16371154785156,1.0000439882278442,1.0000309944152832
2025-03-18,82718.5,1932.54345703125,125.31269836425781,0.9999129772186279,0.9998000264167786
2025-03-19,86854.2265625,2057.7490234375,135.572509765625,1.0000879764556885,1.000290036201477
2025-03-20,84167.1953125,1982.099853515625,127.49718475341797,0.9998720288276672,0.9994919896125793
2025-03-21,84043.2421875,1964.8475341796875,128.43031311035156,1.000040054321289,0.9996479749679565
2025-03-22,83832.484375,1980.037841796875,128.4849853515625,1.000020980834961,0.9998779892921448
2025-03-23,86054.375,2005.2991943359375,132.5993194580078,1.0000269412994385,1.0000170469284058
2025-03-24,87498.9140625,2077.47900390625,140.86927795410156,1.0001070499420166,1.000357985496521
2025-03-25,87471.703125,2067.76416015625,143.81707763671875,0.9999930262565613,1.0001879930496216
2025-03-26,86900.8828125,2009.1893310546875,137.28857421875,0.9998949766159058,1.0000519752502441
2025-03-27,87177.1015625,2002.357421875,138.34738159179688,0.9999330043792725,0.9997180104255676
2025-03-28,84353.1484375,1895.5029296875,129.42315673828125,1.000020980834961,0.9995089769363403
2025-03-29,82597.5859375,1827.3203125,124.587646484375,0.9999169707298279,0.9995909929275513
2025-03-30,82334.5234375,1806.2186279296875,124.64263153076172,1.000059962272644,0.9998700022697449
2025-03-31,82548.9140625,1823.47998046875,124.69412994384766,0.9998859763145447,0.9997680187225342
2025-04-01,85169.171875,1905.491455078125,126.68238067626953,1.0000369548797607,1.0
2025-04-02,82485.7109375,1795.313232421875,117.75762939453125,1.0000009536743164,0.999796986579895
2025-04-03,83102.828125,1815.63720703125,117.06145477294922,0.9999409914016724,0.999567985534668
2025-04-04,83843.8046875,1815.335205078125,122.78688049316406,0.999921977519989,0.9996160268783569
2025-04-05,83504.796875,1805.9732666015625,120.25899505615234,0.9999930262565613,0.9995840191841125
2025-04-06,78214.484375,1576.72802734375,105.7120132446289,0.9999430179595947,0.9992759823799133
2025-04-07,79235.3359375,1555.240966796875,106.90277862548828,1.0002410411834717,0.9997730255126953
2025-04-08,76271.953125,1472.5531005859375,105.51219177246094,0.9998390078544617,0.9989749789237976
2025-04-09,82573.953125,1668.0400390625,119.05754089355469,0.9999290108680725,0.9996860027313232
2025-04-10,79626.140625,1522.518798828125,112.80392456054688,0.9999470114707947,0.9992910027503967
2025-04-11,83404.8359375,1567.1497802734375,121.53237915039062,0.9999669790267944,0.9994919896125793
2025-04-12,85287.109375,1643.528564453125,132.26055908203125,0.9999930262565613,0.9998840093612671
2025-04-13,83684.9765625,1596.685791015625,128.58079528808594,0.999904990196228,0.9996529817581177
2025-04-14,84542.390625,1622.7698974609375,129.3103790283203,0.9997509717941284,0.9996989965438843
2025-04-15,83668.9921875,1588.6324462890625,126.26313018798828,0.9999269843101501,0.9998840093612671
2025-04-16,84033.8671875,1578.1053466796875,131.44969177246094,0.9999619722366333,0.9999459981918335
2025-04-17,84895.75,1582.54833984375,134.69874572753906,0.9998850226402283,0.99993497133255
2025-04-18,84450.8046875,1588.9246826171875,134.07350158691406,0.9997879862785339,0.9997379779815674
2025-04-19,85063.4140625,1612.9228515625,139.75025939941406,0.9999489784240723,0.999879002571106
2025-04-20,85174.3046875,1587.5142822265625,137.77459716796875,0.999987006187439,0.9999120235443115
2025-04-21,87518.90625,1579.7344970703125,136.7043914794922,0.9999030232429504,0.9999399781227112
2025-04-22,93441.890625,1757.3316650390625,148.73941040039062,0.9998040199279785,1.00027596950531
2025-04-23,93699.109375,1796.104248046875,151.15272521972656,0.9998980164527893,1.0002959966659546
2025-04-24,93943.796875,1769.8316650390625,152.3036346435547,0.9998430013656616,1.0002739429473877
2025-04-25,94720.5,1786.634521484375,150.91500854492188,0.9999409914016724,1.0006020069122314
2025-04-26,94646.9296875,1821.881103515625,149.28936767578125,1.0000109672546387,1.0003360509872437
2025-04-27,93754.84375,1792.864990234375,148.24583435058594,0.9999020099639893,1.0003470182418823
2025-04-28,94978.75,1798.851806640625,147.8099365234375,1.0000040531158447,1.0002670288085938
2025-04-29,94284.7890625,1799.1756591796875,146.42787170410156,1.0000040531158447,1.0003050565719604
2025-04-30,94207.3125,1793.775390625,147.64320373535156,1.0000410079956055,1.0001649856567383
2025-05-01,96492.3359375,1839.2215576171875,150.84658813476562,0.9998660087585449,1.0002650022506714
2025-05-02,96910.0703125,1842.7078857421875,148.05003356933594,0.9998900294303894,1.000324010848999
2025-05-03,95891.796875,1833.8397216796875,146.79605102539062,0.9999740123748779,1.0002399682998657
2025-05-04,94315.9765625,1808.59423828125,143.98306274414062,0.9999740123748779,1.0000239610671997
2025-05-05,94748.0546875,1819.697509765625,146.69664001464844,0.9998840093612671,0.9998720288276672
2025-05-06,96802.4765625,1815.0875244140625,146.7664031982422,0.999983012676239,0.9999769926071167
2025-05-07,97032.3203125,1811.606689453125,147.2137451171875,0.999921977519989,1.0001490116119385
2025-05-08,103241.4609375,2206.5146484375,163.96078491210938,0.9999480247497559,1.00006902217865
2025-05-09,102970.8515625,2345.50732421875,172.82827758789062,0.9999979734420776,1.0000319480895996
2025-05-10,104696.328125,2582.422607421875,177.62181091308594,1.0000280141830444,1.0001089572906494
2025-05-11,104106.359375,2510.23779296875,173.02645874023438,0.9999790191650391,1.0001250505447388
2025-05-12,102812.953125,2496.397705078125,174.24789428710938,1.0000760555267334,1.0001150369644165
2025-05-13,104169.8125,2680.129638671875,184.00625610351562,1.0000749826431274,1.0002009868621826
2025-05-14,103539.4140625,2610.063232421875,176.709228515625,0.999970018863678,1.0002429485321045
2025-05-15,103744.640625,2546.85693359375,169.00999450683594,0.9998739957809448,1.0000699758529663
2025-05-16,103489.2890625,2536.297607421875,167.33395385742188,0.9999060034751892,1.000251054763794
2025-05-17,103191.0859375,2475.75439453125,165.9308319091797,0.9999240040779114,1.000262975692749
2025-05-18,106446.0078125,2498.233642578125,173.89871215820312,0.9999399781227112,1.0004240274429321
2025-05-19,105606.1796875,2529.166748046875,166.86422729492188,0.9999619722366333,1.0003060102462769
2025-05-20,106791.0859375,2524.173095703125,168.4836883544922,0.9998940229415894,1.0002830028533936
2025-05-21,109678.078125,2552.34716796875,173.68173217773438,0.9998970031738281,1.0003349781036377
2025-05-22,111673.28125,2664.156982421875,179.69094848632812,0.9994379878044128,0.9995790123939514
2025-05-23,107287.796875,2526.44189453125,173.82542419433594,0.9997850060462952,1.0000449419021606
2025-05-24,107791.15625,2530.646240234375,176.0424041748047,0.9999340176582336,1.0003230571746826
2025-05-25,109035.390625,2551.763916015625,175.72547912597656,0.9998660087585449,1.0003199577331543
2025-05-26,109440.3671875,2564.138427734375,174.90789794921875,0.9998120069503784,1.0003249645233154
2025-05-27,108994.640625,2663.06982421875,176.815185546875,0.9997749924659729,1.000349998474121
2025-05-28,107802.328125,2682.212890625,172.18955993652344,0.9998170137405396,1.0001959800720215
2025-05-29,105641.7578125,2632.65478515625,166.5881805419922,0.9996089935302734,0.9997829794883728
2025-05-30,103998.5703125,2529.943603515625,156.23471069335938,0.9997419714927673,1.0001389980316162
2025-05-31,104638.09375,2529.08740234375,156.63894653320312,0.9998319745063782,1.000372052192688
2025-06-01,105652.1015625,2536.266357421875,157.7845458984375,0.999750018119812,1.0003050565719604
2025-06-02,105881.53125,2607.097412109375,156.99806213378906,0.9998990297317505,1.0004700422286987
2025-06-03,105432.46875,2593.2802734375,155.34317016601562,0.9997119903564453,1.000488042831421
2025-06-04,104731.984375,2608.64306640625,153.35964965820312,0.999763011932373,1.0004349946975708
2025-06-05,101575.953125,2416.28564453125,144.54295349121094,1.00005304813385,1.0005370378494263
2025-06-06,104390.34375,2477.19482421875,147.9131317138672,0.9998319745063782,1.0006680488586426
2025-06-07,105615.625,2526.50537109375,150.13406372070312,0.9998040199279785,1.0005559921264648
2025-06-08,105793.6484375,2510.787109375,152.4300994873047,0.9999009966850281,1.0004260540008545
2025-06-09,110294.1015625,2681.51708984375,161.08865356445312,0.9999359846115112,1.0004609823226929
2025-06-10,110257.234375,2813.517578125,165.02816772460938,0.9998049736022949,1.0000779628753662
2025-06-11,108686.625,2773.529296875,161.0558624267578,0.9998279809951782,1.0001569986343384
2025-06-12,105929.0546875,2651.795166015625,152.7896728515625,0.9997289776802063,1.0003069639205933
2025-06-13,106090.96875,2579.486083984375,148.62835693359375,0.9997109770774841,1.000290036201477
2025-06-14,105472.40625,2533.444091796875,144.7637481689453,0.9999489784240723,1.0004730224609375
2025-06-15,105552.0234375,2546.837158203125,152.81439208984375,0.9998049736022949,1.0000489950180054
2025-06-16,106796.7578125,2540.60498046875,150.8699951171875,0.9999340176582336,1.0005040168762207
2025-06-17,104601.1171875,2510.761474609375,147.7498016357422,0.9999189972877502,1.0002230405807495
2025-06-18,104883.328125,2524.301513671875,146.35311889648438,0.9998329877853394,1.0002059936523438
2025-06-19,104684.2890625,2521.653564453125,147.07147216796875,0.9998990297317505,1.0001859664916992
2025-06-20,103309.6015625,2407.30419921875,140.16859436035156,0.9999420046806335,1.0001490116119385
2025-06-21,102257.40625,2300.49560546875,135.1610107421875,0.9997220039367676,1.000059962272644
2025-06-22,100987.140625,2228.213134765625,131.61569213867188,0.9998940229415894,1.000251054763794
2025-06-23,105577.7734375,2421.824951171875,144.8467254638672,1.0004329681396484,1.0015660524368286
2025-06-24,106045.6328125,2448.0087890625,145.95452880859375,0.9999539852142334,1.0004520416259766
2025-06-25,107361.2578125,2419.310302734375,143.505126953125,0.9994300007820129,0.9999799728393555
2025-06-26,106960.0,2416.146728515625,139.0598602294922,0.999767005443573,1.0002130270004272
2025-06-27,107088.4296875,2423.866943359375,142.1914825439453,0.9998660087585449,1.0003290176391602
2025-06-28,107327.703125,2437.109375,150.8275604248047,0.9998340010643005,1.0002490282058716
2025-06-29,108385.5703125,2500.9599609375,153.35308837890625,0.9998700022697449,1.000270962715149
2025-06-30,107135.3359375,2486.46435546875,154.7353057861328,1.0000189542770386,1.000251054763794
2025-07-01,105698.28125,2405.792724609375,146.9266357421875,0.9998660087585449,1.0001709461212158
2025-07-02,108859.3203125,2571.33544921875,152.22763061523438,0.9998250007629395,1.0004290342330933
2025-07-03,109647.9765625,2591.00732421875,152.40179443359375,0.9999650120735168,1.000359058380127
2025-07-04,108034.3359375,2508.518310546875,147.76364135742188,1.0000460147857666,1.0003000497817993
2025-07-05,108231.1796875,2517.280029296875,147.64144897460938,0.9999269843101501,1.0002570152282715
2025-07-06,109232.0703125,2571.236572265625,151.87294006347656,0.9999909996986389,1.0002360343933105
2025-07-07,108299.8515625,2543.01318359375,148.87234497070312,0.9999359846115112,1.000033974647522
2025-07-08,108950.2734375,2615.505859375,151.81039428710938,0.9999399781227112,1.0002130270004272
2025-07-09,111326.5546875,2770.777587890625,157.28150939941406,1.000182032585144,1.0005320310592651
2025-07-10,115987.203125,2954.84521484375,164.06277465820312,0.9998649954795837,1.000020980834961
2025-07-11,117516.9921875,2957.88623046875,162.8833770751953,0.9994400143623352,0.999862015247345
2025-07-12,117435.2265625,2942.91162109375,160.68484497070312,0.9999560117721558,1.0002820491790771
2025-07-13,119116.1171875,2973.35888671875,161.1940155029297,0.9999600052833557,1.0003859996795654
2025-07-14,119849.703125,3013.350830078125,162.2752227783203,0.9998440146446228,1.0000239610671997
2025-07-15,117777.1875,3139.8896484375,163.950439453125,0.9999380111694336,1.0000770092010498
2025-07-16,118738.5078125,3371.5068359375,173.70848083496094,0.9999099969863892,1.0004160404205322
2025-07-17,119289.84375,3476.784423828125,175.7930450439453,1.0000100135803223,1.0006929636001587
2025-07-18,118003.2265625,3549.016357421875,177.38197326660156,0.9999309778213501,1.000627040863037
2025-07-19,117939.9765625,3595.273681640625,177.07012939453125,0.9999070167541504,1.0004709959030151
2025-07-20,117300.7890625,3759.471435546875,181.54603576660156,0.9998160004615784,1.0002169609069824
2025-07-21,117439.5390625,3763.371337890625,195.9942626953125,0.9998210072517395,1.000298023223877
2025-07-22,119995.4140625,3749.1455078125,205.70054626464844,0.9998070001602173,1.000270962715149
2025-07-23,118754.9609375,3629.70361328125,189.54293823242188,0.9998469948768616,1.0004429817199707
2025-07-24,118368.0,3708.005615234375,182.60606384277344,1.0000799894332886,1.0006940364837646
2025-07-25,117635.8828125,3727.266845703125,186.7796630859375,0.9999009966850281,1.0001959800720215
2025-07-26,117947.3671875,3741.39599609375,184.91387939453125,1.0000040531158447,1.0003559589385986
2025-07-27,119448.4921875,3875.24658203125,188.73348999023438,0.9997910261154175,1.0002609491348267
2025-07-28,117924.4765625,3787.42578125,182.54156494140625,0.9998310208320618,1.0000560283660889
2025-07-29,117922.1484375,3793.454833984375,181.33531188964844,0.9998049736022949,0.9998059868812561
2025-07-30,117831.1875,3808.20166015625,177.6940155029297,0.9998630285263062,0.9999549984931946
2025-07-31,115758.203125,3696.707763671875,172.42434692382812,1.0000319480895996,0.9999570250511169
2025-08-01,113320.0859375,3488.365966796875,162.87709045410156,0.9997889995574951,0.9994699954986572
2025-08-02,112526.9140625,3392.7412109375,158.48301696777344,0.9998229742050171,0.9996669888496399
2025-08-03,114217.671875,3497.379150390625,161.95497131347656,0.9998360276222229,1.0000499486923218
2025-08-04,115071.8828125,3718.986083984375,169.42568969726562,0.9998130202293396,0.9998930096626282
2025-08-05,114141.4453125,3611.8994140625,164.096435546875,0.9998689889907837,0.9998720288276672
2025-08-06,115028.0,3683.920654296875,168.1757354736328,0.9999139904975891,1.0001959800720215
2025-08-07,117496.8984375,3914.325927734375,175.4854278564453,0.9998459815979004,1.0002870559692383
2025-08-08,116688.7265625,4009.848876953125,176.76329040527344,0.9998229742050171,1.0000909566879272
2025-08-09,116500.359375,4263.59912109375,180.18234252929688,0.9999489784240723,1.0002690553665161
2025-08-10,119306.7578125,4254.2177734375,182.90301513671875,0.9999240040779114,1.000251054763794
2025-08-11,118731.4453125,4226.966796875,174.97781372070312,1.000082015991211,1.0002909898757935
2025-08-12,120172.90625,4590.9248046875,191.85682678222656,0.999796986579895,0.9998049736022949
2025-08-13,123344.0625,4756.27587890625,201.59042358398438,0.9998670220375061,1.000357985496521
2025-08-14,118359.578125,4548.16650390625,192.58595275878906,0.9998630285263062,1.0006519556045532
2025-08-15,117398.3515625,4439.98876953125,185.7412567138672,0.9999039769172668,1.0006330013275146
2025-08-16,117491.3515625,4426.18017578125,189.76699829101562,0.9999390244483948,1.0006309747695923
2025-08-17,117453.0625,4473.271484375,191.16482543945312,0.99993497133255,1.0006550550460815
2025-08-18,116252.3125,4312.5048828125,183.0698699951172,0.9999099969863892,1.0004750490188599
2025-08-19,112831.1796875,4073.464111328125,176.11227416992188,1.000195026397705,1.0002080202102661
2025-08-20,114274.7421875,4334.50048828125,187.5863037109375,0.9998189806938171,1.000054955482483
2025-08-21,112419.03125,4223.2099609375,180.28062438964844,0.9997100234031677,0.9996449947357178
2025-08-22,116874.0859375,4831.3486328125,200.64744567871094,0.9998229742050171,0.9997140169143677
2025-08-23,115374.328125,4776.09033203125,203.93673706054688,0.9999780058860779,0.9995710253715515
2025-08-24,113458.4296875,4779.6474609375,205.8523712158203,0.9997850060462952,0.9998869895935059
2025-08-25,110124.3515625,4372.98779296875,187.2784423828125,0.999871015548706,1.0001230239868164
2025-08-26,111802.65625,4600.4267578125,195.90509033203125,1.0000189542770386,1.0003160238265991
2025-08-27,111222.0625,4503.39306640625,202.92337036132812,0.9999889731407166,1.0000590085983276
2025-08-28,112544.8046875,4507.177734375,214.4056396484375,0.9999960064888,1.0000410079956055
2025-08-29,108410.8359375,4360.15283203125,205.22000122070312,0.9999139904975891,1.0001460313796997
2025-08-30,108808.0703125,4374.1533203125,202.86013793945312,0.9998149871826172,1.0000569820404053
2025-08-31,108236.7109375,4390.01904296875,200.86354064941406,0.9997900128364563,1.000059962272644
2025-09-01,109250.59375,4314.47021484375,197.10833740234375,0.999904990196228,1.000046968460083
2025-09-02,111200.5859375,4325.36572265625,209.48153686523438,0.9998649954795837,0.9999970197677612
2025-09-03,111723.2109375,4450.38916015625,210.74630737304688,1.000033974647522,1.0005710124969482
2025-09-04,110723.6015625,4298.744140625,202.5601806640625,0.9998940229415894,1.0003060102462769
2025-09-05,110650.984375,4306.98876953125,203.49851989746094,0.9998390078544617,0.9999499917030334
2025-09-06,110224.6953125,4274.2421875,200.24630737304688,0.9998540282249451,1.0002219676971436
2025-09-07,111167.6171875,4305.34765625,206.4681854248047,1.00006902217865,1.0000929832458496
2025-09-08,112071.4296875,4308.072265625,214.1864013671875,0.999809980392456,0.9999060034751892
2025-09-09,111530.546875,4309.04150390625,217.2506866455078,0.9998869895935059,1.0000649690628052
2025-09-10,113955.359375,4349.14599609375,223.98690795898438,0.9998490214347839,1.0001380443572998
2025-09-11,115507.5390625,4461.2333984375,228.7561798095703,0.9997580051422119,1.0002659559249878
2025-09-12,116101.578125,4715.24609375,242.30328369140625,0.9997820258140564,1.0006179809570312
2025-09-13,115950.5078125,4668.1796875,242.5959014892578,0.9996489882469177,1.000319004058838
2025-09-14,115407.65625,4609.59765625,240.5576934814453,1.0000330209732056,1.0005279779434204
2025-09-15,115444.875,4526.8203125,234.35755920410156,0.9999859929084778,1.0003299713134766
2025-09-16,116843.1875,4503.564453125,236.9895782470703,1.000169038772583,1.0004240274429321
2025-09-17,116468.5078125,4592.7333984375,244.85745239257812,0.9999030232429504,1.0004500150680542
2025-09-18,117137.203125,4589.9189453125,247.6371307373047,0.9997040033340454,1.0001269578933716
2025-09-19,115688.859375,4470.9169921875,238.55270385742188,0.9998930096626282,1.0005459785461426
2025-09-20,115721.9609375,4482.265625,239.5924835205078,0.9997270107269287,1.0003759860992432
2025-09-21,115306.09375,4451.3291015625,236.57545471191406,0.9997990131378174,1.0004229545593262
2025-09-22,112748.5078125,4202.87744140625,220.49644470214844,0.9999819993972778,1.0009779930114746
2025-09-23,112014.5,4165.50390625,213.71730041503906,0.9996820092201233,1.0001620054244995
2025-09-24,113328.6328125,4153.46923828125,211.75625610351562,0.9996939897537231,1.000264048576355
2025-09-25,109049.2890625,3868.333984375,192.38076782226562,1.0000159740447998,1.0004709959030151
2025-09-26,109712.828125,4035.887939453125,205.35255432128906,0.9997479915618896,1.0004780292510986
2025-09-27,109681.9453125,4018.658203125,203.5833282470703,0.9998300075531006,1.0004600286483765
2025-09-28,112122.640625,4141.4765625,210.7377471923828,0.9998999834060669,1.000349998474121
2025-09-29,114400.3828125,4217.341796875,213.05340576171875,0.9998220205307007,1.000560998916626
2025-09-30,114056.0859375,4145.95751953125,208.7431182861328,0.9997950196266174,1.0000959634780884
2025-10-01,118648.9296875,4351.1123046875,221.67587280273438,1.000012993812561,1.0005110502243042
2025-10-02,120681.2578125,4487.923828125,234.85687255859375,0.9999780058860779,1.000707983970642
2025-10-03,122266.53125,4514.87060546875,233.00196838378906,0.9996690154075623,1.0004940032958984
2025-10-04,122425.4296875,4489.197265625,228.00320434570312,0.9997900128364563,1.0003459453582764
2025-10-05,123513.4765625,4515.4228515625,228.6011962890625,0.9998059868812561,1.0001980066299438
2025-10-06,124752.53125,4687.771484375,232.5160369873047,0.9995989799499512,1.0002150535583496
2025-10-07,121451.3828125,4451.15185546875,220.4827117919922,0.9998360276222229,1.0004700422286987
2025-10-08,123354.8671875,4527.64794921875,229.10121154785156,0.999879002571106,1.0003169775009155
2025-10-09,121705.5859375,4369.1435546875,220.99107360839844,0.9998279809951782,1.000491976737976
2025-10-10,113214.3671875,3843.0087890625,188.6638641357422,1.000033974647522,1.001755952835083
2025-10-11,110807.8828125,3750.611572265625,178.05416870117188,0.9998340010643005,1.0010730028152466
2025-10-12,115169.765625,4164.427734375,197.508544921875,1.0002880096435547,1.0012569427490234
2025-10-13,115271.078125,4245.4677734375,208.36729431152344,1.0000849962234497,1.001013994216919
2025-10-14,113118.6640625,4125.412109375,202.46034240722656,1.000054955482483,1.0005470514297485
2025-10-15,110783.1640625,3987.45947265625,194.02186584472656,0.9999060034751892,1.000586986541748
2025-10-16,108186.0390625,3894.75439453125,184.68894958496094,1.0000020265579224,1.0001649856567383
2025-10-17,106467.7890625,3832.558837890625,182.0347900390625,0.999871015548706,1.00033700466156
2025-10-18,107198.265625,3890.34619140625,187.66029357910156,0.9999520182609558,1.000311017036438
2025-10-19,108666.7109375,3984.649658203125,187.79820251464844,0.9999679923057556,1.0004010200500488
2025-10-20,110588.9296875,3980.76025390625,189.75067138671875,1.0000439882278442,1.0003750324249268
2025-10-21,108476.890625,3876.76416015625,185.66627502441406,0.9998490214347839,1.0004620552062988
2025-10-22,107688.5859375,3808.122314453125,180.14813232421875,0.999970018863678,1.0001879930496216
2025-10-23,110069.7265625,3856.0263671875,191.38827514648438,1.0001219511032104,1.0005199909210205
2025-10-24,111033.921875,3934.5673828125,193.5602264404297,1.0001050233840942,1.0003039836883545
2025-10-25,111641.7265625,3953.470947265625,194.04037475585938,0.999891996383667,1.0001230239868164
2025-10-26,114472.4453125,4157.9892578125,200.02862548828125,0.9997609853744507,1.000033974647522
2025-10-27,114119.328125,4120.1220703125,198.74171447753906,0.9998670220375061,0.9999619722366333
2025-10-28,112956.1640625,3982.262451171875,194.4427947998047,0.999970018863678,1.0002690553665161
2025-10-29,110055.3046875,3903.35302734375,194.41087341308594,0.9999300241470337,1.0002069473266602
2025-10-30,108305.546875,3804.375244140625,184.62442016601562,1.0001009702682495,0.9998959898948669
2025-10-31,109556.1640625,3847.080322265625,187.20947265625,0.9997349977493286,0.999576985836029
2025-11-01,110064.015625,3874.18798828125,186.3800506591797,1.0000139474868774,0.9996640086174011
2025-11-02,110639.625,3911.063232421875,187.8259735107422,0.9998289942741394,1.0000660419464111
2025-11-03,106547.5234375,3602.30810546875,166.0906982421875,0.9999009966850281,0.9998530149459839
2025-11-04,101590.5234375,3292.574462890625,155.40318298339844,0.9996359944343567,0.9999819993972778
2025-11-05,103891.8359375,3425.171142578125,162.56607055664062,0.9998250007629395,0.9998909831047058
2025-11-06,101301.2890625,3312.2578125,155.06591796875,0.9997550249099731,0.9996479749679565
2025-11-07,103372.40625,3435.301025390625,161.7081756591797,1.0000909566879272,0.9997280240058899
2025-11-08,102282.1171875,3400.3759765625,158.10250854492188,0.999845027923584,0.9996569752693176
2025-11-09,104719.640625,3582.621337890625,164.45384216308594,1.000133991241455,1.0000360012054443
2025-11-10,105996.59375,3568.4599609375,167.36700439453125,0.9998559951782227,0.9996899962425232
2025-11-11,102997.46875,3415.2822265625,154.56832885742188,0.9998040199279785,0.9997050166130066
2025-11-12,101663.1875,3413.09423828125,153.2620391845703,0.9999719858169556,0.9999480247497559
2025-11-13,99697.4921875,3232.757080078125,145.1084747314453,0.9998769760131836,0.9994069933891296
2025-11-14,94397.7890625,3103.78564453125,138.67660522460938,0.9998019933700562,0.9991289973258972
2025-11-15,95549.1484375,3166.63134765625,139.5352020263672,0.9999589920043945,0.9995309710502625
2025-11-16,94177.078125,3092.847412109375,137.26573181152344,0.9998059868812561,0.9992619752883911
2025-11-17,92093.875,3024.538818359375,130.8482666015625,0.9998980164527893,0.998894989490509
2025-11-18,92948.875,3122.97900390625,140.71438598632812,0.9998130202293396,0.9995250105857849
2025-11-19,91465.9921875,3023.07080078125,136.76695251464844,0.9999610185623169,0.9990829825401306
2025-11-20,86631.8984375,2831.777587890625,133.51715087890625,1.0003559589385986,0.9996950030326843
2025-11-21,85090.6875,2765.69921875,128.50050354003906,0.9998459815979004,0.9994140267372131
2025-11-22,84648.359375,2767.607421875,127.55120086669922,0.9997180104255676,0.9994750022888184
2025-11-23,86805.0078125,2801.676025390625,130.70506286621094,0.9998289942741394,0.9996799826622009
2025-11-24,88270.5625,2952.71337890625,138.37135314941406,0.9997379779815674,0.9996370077133179
2025-11-25,87341.890625,2957.936279296875,138.89114379882812,0.9996089935302734,0.9995179772377014
2025-11-26,90518.3671875,3027.81201171875,143.01219177246094,0.9999840259552002,1.0000009536743164
2025-11-27,91285.375,3014.542236328125,140.84640502929688,0.999862015247345,0.9999079704284668
2025-11-28,90919.265625,3032.304443359375,137.39019775390625,0.9998019933700562,1.000175952911377
2025-11-29,90851.7578125,2991.685302734375,136.0817108154297,0.9998729825019836,1.0002330541610718
2025-11-30,90394.3125,2992.112548828125,133.5648193359375,0.9997900128364563,1.0001850128173828
2025-12-01,86321.5703125,2800.18896484375,126.70902252197266,0.9997919797897339,0.9999269843101501
2025-12-02,91350.203125,2997.939697265625,138.67420959472656,1.0000360012054443,1.0002959966659546
2025-12-03,93527.8046875,3191.57177734375,144.89849853515625,0.999871015548706,1.000501036643982
2025-12-04,92141.625,3134.31640625,139.0145263671875,0.9998440146446228,1.000236988067627
2025-12-05,89387.7578125,3024.432861328125,133.322998046875,0.9999619722366333,1.0002319812774658
2025-12-06,89272.375,3040.207763671875,132.34844970703125,1.000046968460083,1.0003390312194824
2025-12-07,90405.640625,3061.3017578125,132.09356689453125,1.0000710487365723,1.0003310441970825
2025-12-08,90640.203125,3125.197998046875,133.27822875976562,0.9999679923057556,1.0002720355987549
2025-12-09,92691.7109375,3321.114990234375,137.901611328125,0.999970018863678,1.0000849962234497
2025-12-10,92020.9453125,3325.39013671875,136.46902465820312,0.9997770190238953,1.0002800226211548
2025-12-11,92511.3359375,3237.056884765625,136.37156677246094,0.9999309778213501,1.0002559423446655
2025-12-12,90270.4140625,3084.172607421875,132.3242950439453,0.999879002571106,1.000080943107605
2025-12-13,90298.7109375,3116.6953125,133.24746704101562,0.9999939799308777,1.0002570152282715
2025-12-14,88175.1796875,3060.5947265625,129.48109436035156,0.9999740123748779,1.0001989603042603
2025-12-15,86419.78125,2964.18310546875,127.75711822509766,0.9998999834060669,0.9998810291290283
2025-12-16,87843.984375,2964.180908203125,129.25120544433594,0.9998369812965393,0.9998850226402283
2025-12-17,86143.7578125,2831.403564453125,123.11980438232422,0.9998829960823059,0.9996240139007568
2025-12-18,85462.5078125,2827.069091796875,119.57015228271484,0.9998909831047058,0.9995030164718628
2025-12-19,88103.3828125,2977.970703125,126.1927490234375,0.9998649954795837,0.9994630217552185
2025-12-20,88344.0,2977.58251953125,125.80903625488281,0.9999060034751892,0.9996330142021179
2025-12-21,88621.75,3001.61376953125,125.99150085449219,0.9998189806938171,0.9997239708900452
2025-12-22,88490.015625,3006.07373046875,125.80123138427734,0.9997730255126953,0.9993979930877686
2025-12-23,87414.0,2963.3740234375,123.85721588134766,0.9997550249099731,0.9994919896125793
2025-12-24,87611.9609375,2945.590576171875,122.45860290527344,0.9997069835662842,0.9993249773979187
2025-12-25,87234.7421875,2903.57958984375,119.9471206665039,0.9997770190238953,0.9993789792060852
2025-12-26,87301.4296875,2925.74560546875,122.19595336914062,0.9996669888496399,0.9991869926452637
2025-12-27,87802.15625,2947.998291015625,124.64771270751953,0.9996659755706787,0.9992849826812744
2025-12-28,87835.8359375,2948.568115234375,125.19935607910156,0.9997569918632507,0.9992589950561523
2025-12-29,87138.140625,2934.538330078125,123.12522888183594,0.99965500831604,0.9987750053405762
2025-12-30,88430.1328125,2971.416748046875,124.93132019042969,0.9997040033340454,0.9988669753074646
2025-12-31,87508.828125,2967.03759765625,124.48446655273438,0.9996349811553955,0.9984490275382996
2026-01-01,88731.984375,3000.394287109375,126.76112365722656,0.9997580051422119,0.9987450242042542
2026-01-02,89944.6953125,3124.422607421875,132.1336669921875,0.9999790191650391,0.999671995639801
2026-01-03,90603.1875,3125.91748046875,133.29847717285156,0.9999319911003113,0.9996349811553955
2026-01-04,91413.4921875,3140.71044921875,133.8996124267578,0.9998739957809448,0.9995059967041016
2026-01-05,93882.5546875,3226.13037109375,137.98997497558594,0.9997169971466064,0.9999189972877502
2026-01-06,93729.03125,3295.94677734375,141.09841918945312,0.9996489882469177,0.9995419979095459
2026-01-07,91308.0546875,3166.843994140625,136.31301879882812,0.9997940063476562,0.9990130066871643
2026-01-08,91027.125,3104.382568359375,138.29342651367188,0.9998390078544617,0.9991790056228638
2026-01-09,90513.1015625,3083.047119140625,135.7563934326172,0.999737024307251,0.998727023601532
2026-01-10,90386.6484375,3082.39599609375,135.7270050048828,0.9997140169143677,0.9986670017242432
2026-01-11,90827.4609375,3118.88525390625,139.49046325683594,0.9998310208320618,0.998553991317749
2026-01-12,91192.9921875,3092.3251953125,139.1361846923828,1.0000250339508057,0.9990280270576477
2026-01-13,95321.78125,3322.095458984375,145.36087036132812,0.9995779991149902,0.9993659853935242
2026-01-14,96929.328125,3354.72265625,146.7528076171875,0.9997419714927673,0.9999409914016724
2026-01-15,95551.1875,3317.101318359375,142.3324432373047,0.9997739791870117,0.9996439814567566
2026-01-16,95525.1171875,3295.482177734375,144.8604736328125,0.9997519850730896,0.9995129704475403
2026-01-17,95099.921875,3308.8642578125,143.72567749023438,0.9997400045394897,0.9995740056037903
2026-01-18,93634.4296875,3281.15771484375,137.99542236328125,0.9999189972877502,0.9996230006217957
2026-01-19,92553.59375,3186.62109375,133.3386993408203,0.9998480081558228,0.9993759989738464
2026-01-20,88310.90625,2935.605712890625,125.70572662353516,0.999576985836029,0.9987239837646484
2026-01-21,89376.9609375,2978.901123046875,129.3790740966797,0.9997419714927673,0.9990720152854919
2026-01-22,89462.453125,2949.63330078125,128.28834533691406,0.9996939897537231,0.9989699721336365
2026-01-23,89503.875,2953.25634765625,127.36157989501953,0.9996500015258789,0.9986879825592041
2026-01-24,89110.734375,2948.74072265625,127.05381774902344,0.9997190237045288,0.9984760284423828
2026-01-25,86572.21875,2815.90234375,118.77285766601562,0.9998070001602173,0.9989299774169922
2026-01-26,88267.140625,2926.45703125,124.13972473144531,0.9995030164718628,0.9988999962806702
2026-01-27,89102.5703125,3022.2109375,127.05479431152344,0.999642014503479,0.9986370205879211
2026-01-28,89184.5703125,3006.607421875,125.11844635009766,0.9999619722366333,0.9989230036735535
2026-01-29,84561.5859375,2818.232666015625,117.60576629638672,0.9997810125350952,0.9983389973640442
2026-01-30,84128.65625,2702.375244140625,117.363037109375,0.9997649788856506,0.9984880089759827
2026-01-31,78621.1171875,2445.091796875,105.441650390625,0.9997659921646118,0.9988909959793091
2026-02-01,76974.4453125,2267.96484375,100.85052490234375,0.9998390078544617,0.9991099834442139
2026-02-02,78688.765625,2344.356689453125,104.47115325927734,0.9996839761734009,0.999131977558136
2026-02-03,78026.4765625,2278.28564453125,102.70498657226562,0.9997377395629883,0.9990087747573853
