date,spy_tlt_ratio,spy_tlt_ma50,spy_tlt_signal,xlf_xlu_ratio,iwm_spy_ratio,copper_gold_ratio
2022-05-02,3.8570748845028975,,Risk-Off,1.0291138447007957,0.4520007083059739,0.0022856911205160076
2022-05-03,3.848809317296728,,Risk-Off,1.0385533261052433,0.4537902394385486,0.0022854236926660486
2022-05-04,3.9442829501413166,,Risk-Off,1.0469661882472237,0.4521313437892838,0.002318425170865746
2022-05-05,3.911256136200568,,Risk-Off,1.026963166002567,0.44977715350914826,0.0022865527467513923
2022-05-06,3.9460540056967215,,Risk-Off,1.0115768807111498,0.4449476975408493,0.002265309372929616
2022-05-09,3.786402702665298,,Risk-Off,0.9948481405077128,0.4403296404338167,0.0022578212777477273
2022-05-10,3.761040226973382,,Risk-Off,0.9981636984042687,0.4394401293298669,0.0022580031265299013
2022-05-11,3.631308498063384,,Risk-Off,0.9818840379643419,0.4354311177496867,0.0022738314535684415
2022-05-12,3.634296173998185,,Risk-Off,0.9844523212440762,0.44099631887155233,0.002250794993514304
2022-05-13,3.777010788144721,,Risk-Off,0.987004666805879,0.44434879281595735,0.0023129910224898033
2022-05-16,3.7655823454282413,,Risk-Off,0.975757302061713,0.4440293834161196,0.0023140335398532815
2022-05-17,3.8900474935653877,,Risk-Off,0.9916336357358408,0.44838584894135025,0.0023317017707782384
2022-05-18,3.655312365415341,,Risk-Off,0.9737464544543277,0.45084802478836006,0.002302990310034658
2022-05-19,3.624243141649883,,Risk-Off,0.9693221187107699,0.45437288419451755,0.0023272865310933885
2022-05-20,3.585133047367796,,Risk-Off,0.9648615213087463,0.4530167537170086,0.002324356620607626
2022-05-23,3.713312594009226,,Risk-Off,0.9844211127269623,0.4500759210537724,0.0023527977771021784
2022-05-24,3.613660349594323,,Risk-Off,0.9631571853279791,0.4468193583682401,0.0023191786328157545
2022-05-25,3.6312277499992467,,Risk-Off,0.9714796310014663,0.45087801400862915,0.002316650451482306
2022-05-26,3.7206206412712497,,Risk-Off,0.9911145423627697,0.45191362937699425,0.0023032370132129183
2022-05-27,3.80267602854509,,Risk-Off,0.9923201399956024,0.4529622022191345,0.0023248526912438144
2022-05-31,3.8630906728104333,,Risk-Off,1.003375885257214,0.4498617209443213,0.002330819010204302
2022-06-01,3.836228694469765,,Risk-Off,0.9888481629615378,0.450960397152927,0.002349047799602048
2022-06-02,3.907267488094411,,Risk-Off,0.9957391055765263,0.453340557081351,0.0024398606487103514
2022-06-03,3.8514231532687813,,Risk-Off,0.9861370861412079,0.456753741445863,0.002426303187719253
2022-06-06,3.9357368832114776,,Risk-Off,0.9845953343786966,0.45733906658105433,0.0024138212118877053
2022-06-07,3.9310358355342196,,Risk-Off,0.9862546870673969,0.46029977575883885,0.0024029769174784867
2022-06-08,3.9230593274905523,,Risk-Off,0.9882385794535625,0.45816792427994124,0.0024075273231112604
2022-06-09,3.8170445287671835,,Risk-Off,0.9871239540154993,0.45960079457481723,0.002373972210649195
2022-06-10,3.729496585296504,,Risk-Off,0.9587766124187678,0.4604843984999008,0.002298156622097577
2022-06-13,3.7041259487607636,,Risk-Off,0.9750154102419594,0.4561712749563277,0.002306619149589956
2022-06-14,3.740140388391904,,Risk-Off,0.9917370413324064,0.45534564997707844,0.0022998065637534217
2022-06-15,3.723985253022757,,Risk-Off,0.9963721993356436,0.455518566125721,0.00229576373435556
2022-06-16,3.5723742698928063,,Risk-Off,0.9903122198339704,0.44929008460563424,0.00222788107348928
2022-06-17,3.5685753877474045,,Risk-Off,1.0025417574916329,0.45182494287288344,0.002188657647167182
2022-06-21,3.7214962221410905,,Risk-Off,1.0034489603847059,0.4486280363637047,0.0022037502861958678
2022-06-22,3.6153262457377595,,Risk-Off,0.9907860651392889,0.4485875106974365,0.002154227680192959
2022-06-23,3.621020099514909,,Risk-Off,0.9642891147202706,0.44955353807543375,0.0020586625402326565
2022-06-24,3.788590492870516,,Risk-Off,0.9827467436603683,0.44919540773418687,0.002058581982186289
2022-06-27,3.806584547716141,,Risk-Off,0.9715204675792772,0.4525918264753632,0.002075347351969553
2022-06-28,3.7115104851826675,,Risk-Off,0.965482888349745,0.45335658238884047,0.00208198069870226
2022-06-29,3.6514953023056043,,Risk-Off,0.9593447518347665,0.44912143812556404,0.0020835861198691195
2022-06-30,3.590299888726918,,Risk-Off,0.9404389384718786,0.44927197294034377,0.002058921346197866
2022-07-01,3.591401870202061,,Risk-Off,0.9304762289730385,0.44995109950308226,0.002011784929080264
2022-07-05,3.570131627499094,,Risk-Off,0.9600005653241198,0.4528235636190953,0.0019440344292159881
2022-07-06,3.6433656886499395,,Risk-Off,0.9477508135285749,0.447957017100409,0.0019701423336991666
2022-07-07,3.7307645173526383,,Risk-Off,0.9624685031662008,0.45179200004346826,0.0020611082149986264
2022-07-08,3.769445385889658,,Risk-Off,0.9635366415745144,0.4521123732872234,0.0020291854041080736
2022-07-11,3.663214802214357,,Risk-Off,0.9497422123584205,0.4481426476106241,0.001986994219653179
2022-07-12,3.60935340444658,,Risk-Off,0.9483619827275922,0.4505933114771523,0.0019128995962233927
2022-07-13,3.5496966734452657,3.736732662223663,Risk-Off,0.9438789719206431,0.45257588825795375,0.0019175989534522277
2022-07-14,3.5702033856385484,3.7309952322463755,Risk-Off,0.9258084735973844,0.4490169440164368,0.0018835435622806386
2022-07-15,3.618048911355717,3.726380024127556,Risk-Off,0.9553467955478815,0.44977186586218254,0.0018999646880577964
2022-07-18,3.6259524828872864,3.7200134147824753,Risk-Off,0.965160050569899,0.45223270277573735,0.0019588112246876573
2022-07-19,3.744121086206952,3.716670713782603,Risk-On,0.9878028637991876,0.4558717880393325,0.0019248538547092014
2022-07-20,3.758119733032333,3.712912028329315,Risk-On,1.0047904343477152,0.4600831683807646,0.0019591055957314967
2022-07-21,3.7319170232914973,3.711822314741839,Risk-On,1.0085797621418198,0.4577790876115511,0.0019279501021279592
2022-07-22,3.6361643720954357,3.70932479764428,Risk-Off,0.9891857548765806,0.45469517453330244,0.001938799178209371
2022-07-25,3.6765570993024976,3.7102297696690623,Risk-Off,0.983208353712962,0.4564961532557918,0.0019493892208097146
2022-07-26,3.6302756465564032,3.710149359120227,Risk-Off,0.9637290549416768,0.45911990236375627,0.0019692030211301676
2022-07-27,3.7455826721349132,3.7095207968000308,Risk-On,0.9777257589767826,0.45768122691311103,0.0019949393006232323
2022-07-28,3.762609625005165,3.7094613423915694,Risk-On,0.950719124030407,0.4582222015775215,0.0019853738260243886
2022-07-29,3.8278648155353876,3.708217688830969,Risk-On,0.9559481098848956,0.4548443874975214,0.0020330138187033267
2022-08-01,3.7267751251389436,3.709646944025441,Risk-On,0.9469836179194685,0.456024699645004,0.002007914101625985
2022-08-02,3.7822193588563713,3.7128064683695707,Risk-On,0.9384038805266758,0.45861188107622813,0.0019900061779530302
2022-08-03,3.781901422974412,3.7167418358817033,Risk-On,0.9467016867679078,0.4581812971084354,0.0019735495249430337
2022-08-04,3.780613993233199,3.7180878638661827,Risk-On,0.9415720253632196,0.45752448663600886,0.001947442012890311
2022-08-05,3.86625397565702,3.7231397363874366,Risk-On,0.9517772258238039,0.46180866789066716,0.002004061100101442
2022-08-08,3.800421837630454,3.7265236181400603,Risk-On,0.949804775406042,0.4672402246021259,0.0020077792687101716
2022-08-09,3.8001001722394503,3.728113208759425,Risk-On,0.9440599257232292,0.462704675704933,0.0020025083452562824
2022-08-10,3.9054268853349448,3.7301682258952216,Risk-On,0.9610433024037145,0.466124493559383,0.0020358097487483476
2022-08-11,3.9986319394126304,3.7328790512272656,Risk-On,0.9725599137853453,0.46786390048201215,0.0020732525580490495
2022-08-12,4.02550311869451,3.7366645397117613,Risk-On,0.9720016395331603,0.46947142777663725,0.002043811947155214
2022-08-15,4.045592170303009,3.739431033355933,Risk-On,0.9636889213233799,0.4692016153180419,0.002037161726039179
2022-08-16,4.036731858575606,3.7431372074620692,Risk-On,0.9679844125422115,0.46809812476058316,0.002050812080916813
2022-08-17,4.050355597607901,3.745429581749997,Risk-On,0.9647353694413625,0.46351610073002025,0.0020439697493540043
2022-08-18,4.056116868604783,3.7479312024114084,Risk-On,0.9622154043654674,0.46523676754305016,0.0020774226680280107
2022-08-19,4.067101563064644,3.7508120471228907,Risk-On,0.9435480988794912,0.4614509642768358,0.0021077478272814717
2022-08-22,3.995847033697769,3.7543880972215025,Risk-On,0.9355290829996254,0.461555324164999,0.0021167820300197933
2022-08-23,4.00823827398121,3.7599629309951963,Risk-On,0.9373242261939465,0.4634268735510138,0.0021207349761816845
2022-08-24,4.050713804250291,3.7668946881049874,Risk-On,0.939320052010495,0.4654804067146013,0.0020943471491749743
2022-08-25,4.0514391190074335,3.7731206627172975,Risk-On,0.9480331882162483,0.46613309719786333,0.0021109973857787977
2022-08-26,3.8850180903383467,3.7763413194636093,Risk-On,0.9340026735922532,0.46661240429452056,0.002137837671575026
2022-08-29,3.891524858196689,3.782724331229687,Risk-On,0.9245461160496773,0.46539337029748773,0.002088275908248547
2022-08-30,3.8392638685572194,3.788138100845883,Risk-On,0.9332158988656362,0.46397476127085985,0.002057219229772576
2022-08-31,3.8468304779747853,3.7906447859625576,Risk-On,0.9323147536788813,0.4646957832701949,0.0020542386672937666
2022-09-01,3.9308681531630585,3.796955624111064,Risk-On,0.9218672191880692,0.4581933393409138,0.0020125545486427464
2022-09-02,3.8675409906464973,3.8018860419336953,Risk-On,0.9245677994435058,0.4594787936720574,0.002001111164969334
2022-09-06,3.950805253228873,3.8051303371408625,Risk-On,0.9199756875516563,0.4566603240238701,0.0020401082399918533
2022-09-07,3.95916422053125,3.8081819305971645,Risk-On,0.9097379483317479,0.45836271505548826,0.002004314035966583
2022-09-08,4.026342877187796,3.814478578437267,Risk-On,0.9265000891411531,0.45918539884384374,0.0020702576190582203
2022-09-09,4.079832606149283,3.8230453245141405,Risk-On,0.9311896324834978,0.461243130198254,0.0020865867565141036
2022-09-12,4.157845967425781,3.8343962460881174,Risk-On,0.9298849827516523,0.461866260427097,0.002097968876211052
2022-09-13,3.96781883020908,3.8419245852882584,Risk-On,0.9197449221069964,0.4639724444511065,0.0021002933077099036
2022-09-14,3.969319690445885,3.8499083465471937,Risk-On,0.9095708366312312,0.46400929753625514,0.002089890975569892
2022-09-15,3.926799282594933,3.855577018426094,Risk-On,0.9358981248198625,0.4659261334560491,0.002115707886402486
2022-09-16,3.9295970365679995,3.859553668810401,Risk-On,0.930968948707478,0.4626836627446348,0.0021301670232284106
2022-09-19,3.950845703413508,3.863181675160878,Risk-On,0.9290802802713592,0.4630476931874884,0.002135097821277101
2022-09-20,3.9448263934354943,3.868813906985301,Risk-On,0.9289000413698147,0.4620410621791667,0.0021377358568755883
2022-09-21,3.812148887405327,3.8728698166444757,Risk-Off,0.922234361301208,0.4630607656198687,0.0021098162534137484
2022-09-22,3.8792361756546385,3.879460606688663,Risk-Off,0.9099622529446572,0.4564633263218324,0.0020939071142430654
2022-09-23,3.7987233412746537,3.884031005801386,Risk-Off,0.9060243960523033,0.45319023179630236,0.0020491703125275905
2022-09-26,3.834421551451832,3.888358458603307,Risk-Off,0.9137555403041696,0.4514511392206483,0.0020412122391746355
2022-09-27,3.928063538852043,3.8944006797226027,Risk-On,0.9254623259843752,0.45415037548847204,0.0020427860416604446
2022-09-28,3.875592161336756,3.8970301012251993,Risk-Off,0.9336749542040239,0.45947324994349226,0.002036858539962919
2022-09-29,3.814377306872795,3.898155252702008,Risk-Off,0.9604460583126553,0.45875494881626205,0.002074163435164582
2022-09-30,3.804512197711204,3.8996071561904024,Risk-Off,0.9704092401723639,0.462566482979509,0.0020705003980465812
2022-10-03,3.843878894237192,3.9037614466332378,Risk-Off,0.9682413418840524,0.4626100742516204,0.002042648647183849
2022-10-04,3.974087795102676,3.909712060549241,Risk-On,0.9834080641410391,0.46649117048457706,0.0020440415649118525
2022-10-05,4.003110447023919,3.917168756558591,Risk-On,0.9979798923811939,0.4641260513114233,0.002064099554877395
2022-10-06,3.983958414512431,3.9219362714061416,Risk-On,1.0175353673382643,0.4663330996615248,0.0020301454716134633
2022-10-07,3.910797863004779,3.9249000361661337,Risk-Off,1.0144491824258974,0.46560327097689314,0.0020067626607659914
2022-10-10,3.9422227573195685,3.9271871950018173,Risk-On,1.008112400208662,0.4665699769346089,0.0020713128598852056
2022-10-11,3.899996470938176,3.930651621917802,Risk-Off,0.998923693365336,0.4696836509922748,0.0020718413217236734
2022-10-12,3.86815275318824,3.9323702898044393,Risk-Off,1.0309644354768828,0.4699454957152843,0.002062204315864726
2022-10-13,4.0085849076624624,3.936903959498201,Risk-On,1.047293467033671,0.4691949438871025,0.0020763472882573478
2022-10-14,3.949820797368055,3.940288095580897,Risk-On,1.0447717004157022,0.4672789339685731,0.002101784804818361
2022-10-17,4.0711455133454475,3.9443859263346663,Risk-On,1.0491067407765209,0.4701013880385207,0.0020853952247836035
2022-10-18,4.109344564024403,3.950564380862545,Risk-On,1.0467994511591716,0.4701487381209818,0.002065797514305323
2022-10-19,4.1558861362478625,3.9576801001427135,Risk-On,1.043185463019503,0.46545711263692063,0.0020648234084637666
2022-10-20,4.192701890785343,3.963425600251722,Risk-On,1.0530251593684494,0.46341647448278367,0.0021161392395617836
2022-10-21,4.373412634639634,3.9709212141562613,Risk-On,1.0646562770400123,0.46224492734778294,0.002133858268871804
2022-10-24,4.463818353678024,3.9796875188559317,Risk-On,1.0699211144199305,0.45861378780826845,0.0021104507541471846
2022-10-25,4.40680719445357,3.986911819338943,Risk-On,1.0614310286974757,0.4637160292966918,0.002087669354735668
2022-10-26,4.311488466737954,3.99240695150219,Risk-On,1.0644940758567911,0.4695439928683454,0.002181189851118968
2022-10-27,4.244027097379761,3.9962803814976273,Risk-On,1.0646740552654228,0.47217022770256256,0.002183115596048544
2022-10-28,4.375067095913126,4.002659386043794,Risk-On,1.0620269876451047,0.47167924780129383,0.002113930307220218
2022-10-31,4.374647537515393,4.008810305532808,Risk-On,1.065461435538496,0.4755520490404163,0.0020866189984895486
2022-11-01,4.315178866146853,4.015196942181791,Risk-On,1.0641403108973486,0.4782935489486984,0.0021334346666886813
2022-11-02,4.22522153820659,4.019536607466298,Risk-On,1.0609963424339661,0.47433065111673,0.002130096726140805
2022-11-03,4.2044074074341795,4.022610479529976,Risk-On,1.045705427878502,0.4760523379705424,0.0021240705153883002
2022-11-04,4.337798953097254,4.028337676211772,Risk-On,1.0583536093002175,0.47563304185929844,0.0022209267267019046
2022-11-07,4.423423205993722,4.03910577852488,Risk-On,1.0897564093616743,0.4732622343051342,0.0021649268787724205
2022-11-08,4.3991833013855155,4.049258947388656,Risk-On,1.0885115519108253,0.4709059554899512,0.0021643011157676615
2022-11-09,4.294433813793212,4.058362346293376,Risk-On,1.0786489120560754,0.46761061541041216,0.0021878837227255724
2022-11-10,4.36258642922762,4.068677465318433,Risk-On,1.0820884098578496,0.47053814782702147,0.002168771009494187
2022-11-11,4.421009689367241,4.078480296042517,Risk-On,1.1032464590295104,0.46984875056291675,0.0022372593291078526
2022-11-14,4.3941757254384575,4.089012990738356,Risk-On,1.1006560015989701,0.4685808515271823,0.0021735453722026153
2022-11-15,4.361089330101464,4.097218672275807,Risk-On,1.0911428562392436,0.47150659511124765,0.00216456186983732
2022-11-16,4.235202376094165,4.102739435387066,Risk-On,1.0762555017966098,0.4667711085518145,0.0021364918820143955
2022-11-17,4.267272652267518,4.107558030888661,Risk-On,1.089510943846342,0.46385833497622947,0.0020953543793433994
2022-11-18,4.316332484197541,4.112288028449625,Risk-On,1.0757013565596945,0.46474684044825393,0.0020731776464796695
2022-11-21,4.28258697512697,4.1147828486036495,Risk-On,1.074210532734901,0.46400541016058805,0.0020556578869319357
2022-11-22,4.279485677547178,4.1210161855504115,Risk-On,1.0759309089726161,0.46272935862130016,0.002079330348183032
2022-11-23,4.232628478600129,4.126282361313496,Risk-On,1.0684858996804327,0.46102659547825514,0.002073184718976641
2022-11-25,4.2460737376708035,4.132667850415014,Risk-On,1.0658524436974175,0.46210087972513275,0.0020683852109084334
2022-11-28,4.166576993652628,4.137407449556706,Risk-On,1.0584438403048266,0.4601306206017209,0.0020748808389926157
2022-11-29,4.208771642929301,4.1425659683470215,Risk-On,1.072651173267311,0.46226544891470484,0.00207618397606545
2022-11-30,4.309657073053183,4.1498625819393755,Risk-On,1.0644034472008617,0.46043542100504675,0.002136025232138093
2022-12-01,4.173169521883178,4.157082994628933,Risk-On,1.0591375578301199,0.4597661622839449,0.002117594771517528
2022-12-02,4.116587039988862,4.161830011915617,Risk-Off,1.059195475256377,0.4629808710477337,0.0021426582756724046
2022-12-05,4.099959897188893,4.167854743033902,Risk-Off,1.0388093447008189,0.45847522026611914,0.002144109961381813
2022-12-06,3.9894758275589712,4.170955828556045,Risk-Off,1.0232442959505614,0.45805816375599,0.002154241772052033
2022-12-07,3.891006135211379,4.170214680483231,Risk-Off,1.0238733195198912,0.4574882840609934,0.0021593391110802927
2022-12-08,3.9322644002360496,4.1713481252612175,Risk-Off,1.0181409895688334,0.45721892873404574,0.002169452778068768
2022-12-09,4.007133172787389,4.17520324257951,Risk-Off,1.0207983910804426,0.45500514953937976,0.0021556086870295962
2022-12-12,4.051949170955206,4.180151982044389,Risk-Off,1.0112682818809855,0.4538117963857017,0.0021333895316119947
2022-12-13,4.043576408982241,4.18414593233929,Risk-Off,1.0107998234773705,0.4541328944348207,0.0021167097958715753
2022-12-14,4.000636685326104,4.184676910143759,Risk-Off,0.9993594165018819,0.4540565141580051,0.0021438450899031814
2022-12-15,3.8876059441113267,4.182366820085507,Risk-Off,0.9917664353657882,0.4537923569890403,0.0021173757116990646
2022-12-16,3.885107868458817,4.180389809164435,Risk-Off,1.0012087566400083,0.4557896058678041,0.002101396581980103
2022-12-19,3.9180057311148277,4.180533966526636,Risk-Off,1.002505087435644,0.45346596655865634,0.002116126920454839
2022-12-20,3.994294070788778,4.18157539279602,Risk-Off,1.0064181294197838,0.4552421797432468,0.0020912494322594477
2022-12-21,4.043854717847401,4.184452557734205,Risk-Off,1.0079832527623287,0.4562651244147509,0.002095930361312726
2022-12-22,3.986931647559753,4.186828135621635,Risk-Off,1.0052257623252585,0.4568162675058565,0.0020993284226531214
2022-12-23,4.069527776948319,4.188046993007352,Risk-Off,1.0006187276981053,0.45627050016569687,0.002117601159083397
2022-12-27,4.135245115874179,4.191755479377474,Risk-Off,0.994155286180378,0.4550036504403877,0.0021123538711180223
2022-12-28,4.1080558894012285,4.192493686898589,Risk-Off,1.0001727287676507,0.45357469406580203,0.0021195862411739737
2022-12-29,4.135064727866329,4.193008090175429,Risk-Off,1.0068064000165498,0.45684163585344745,0.002100027534587595
2022-12-30,4.170568995224869,4.193301747354968,Risk-Off,1.013849485845166,0.4567645913221115,0.002091278855102931
2023-01-03,4.075239736076919,4.1909525042608,Risk-Off,1.0174067371194275,0.45617010290069876,0.0020470729642766
2023-01-04,4.051199184931283,4.184508235266633,Risk-Off,1.0244120154148963,0.4583142992389616,0.002018296603641369
2023-01-05,3.988287444221306,4.174997617077498,Risk-Off,1.0392710411187662,0.4586410217980881,0.0020808807371897695
2023-01-06,4.006048384123516,4.166982440870897,Risk-Off,1.0414441636098457,0.45842717172650915,0.0020966098371979986
2023-01-09,3.982574223600915,4.160404156008156,Risk-Off,1.0306495458288294,0.45946203117564216,0.00214583219736411
2023-01-10,4.077993742024537,4.157083488901052,Risk-Off,1.0362074586232066,0.46300827341597156,0.002173007034256194
2023-01-11,4.063533735417714,4.150852821691144,Risk-Off,1.0374375819762516,0.4629245625214765,0.0022162061569060013
2023-01-12,3.9996078357989937,4.1433520276568165,Risk-Off,1.0465820362259797,0.46899327721145834,0.0022083882196255833
2023-01-13,4.0531124142429915,4.138110698618739,Risk-Off,1.058307778112063,0.4702478814752639,0.0021932339071000645
2023-01-17,4.072007320949588,4.135046414273599,Risk-Off,1.052751898909323,0.47053176509950234,0.0022100462775274258
2023-01-18,3.912902874973019,4.129216323624376,Risk-Off,1.05850437674281,0.4703513992929618,0.0022203842864761494
2023-01-19,3.9088871530847533,4.120638087624126,Risk-Off,1.0568200689307228,0.46926359405806656,0.0021988970854878967
2023-01-20,4.04731799970399,4.113115983498331,Risk-Off,1.0671646611554209,0.46827351082887014,0.0022054089578785823
2023-01-23,4.115256665403817,4.107437450778697,Risk-On,1.0792303291814893,0.468447921575632,0.0022074621144794167
2023-01-24,4.052560036102635,4.102599975224885,Risk-Off,1.0744040241965322,0.46794994398212186,0.002195304842102346
2023-01-25,4.044272848813087,4.096233703616594,Risk-Off,1.097635808955992,0.4690758662428196,0.0021842158859310375
2023-01-26,4.107829801280814,4.089970105854866,Risk-On,1.0997357789928996,0.4667242392903351,0.002211912421526114
2023-01-27,4.127686378281664,4.084640318911731,Risk-On,1.0997357789928996,0.46817303810309435,0.0021901897908240416
2023-01-30,4.090846821415727,4.079235468738016,Risk-On,1.0992215593005874,0.4675193874567773,0.002186020979061155
2023-01-31,4.11807404671137,4.07689290215036,Risk-On,1.105929822521894,0.4719345515732753,0.0021915003313675973
2023-02-01,4.112404240838353,4.073795533921777,Risk-On,1.1040121543509733,0.47431231308466465,0.0021324826003268128
2023-02-02,4.1668766549571545,4.070806417336969,Risk-On,1.1046377328006718,0.47671317751985504,0.002136408578173602
2023-02-03,4.185179218116079,4.068858262196751,Risk-On,1.1260692604495308,0.4786033144533086,0.0021810081855878926
2023-02-06,4.190627311178376,4.0670810948693745,Risk-On,1.1162281332629467,0.47457915444340554,0.002166702417956411
2023-02-07,4.279783716175381,4.06802419962088,Risk-On,1.1295392314064632,0.4719273177328916,0.0021843779075424808
2023-02-08,4.212935169768648,4.067361428262837,Risk-On,1.1420063394566353,0.4701673944360701,0.0021537764429593086
2023-02-09,4.216355643283788,4.06835700125546,Risk-On,1.1449250514337461,0.46741279456069895,0.0021999251573629097
2023-02-10,4.274020510910554,4.069661978615085,Risk-On,1.1263087580369056,0.46725751043609426,0.0021620678800827625
2023-02-13,4.288109657947935,4.06923103031298,Risk-On,1.1324155839912964,0.46739343836814734,0.002206922533240743
2023-02-14,4.296026454441918,4.0716881689641555,Risk-On,1.131094830080759,0.46739008506312146,0.002216828550978643
2023-02-15,4.3505462976099825,4.076367354116577,Risk-On,1.1250295882461976,0.470596249189983,0.0022091375824034526
2023-02-16,4.352308233534682,4.081414320843494,Risk-On,1.1222501970297472,0.4726021703836464,0.00226140074051682
2023-02-17,4.307933709186462,4.087783478476044,Risk-On,1.1105926295526507,0.4750894885392541,0.002235383497621506
2023-02-21,4.305194059088897,4.096067236953593,Risk-On,1.1084216117752204,0.4705066482070043,0.0023101472620487996
2023-02-22,4.260220227435545,4.102626353497583,Risk-On,1.1114775677776103,0.47243794763376934,0.002293940975155893
2023-02-23,4.241433935035279,4.107312368742541,Risk-On,1.1182616449413536,0.47328884042019015,0.0022403740122242206
2023-02-24,4.251397762303411,4.111301340569505,Risk-On,1.1188666260629432,0.47392565535367825,0.0021865324065357015
2023-02-27,4.254079841789458,4.1155114092256495,Risk-On,1.126161065197452,0.47397943565590506,0.002206384053122689
2023-02-28,4.2191889269417,4.1198824540579615,Risk-On,1.1485093740646,0.4757630616105573,0.002240417624098865
2023-03-01,4.248648038204235,4.12710329593982,Risk-On,1.1638091118809895,0.4782041938217831,0.0022680526375345265
2023-03-02,4.319996938547548,4.135801077341594,Risk-On,1.1367367163973603,0.47564704847702177,0.0022274339299843036
2023-03-03,4.285461087652175,4.143150184472341,Risk-On,1.1353570315892976,0.4746579658163751,0.0022070683424969205
2023-03-06,4.321940417808931,4.1497031114127445,Risk-On,1.1308410128468114,0.4673939704859314,0.0022190053859173046
2023-03-07,4.229751066877912,4.153421038393354,Risk-On,1.1199823214652944,0.4691610749329255,0.0021977506869946027
2023-03-08,4.232492958042989,4.158332264603019,Risk-On,1.1073771633037044,0.46862280129733225,0.0022295471950225317
2023-03-09,4.144228591627572,4.1598262808966044,Risk-Off,1.071001064892617,0.4641522089938199,0.002216421579168598
2023-03-10,3.9482716115547456,4.156086810810216,Risk-Off,1.068335068564297,0.4573703885968718,0.0021726636958301513
2023-03-13,3.9337019815306458,4.152599732652804,Risk-Off,1.0106283216702938,0.4505619171625809,0.0021287336263140105
2023-03-14,4.065570691656679,4.151209851928611,Risk-Off,1.0176970615449352,0.4514447033164103,0.002103924067230249
2023-03-15,3.963603642189435,4.147070544867902,Risk-Off,0.9773025502479624,0.4467969664231984,0.0020017128408722916
2023-03-16,4.064945475597799,4.14686465965832,Risk-Off,0.9893432751556333,0.44508717103180373,0.0020247524513932426
2023-03-17,3.9580102417802236,4.1450008807952985,Risk-Off,0.9668021108047568,0.4381971308591187,0.001986749910428788
2023-03-20,4.0315342924501225,4.145865817759875,Risk-Off,0.9699722634095361,0.43965093950053363,0.0020086399580081073
2023-03-21,4.119870685677843,4.1481422637909615,Risk-Off,1.0150077916715268,0.4419589589188018,0.002073529334998352
2023-03-22,3.9963556699776475,4.148417892718496,Risk-Off,1.0113795858100985,0.43687161783072065,0.002089839706142755
2023-03-23,4.007159725672784,4.147001212391461,Risk-Off,1.0149849963590991,0.4337599522379454,0.0020794461866344705
2023-03-24,4.016468441078308,4.146059906504673,Risk-Off,0.9836025716706339,0.4348301150392909,0.0020692700090063887
2023-03-27,4.120779133801813,4.148483332464729,Risk-Off,0.9960374631126514,0.43884418422857874,0.0021022842478842616
2023-03-28,4.104056043174998,4.149502205043369,Risk-Off,0.9930028966536953,0.4391983905292898,0.0020847697919581265
2023-03-29,4.172088938568607,4.15150383739575,Risk-On,0.9930894493871228,0.4378229098216909,0.002092975851796047
2023-03-30,4.177296055489695,4.1567917010060835,Risk-On,0.9866319953505172,0.43467874446887145,0.002065596009226131
2023-03-31,4.173650728193022,4.162086972508249,Risk-On,0.9902705074384807,0.4365160676884246,0.0020845605977117985
2023-04-03,4.16994220515761,4.164539456617321,Risk-On,0.9989065867309216,0.43505404726495966,0.0020462221722270016
2023-04-04,4.126292108639231,4.164760165482029,Risk-Off,0.9846234033324185,0.42980919492070757,0.0019698843338940043
2023-04-05,4.072906878913932,4.1651671023382555,Risk-Off,0.9585634328145858,0.42671055594377544,0.0019783264180518244
2023-04-06,4.078246313000855,4.165846571622011,Risk-Off,0.9554190837406074,0.4256888265891245,0.0020010934808058862
2023-04-10,4.1493377656362185,4.166676730909119,Risk-Off,0.9594338665595057,0.4298011263612386,0.0020041727785056213
2023-04-11,4.1419195701712805,4.166961394746911,Risk-Off,0.9669802264166765,0.4330840329388371,0.0020074320606391326
2023-04-12,4.129281987568098,4.167730098069959,Risk-Off,0.9658568982901653,0.4316652347308949,0.0020311799623942825
2023-04-13,4.217271146108376,4.169714040057899,Risk-On,0.9743969302232321,0.43165149997043634,0.0020202811805382385
2023-04-14,4.24580367926292,4.17238202882639,Risk-On,0.9951142342804593,0.42867695388495053,0.0020514934454422752
2023-04-17,4.312337201334489,4.175291239753936,Risk-On,1.0010927454840621,0.43263758493047866,0.0020389128895283845
2023-04-18,4.299827966026573,4.177584214712146,Risk-On,1.0093484301471054,0.4305176977524968,0.0020372122649558173
2023-04-19,4.303230674334133,4.179836281975261,Risk-On,1.0040461991502623,0.4311467447645703,0.0020408982189034255
2023-04-20,4.243469355553584,4.179109994762826,Risk-On,1.001332412436982,0.43127496838914686,0.002003387071567461
2023-04-21,4.270766076973389,4.18026661290692,Risk-On,0.994862038403458,0.4314990421485336,0.002010608749216209
2023-04-24,4.234256542735486,4.180624630895955,Risk-On,0.9875019362603853,0.4307580787204346,0.0019873310126104137
2023-04-25,4.106656176000121,4.177277344197746,Risk-Off,0.971489128972819,0.42690161275562555,0.001928786337076721
2023-04-26,4.133317093746517,4.174181492913718,Risk-Off,0.9853609734448939,0.4245804720712823,0.0019388628691663428
2023-04-27,4.257851265035669,4.173417989125593,Risk-On,0.9893588096399862,0.42185506490618274,0.0019420573889958575
2023-04-28,4.226023793745656,4.170927539048306,Risk-On,1.0025811677815646,0.4219456930139006,0.0019446258645471582
2023-05-01,4.347103415495888,4.17082344268753,Risk-On,0.9981246378452482,0.4226133643558315,0.0019748916038610383
2023-05-02,4.193737995570377,4.1685395284152085,Risk-On,0.9874991064750219,0.418639646777311,0.001910341039722332
2023-05-03,4.141833083481375,4.1652723089030586,Risk-Off,0.9789226990546028,0.4230797820910141,0.0018887410527051187
2023-05-04,4.153527756343739,4.163138459481222,Risk-Off,0.9590381403109612,0.4213256300572656,0.0018798827659338713
2023-05-05,4.244536313557978,4.163200507051676,Risk-On,0.976484146243011,0.423499512912233,0.001919054212554218
2023-05-08,4.306015793507788,4.164292867675764,Risk-On,0.9809783148154729,0.4224158091584862,0.0019335734532996574
2023-05-09,4.302525318752699,4.165261777215028,Risk-On,0.9786228336806663,0.4230088340967211,0.0019099302780783607
2023-05-10,4.281084805583889,4.166499694787872,Risk-On,0.9643232063235208,0.4231767901775157,0.0018852499722553809
2023-05-11,4.22891040770913,4.166104942177969,Risk-On,0.9727778056368459,0.4206590898818298,0.0018352608726240156
2023-05-12,4.259014496927411,4.1648852933455665,Risk-On,0.9634965168404547,0.4203592087841699,0.001844874680500878
2023-05-15,4.3184363352032085,4.1655447982965885,Risk-On,0.9837475867608518,0.42403153547242906,0.00185208124495356
2023-05-16,4.302502799208966,4.165156045924588,Risk-On,0.9966505293863258,0.4206579457690783,0.001837909858558916
2023-05-17,4.367465638675992,4.16791033736055,Risk-On,1.0203454107582155,0.4248763818498394,0.0018897360139293403
2023-05-18,4.442452760078567,4.172109533401262,Risk-On,1.0309852420107775,0.4233792680777717,0.001881676441624498
2023-05-19,4.4675799620015315,4.178576560808741,Risk-On,1.0281293402665999,0.42141184635284396,0.0018812857824280313
2023-05-22,4.48536596209354,4.189318447819518,Risk-On,1.0297103745396952,0.42638337380018265,0.0018604415302580822
2023-05-23,4.422296789804505,4.199090343984994,Risk-On,1.0212814076304877,0.4291909864231469,0.0018462279208636071
2023-05-24,4.41209498899627,4.206020829931785,Risk-On,1.0146137453362782,0.4277419699302298,0.0018104238071417849
2023-05-25,4.461398159743017,4.215976720282857,Risk-On,1.0281145701587406,0.42075994599871863,0.0018426740427428285
2023-05-26,4.482965200094415,4.22433711477279,Risk-On,1.0365073697139398,0.42010260082473716,0.0018895633491934952
2023-05-30,4.440309309076209,4.23398309611871,Risk-On,1.0402105290605335,0.418393096673532,0.0018682328868082766
2023-05-31,4.377528162854727,4.240902973526802,Risk-On,1.0198408716404432,0.4165786846683045,0.0018488721405484953
2023-06-01,4.401847603259362,4.246542511878432,Risk-On,1.0384352922945976,0.4171225614260175,0.0018738625143608501
2023-06-02,4.514980765996524,4.256915013798809,Risk-On,1.0501629334175255,0.4260878810109335,0.0019066277603371027
2023-06-05,4.514739393718544,4.267066607159725,Risk-On,1.0397706022088686,0.4211831752151771,0.0019216037015749314
2023-06-06,4.498058128035759,4.276698400898874,Risk-On,1.0536404972304665,0.431337711930437,0.0019165606512061453
2023-06-07,4.550044683807661,4.285283711898991,Risk-On,1.0401271138911186,0.4409328122908876,0.0019326195535224954
2023-06-08,4.524641796045478,4.2936954269564005,Risk-On,1.0346736763792692,0.4366433005390959,0.0019334385897220227
2023-06-09,4.538986372513352,4.301033375635296,Risk-On,1.0410656748183615,0.4323330310451909,0.0019309958865656833
2023-06-12,4.566721687958111,4.308821888284664,Risk-On,1.0426366207124385,0.43022924176737104,0.0019181199151547983
2023-06-13,4.642702335493743,4.318202920430678,Risk-On,1.0490868499956694,0.43231114614071653,0.0019687853957065598
2023-06-14,4.611326061376763,4.32703059755506,Risk-On,1.0456274536806056,0.4271558089946774,0.001977190119426691
2023-06-15,4.624075671408796,4.336986268810453,Risk-On,1.048085541818511,0.4253971724707118,0.0019902441584668147
2023-06-16,4.626292116438442,4.348053973560942,Risk-On,1.040310304626667,0.4234351916886955,0.00198350693335244
2023-06-20,4.570660391716592,4.357902255135257,Risk-On,1.0447839425141205,0.4237893800024693,0.0020038749598249605
2023-06-21,4.5362651129113445,4.36564080208076,Risk-On,1.0352089889756093,0.4249825079759138,0.002022965869018678
2023-06-22,4.608261032960521,4.374967631336545,Risk-On,1.0350239172092617,0.4203129862347934,0.002032990053051477
2023-06-23,4.528279496210413,4.382947581509391,Risk-On,1.0459896191809814,0.41713888082135914,0.0019832213238999757
2023-06-26,4.504980617770323,4.388701770942629,Risk-On,1.0335809662545543,0.41926769803036834,0.00196834229517195
2023-06-27,4.566290149648794,4.395111500350348,Risk-On,1.0414891829078783,0.42070949043053735,0.001975705381969424
2023-06-28,4.549191928133725,4.399848594886333,Risk-On,1.054530726786107,0.422561309822128,0.0019455628810188873
2023-06-29,4.65106575892417,4.406873350744284,Risk-On,1.0728287005352821,0.4257451018369554,0.0019261995095272645
2023-06-30,4.651093500490959,4.413830607267421,Risk-On,1.070231657149735,0.42278895056025984,0.0019473218388420864
2023-07-03,4.682993117886687,4.422621082514082,Risk-On,1.0682650187446299,0.42315987686148737,0.0019664880782062468
2023-07-05,4.720887805216192,4.431623517078938,Risk-On,1.054068557409021,0.4195669938242337,0.001955355299270357
2023-07-06,4.751115828212169,4.441960702788472,Risk-On,1.057883574429422,0.41604979033885275,0.0019489705683317484
2023-07-07,4.7678184926647,4.455183949121763,Risk-On,1.067237522785998,0.42150711309096134,0.0019556640304418476
2023-07-10,4.773621971985324,4.46799004668654,Risk-On,1.076613588991617,0.42763574653580183,0.001959220836688946
2023-07-11,4.779455150146209,4.478422124388751,Risk-On,1.075991014062587,0.42929483517877287,0.001943509496113129
2023-07-12,4.7648727515399285,4.489199103544636,Risk-On,1.0673804609801496,0.430513039388776,0.0019640119126512695
2023-07-13,4.752724587498722,4.497311526984693,Risk-On,1.0674375742560736,0.4305735326060025,0.002005665680343875
2023-07-14,4.777899974131009,4.508994766555905,Risk-On,1.0644409586233863,0.42663183325859444,0.0020009183103851815
2023-07-17,4.792126173735308,4.522000628360984,Risk-On,1.0872200384408963,0.42970611496581923,0.0019627125431511735
2023-07-18,4.805918460464106,4.535048442443392,Risk-On,1.1080333958872721,0.4318027994305679,0.0019300020630080887
2023-07-19,4.762801888647722,4.545413753945186,Risk-On,1.1015309056518747,0.4326695884528853,0.001921365354516262
2023-07-20,4.789354438141307,4.555080526837857,Risk-On,1.0897787024271781,0.4317525319030904,0.0019394909412890373
2023-07-21,4.787941072624765,4.564788841915298,Risk-On,1.070059109543618,0.43038039118866994,0.0019360585851260035
2023-07-24,4.8268859703500695,4.575704865210621,Risk-On,1.0832255088365006,0.4295238853063523,0.0019591389178631774
2023-07-25,4.8491544317675634,4.58810974569179,Risk-On,1.0743389114197373,0.4283104830756209,0.0019886855914381684
2023-07-26,4.845110490289084,4.599831665559024,Risk-On,1.0807177734486748,0.4316281633718062,0.001975976443914337
2023-07-27,4.908473079276937,4.611632400440498,Risk-On,1.086265265006272,0.4288911916708773,0.0019859669321322577
2023-07-28,4.931200548991843,4.624206355436156,Risk-On,1.0908653283367433,0.43023049653337675,0.001998061623409666
2023-07-31,4.928739160317722,4.635431825868991,Risk-On,1.0944044323439395,0.4343971055184074,0.0020271504297379884
2023-08-01,4.996512503881151,4.646513020745042,Risk-On,1.10795008853689,0.4336487164352517,0.002006234960378254
2023-08-02,4.980292118459777,4.656767263874206,Risk-On,1.0985420529552394,0.4337855327681313,0.00197558586593997
2023-08-03,5.083297298054416,4.668725890593424,Risk-On,1.124806225720549,0.433805908664718,0.002006211142609085
2023-08-04,4.972237891799705,4.679724712633328,Risk-On,1.1334438350832519,0.4349033102270816,0.001982367538156256
2023-08-07,5.065489457815326,4.69279260200971,Risk-On,1.1495329876882698,0.43142872243613795,0.0019720713544144693
2023-08-08,4.985563997923049,4.70327591877331,Risk-On,1.1338253421317108,0.43059228255920845,0.0019479236807321072
2023-08-09,4.926755609900628,4.712151726969434,Risk-On,1.1229759899238818,0.4301002261689371,0.0019669520077711003
2023-08-10,5.011020533325402,4.723565951454419,Risk-On,1.1274437078955843,0.42803819191110987,0.0019593605723384876
2023-08-11,5.0196489503940995,4.736408367205206,Risk-On,1.1235846310831403,0.42889435719129493,0.0019418160400446012
2023-08-14,5.058496163551866,4.749541338411056,Risk-On,1.1302596380114416,0.42580278471821664,0.001949387620885933
2023-08-15,5.030229535324992,4.759846313797626,Risk-On,1.127812898011521,0.4251270601993961,0.0019245729183242136
2023-08-16,5.032693440427415,4.770205394731803,Risk-On,1.1211830722225562,0.42303427592030557,0.0019257950707584203
2023-08-17,5.015724358025211,4.780558719331592,Risk-On,1.118076294347951,0.4212590503570021,0.0019561063395236024
2023-08-18,5.0004792761999886,4.789567411179439,Risk-On,1.111937796582731,0.4233489646677269,0.0019611897193282397
2023-08-21,5.101012450367323,4.801094824265875,Risk-On,1.1176702503624572,0.41999744245762755,0.001960597790871052
2023-08-22,5.048452364020415,4.811284144096017,Risk-On,1.1039827171859953,0.41988188394546055,0.0019776945346323656
2023-08-23,4.981259315937708,4.819574896655609,Risk-On,1.1104312271544399,0.4196843198533504,0.001982538408682562
2023-08-24,4.944830301536768,4.825617455976469,Risk-On,1.1129894817045327,0.4196954646337383,0.0019640809194080094
2023-08-25,4.963479615063016,4.832660527050194,Risk-On,1.1098177592786327,0.4185315322109298,0.001967453319290872
2023-08-28,4.989714645074514,4.839973306523508,Risk-On,1.1161969523630932,0.41960105081167187,0.0019573491322356445
2023-08-29,5.009806652188146,4.847643597238503,Risk-On,1.122087175110195,0.41939308409014664,0.001958688346415627
2023-08-30,5.035668493343942,4.85694375927105,Risk-On,1.1278599253964343,0.4192482560268369,0.0019467160370190786
2023-08-31,5.005925681789645,4.866336970648615,Risk-On,1.1344975364707155,0.41912935260900286,0.0019463936297522053
2023-09-01,5.0946301833464025,4.876064353656333,Risk-On,1.1505754068036562,0.4233175207105505,0.0019654087555587047
2023-09-05,5.1447537261513325,4.888393838255151,Risk-On,1.156693521423941,0.41619963576464347,0.0019785070113828573
2023-09-06,5.097629066242915,4.900246807224604,Risk-On,1.1534018937100257,0.4174465555007902,0.001954277752166587
2023-09-07,5.067924403678155,4.9102794923051905,Risk-On,1.1354993566179554,0.4146828078317375,0.0019431551867389305
2023-09-08,5.056194866850808,4.920419551079532,Risk-On,1.1279161794386585,0.41313814412749117,0.0019185258463712304
2023-09-11,5.126386385147873,4.929925963604006,Risk-On,1.128533632348728,0.41142078385249553,0.0019601725602947863
2023-09-12,5.069048270507373,4.938285059004334,Risk-On,1.1346351824836642,0.4132861376555987,0.001963061789152648
2023-09-13,5.0760360841198615,4.946145918328998,Risk-On,1.1212200680014452,0.4100928794667052,0.001967419249905383
2023-09-14,5.157026773385445,4.954868697692383,Risk-On,1.115253966863372,0.4123202732451174,0.0019803665071257744
2023-09-15,5.126133250902435,4.962369046146189,Risk-On,1.1143036738330165,0.412985054533436,0.0019563861676618684
2023-09-18,5.100062329990147,4.969013922892698,Risk-On,1.1181899018749766,0.41000057683249597,0.0019370954702655299
2023-09-19,5.12732867332748,4.97608805691954,Risk-On,1.1230097709132951,0.4092531156588569,0.0019223602415365216
2023-09-20,5.064364918030113,4.981786252277218,Risk-On,1.1142048061880647,0.40891274435821656,0.0019256270879272044
2023-09-21,5.11190267077904,4.988726850662001,Risk-On,1.1073690144809745,0.40933527203891035,0.0019104315260710316
2023-09-22,5.0596854105190365,4.994866067122407,Risk-On,1.1009646913450637,0.4093310346553212,0.0019037601948347787
2023-09-25,5.2091536799507985,5.003491141238802,Risk-On,1.1051530993761451,0.4094396517750674,0.001904153156462794
2023-09-26,5.150529527326207,5.010659208310621,Risk-On,1.1240273470890814,0.41020171153966245,0.0019074931348296903
2023-09-27,5.179395505901256,5.018128749219364,Risk-On,1.144363958590149,0.4138713104112671,0.0019379141594210517
2023-09-28,5.193559831094693,5.026743908068303,Risk-On,1.1780965350342982,0.41520335067062064,0.0019858632127496417
2023-09-29,5.180370878165702,5.034564236868791,Risk-On,1.165207753190034,0.41424462269512863,0.0020161247333984602
2023-10-02,5.266472673039084,5.0441348688770775,Risk-On,1.2117115253137543,0.4081489906658924,0.00198469943687564
2023-10-03,5.3102066042855744,5.0538012815557884,Risk-On,1.1789163174402513,0.40672326229882905,0.0019815302102785936
2023-10-04,5.274465072042766,5.062307494361291,Risk-On,1.1889121532686413,0.40397179269610234,0.001970855161191213
2023-10-05,5.298892453807822,5.071383133631667,Risk-On,1.2013630985408765,0.4044308622146796,0.001952548705826872
2023-10-06,5.427571339784856,5.081765098841825,Risk-On,1.194700000078516,0.40353418846090927,0.001980384730050321
2023-10-09,5.337059813633344,5.089882284134655,Risk-On,1.1836388215674873,0.4032848927473493,0.001969451161776726
2023-10-10,5.372266655590404,5.098752834040108,Risk-On,1.1761613593315121,0.4057389178970801,0.0019516388874166696
2023-10-11,5.283912766478059,5.104500839292046,Risk-On,1.1591390731748281,0.40339477154520254,0.0019297308777183099
2023-10-12,5.398138509044512,5.112857767103741,Risk-On,1.1699112455373815,0.3966969282378935,0.0019226448441717941
2023-10-13,5.276834889114028,5.116728518924933,Risk-On,1.1593340477068266,0.3953622846508119,0.001857424446590629
2023-10-16,5.419579652709076,5.125675354143121,Risk-On,1.1596236910269375,0.3975647141049306,0.0018671594080336385
2023-10-17,5.479722658126311,5.133960018149341,Risk-On,1.1682722741968223,0.4020178921716888,0.0018596245395777144
2023-10-18,5.4546925741884955,5.143342589674649,Risk-On,1.158257431720975,0.3990630209291259,0.001831943910252008
2023-10-19,5.5197749429904555,5.155202976336446,Risk-On,1.1543783957660325,0.39618611697895006,0.001824578337392628
2023-10-20,5.421162838371611,5.16340582243737,Risk-On,1.1486763774594364,0.3959291521348111,0.0017866330669927416
2023-10-23,5.347523822530831,5.169963319880106,Risk-On,1.1512627714199721,0.39325663680995515,0.0018079238303628509
2023-10-24,5.317771701376059,5.175148830636589,Risk-On,1.1301100946269584,0.3937197068645096,0.001827848048149785
2023-10-25,5.36078855714549,5.181760011072998,Risk-On,1.1196407134916966,0.39285399261062276,0.001800312519860805
2023-10-26,5.2165794145827356,5.185437730556105,Risk-On,1.107680739238384,0.39863524265359135,0.001795742818862935
2023-10-27,5.215093029102209,5.189425103977645,Risk-On,1.1085495595551982,0.3957418573610178,0.0018274163268415776
2023-10-30,5.3013207984349,5.195441934422344,Risk-On,1.119708731797032,0.3932360863950036,0.0018282236160991924
2023-10-31,5.360781937050473,5.200637324156006,Risk-On,1.1222800948231015,0.3941599665800284,0.0018343240407777083
2023-11-01,5.302974087532579,5.20572775862625,Risk-On,1.116840103442709,0.39222895103025945,0.0018420254148897646
2023-11-02,5.284140634260619,5.211785384992708,Risk-On,1.1222378428273583,0.39511104272257763,0.0018467969885177919
2023-11-03,5.296447243882414,5.218817723839622,Risk-On,1.1304310775690714,0.4021876804235374,0.0018450916337212696
2023-11-06,5.360631090573288,5.226760753349827,Risk-On,1.1300074542026834,0.39625130738221526,0.001871972204324305
2023-11-07,5.297744104568335,5.2329213425397025,Risk-On,1.1366196618355522,0.39372800878674796,0.0018659751805887106
2023-11-08,5.21282943655483,5.236981798227037,Risk-Off,1.1463940679452707,0.3892465810675692,0.0018590827676048347
2023-11-09,5.293944657244054,5.242147321505039,Risk-On,1.1568491130809073,0.38623209472963593,0.0018506262502931813
2023-11-10,5.346613979197753,5.2489610874532,Risk-On,1.1637529275309615,0.3845500400029845,0.001854237790394672
2023-11-13,5.353688637510576,5.2541422565364835,Risk-On,1.1760753060480642,0.3850534337347292,0.0018825494241236538
2023-11-14,5.336584778408796,5.257978877581634,Risk-On,1.152290411602318,0.3984681184669233,0.0018771025557669915
2023-11-15,5.424003379784221,5.264506363852461,Risk-On,1.16219899504586,0.39831709756341604,0.001896586917857845
2023-11-16,5.36398368107927,5.270427549400481,Risk-On,1.1606905911420233,0.39139915254018615,0.0018672815738483542
2023-11-17,5.345602559290834,5.2762157032492825,Risk-On,1.1635048073094143,0.3962693948284172,0.0018861021388593558
2023-11-20,5.354046843078075,5.280768912407886,Risk-On,1.1717316644500742,0.3955362508972738,0.001927744397091644
2023-11-21,5.344737812765386,5.286282703253046,Risk-On,1.1686184158425463,0.39129405344438795,0.0019079177713699973
2023-11-22,5.346478995351874,5.291691561477688,Risk-On,1.1676465073761384,0.39223326583233725,0.00189138292156722
2023-11-24,5.413512709085382,5.296821280191686,Risk-On,1.1682989995978783,0.3946327444778332,0.0018961642494062622
2023-11-27,5.314983112113479,5.300598277415906,Risk-On,1.1624816806733846,0.3940220212994754,0.0018702157055197283
2023-11-28,5.309777277376095,5.304792576363626,Risk-On,1.1584622937921485,0.39211266489665236,0.001863509442196052
2023-11-29,5.240167908116515,5.3070493610594065,Risk-Off,1.1760135305686799,0.3944603683510399,0.0018494455857085246
2023-11-30,5.322280208986691,5.312207666878538,Risk-On,1.1841478667409024,0.3944060677554931,0.0018787105843934351
2023-12-01,5.25479639280318,5.315065541319021,Risk-Off,1.178593589927733,0.40354404243590636,0.0018874939255873286
2023-12-04,5.2480940475541855,5.318833714059724,Risk-Off,1.1819411589361721,0.4100174804440755,0.001887505529907046
2023-12-05,5.136694041310377,5.317384521286915,Risk-Off,1.1844760240568841,0.40461250784712016,0.0018689621194684035
2023-12-06,5.048756173640779,5.315349054213207,Risk-Off,1.162996661757039,0.40552253144609146,0.0018303373769362318
2023-12-07,5.116634449303977,5.314093833081261,Risk-Off,1.1710992610709585,0.4053597290698452,0.0018643774758040816
2023-12-08,5.181025712449565,5.313843150708359,Risk-Off,1.179517914362307,0.406694342908942,0.0019116248010317485
2023-12-11,5.212206563373349,5.314479864412512,Risk-Off,1.1790765299124875,0.40596437178614103,0.0019110212191050407
2023-12-12,5.220517681929591,5.313560764590322,Risk-Off,1.1923675877267594,0.40370847414924055,0.0019142481140066207
2023-12-13,5.171181303388902,5.310780258572388,Risk-Off,1.1674992695777329,0.4116967422197554,0.001909902598039892
2023-12-14,5.056250784639572,5.3064159728243245,Risk-Off,1.1946882073716771,0.42179976734784863,0.001915328572912211
2023-12-15,5.042324826113531,5.301284620270439,Risk-Off,1.2086722643382684,0.4189446862711547,0.0019222205914563705
2023-12-18,5.1114127758979,5.294961448992699,Risk-Off,1.2154477848257275,0.4167492523229059,0.0018990277633445687
2023-12-19,5.11493453897521,5.290518943499536,Risk-Off,1.2176415677927555,0.42225816897539525,0.0019113029149257245
2023-12-20,5.010110878885433,5.283275827965436,Risk-Off,1.2206900983819096,0.41981588344850357,0.0019176701826731676
2023-12-21,5.089824169091564,5.279394056017707,Risk-Off,1.2304264908081848,0.42294937150348283,0.001916777010900542
2023-12-22,5.123357464362856,5.2738984351240745,Risk-Off,1.2289334136176575,0.4260340906817602,0.0018936851683227346
2023-12-26,5.130403494118495,5.270969807224165,Risk-Off,1.2264278113922897,0.4297595122395084,0.001892673227627332
2023-12-27,5.050192569043886,5.26358206555086,Risk-Off,1.2311352403769336,0.430497211173158,0.0018941833070466921
2023-12-28,5.089060629240735,5.255768824973148,Risk-Off,1.2259733693065504,0.42869577322459257,0.0018867834953795863
2023-12-29,5.120515864647013,5.249085290782318,Risk-Off,1.2236168017068036,0.4229237269261963,0.0018815458989264987
2024-01-02,5.121381572789053,5.24111742337829,Risk-Off,1.2112279230241467,0.4227822909860134,0.0018741523643969298
2024-01-03,5.058459422457414,5.233863355060006,Risk-Off,1.1964940240244275,0.41489753362796444,0.0018914070288981158
2024-01-04,5.119962048565398,5.2293121195806975,Risk-Off,1.2050246327628402,0.4154237470870719,0.0018758262733449083
2024-01-05,5.176492179901826,5.226486529151213,Risk-Off,1.2056531908136967,0.4136355759306867,0.0018578633309711994
2024-01-08,5.199097725248808,5.22325271251328,Risk-Off,1.204544942142837,0.41515748150826753,0.0018748149779570504
2024-01-09,5.224520874783364,5.223411541717292,Risk-On,1.2067751620592733,0.4120684351966732,0.0018498322461295658
2024-01-10,5.278654439557792,5.224682769926404,Risk-On,1.208880933876577,0.4099823159880752,0.001870208235756682
2024-01-11,5.246865050701702,5.22359365497174,Risk-On,1.233099188578957,0.4069461997405149,0.001874844807180362
2024-01-12,5.260836999125697,5.2215947562132445,Risk-On,1.2238100297968055,0.4059921443409129,0.0018273318506678707
2024-01-16,5.33549686975218,5.222245211857637,Risk-On,1.228737049014177,0.4024480371948102,0.001859081932964118
2024-01-17,5.314243876340194,5.222847276699228,Risk-On,1.244516101653393,0.4018136162118368,0.0018638270856873745
2024-01-18,5.411808183677451,5.225154495495128,Risk-On,1.2599933302437643,0.40062594548121505,0.001855246175989883
2024-01-19,5.461800944377195,5.2271778925712065,Risk-On,1.281924588906722,0.39949234761758606,0.0018687391763494657
2024-01-22,5.440966734622231,5.230042345172285,Risk-On,1.294589305390103,0.4071639962291182,0.0018635507713492196
2024-01-23,5.500420568588866,5.235794167812966,Risk-On,1.294281151068384,0.4048024902541839,0.001873054314903955
2024-01-24,5.5388757597574125,5.240692789863232,Risk-On,1.3173566372848504,0.4010384594322088,0.0019278513760246853
2024-01-25,5.532847710352792,5.244417464486333,Risk-On,1.3004609170395762,0.40217308490448944,0.0019165550728872148
2024-01-26,5.536425120772947,5.248072194151581,Risk-On,1.301350483880291,0.40270524896985427,0.001909212620779577
2024-01-29,5.516736469079236,5.25167522796499,Risk-On,1.2964570658274668,0.406533823700907,0.001912403713173516
2024-01-30,5.462941350580498,5.252453987380915,Risk-On,1.313277095032298,0.40338005097141405,0.0019229633773514534
2024-01-31,5.321543398109855,5.251605181721527,Risk-On,1.2999568426757753,0.40005337637983157,0.0019051455283239014
2024-02-01,5.287473409914132,5.250442598733993,Risk-On,1.27764330254058,0.40012624506308864,0.0018765221441076607
2024-02-02,5.463824785084045,5.252638157574113,Risk-On,1.306484964212796,0.3938710351023898,0.001876872505655217
2024-02-05,5.55612867085109,5.256865974735827,Risk-On,1.3263868951624018,0.39028791960233916,0.0018620724516503447
2024-02-06,5.518324635679771,5.260302887542384,Risk-On,1.3242865160718695,0.3926656958024684,0.0018591791735611844
2024-02-07,5.591410955076296,5.263860852462202,Risk-On,1.3332941918633185,0.3885129467734272,0.0018364288728310056
2024-02-08,5.626596061528445,5.270093111450502,Risk-On,1.3376943195319495,0.3942302732259229,0.0018233933552304444
2024-02-09,5.670570234635997,5.2773089705957,Risk-On,1.336350869406115,0.39833946398584297,0.001821776315803366
2024-02-12,5.661446964351172,5.285734551720393,Risk-On,1.3270924866625406,0.4057514323119131,0.0018474383012489978
2024-02-13,5.680811795513652,5.292905183450932,Risk-On,1.331229847293476,0.3944916950822416,0.0018636158066888087
2024-02-14,5.7034100411487305,5.301877456417843,Risk-On,1.33659123806311,0.4000189612841688,0.0018592674072549617
2024-02-15,5.7132181253648495,5.311179937974056,Risk-On,1.3370947625240932,0.40787158001960505,0.0018762799318364025
2024-02-16,5.717861515829649,5.322803287464442,Risk-On,1.333911316766194,0.40433893993591213,0.001908028863598214
2024-02-20,5.681483253224867,5.335457829056124,Risk-On,1.331078373035957,0.40097233035965196,0.0019070283111308859
2024-02-21,5.727342749331272,5.347671995056669,Risk-On,1.3176772602551177,0.39871598663683183,0.0019158878221284745
2024-02-22,5.817474554597352,5.360400971899626,Risk-On,1.3433682276719214,0.393591955816689,0.0019297421064379172
2024-02-23,5.744587487371629,5.371048590379591,Risk-On,1.3404813030758902,0.394208136632519,0.0019042480211776964
2024-02-26,5.740668142668684,5.3814515995943735,Risk-On,1.360619143006532,0.3981511885419585,0.0018851367422944958
2024-02-27,5.792180740766944,5.393871588341934,Risk-On,1.3390003358835847,0.4030437104797146,0.0018834808700321465
2024-02-28,5.74803347964456,5.407707242242034,Risk-On,1.3398818517414772,0.40025351288081523,0.0018826857377787383
2024-02-29,5.728269855346116,5.421426142826686,Risk-On,1.33878677759997,0.4015992312237019,0.00187441959520506
2024-03-01,5.746244123004134,5.43412276976881,Risk-On,1.3453598418947132,0.4020822090715351,0.0018472376249306559
2024-03-04,5.763263313049237,5.44708934525029,Risk-On,1.3263496696304482,0.40214248351993276,0.0018189545671760837
2024-03-05,5.6255476647035065,5.459398080966651,Risk-On,1.3304938131045225,0.4023118580569898,0.001801734286894529
2024-03-06,5.62106847061564,5.470022966997132,Risk-On,1.3247088700609244,0.4032699936400806,0.001799981397873934
2024-03-07,5.682193700025188,5.48119969171038,Risk-On,1.31422311821471,0.40263302978776755,0.001816265112388123
2024-03-08,5.658116770739578,5.491753957242802,Risk-On,1.313188069971786,0.4048099500859137,0.001783255217257523
2024-03-11,5.656206539142276,5.503874236644769,Risk-On,1.3088804776989733,0.40194569895518173,0.0017972508110404698
2024-03-12,5.765256067029176,5.517398145400538,Risk-On,1.327192222535705,0.3971252056162782,0.0018167932464994907
2024-03-13,5.784263742951605,5.53067310296663,Risk-On,1.3279372536852,0.3993015512060424,0.0018628757713706106
2024-03-14,5.862863883229808,5.545502749175444,Risk-On,1.3278921226164624,0.3929351070757329,0.0018663893570461264
2024-03-15,5.824485623437865,5.560823273195053,Risk-On,1.3247100509216212,0.3963960094004225,0.0019063181280549407
2024-03-18,5.87680726211032,5.575960177465953,Risk-On,1.3261946866802772,0.39179575666439687,0.0019042440592201759
2024-03-19,5.89293077813317,5.59028894943058,Risk-On,1.3209850954429305,0.3912761960998523,0.00188215912497219
2024-03-20,5.9493552907830685,5.605294100741264,Risk-On,1.3350714673177984,0.3953635182197106,0.0018714954422895161
2024-03-21,5.956191004992288,5.619927503345443,Risk-On,1.3481039851469938,0.3985889873408729,0.0018541515703185216
2024-03-22,5.888602645646,5.632126467467208,Risk-On,1.3307819751948335,0.3938341991566484,0.0018516286875841245
2024-03-25,5.901848015699956,5.645226126767173,Risk-On,1.3194432189320082,0.39583042311570393,0.0018424682175455919
2024-03-26,5.874612876184008,5.657501644308338,Risk-On,1.3391568940039162,0.3958490267629961,0.0018367346351028666
2024-03-27,5.865807597418423,5.668107858861663,Risk-On,1.3182221370486316,0.4011024548256309,0.0018225599784409885
2024-03-28,5.869642903058395,5.6792158393960275,Risk-On,1.3163747014826424,0.4024422428081769,0.001805492992269724
2024-04-01,5.970732637637194,5.6903943284752225,Risk-On,1.3172120874392905,0.39934791672052483,0.0018090766840217739
2024-04-02,5.9656442419303914,5.700471194426286,Risk-On,1.3080889165844471,0.39451416884484275,0.001800088532357973
2024-04-03,5.973495418018889,5.71112176809422,Risk-On,1.3126832194130627,0.396663651646987,0.0018274930344529426
2024-04-04,5.858563068813628,5.718284618098714,Risk-On,1.3004669297827982,0.39754626765659257,0.0018553390093787416
2024-04-05,6.0033262781388,5.7275736284663425,Risk-On,1.3089548611564694,0.39474904134749667,0.0018228920904608376
2024-04-08,6.007339984810961,5.737063473955505,Risk-On,1.306004468939694,0.39668970165262796,0.0018342840159426962
2024-04-09,5.958860138870171,5.745512174317451,Risk-On,1.2914089935384718,0.39779258681986185,0.0018288883187253515
2024-04-10,6.030623491552695,5.755789914766919,Risk-On,1.2942968785665143,0.3912049794852972,0.001838083741994114
2024-04-11,6.103874561230547,5.768608578979921,Risk-On,1.2877000284016993,0.39090273168293244,0.0018056734189204418
2024-04-12,5.987619678979114,5.781930104597305,Risk-On,1.2802706197019313,0.38931996993613993,0.0018069350054709386
2024-04-15,6.005728601185972,5.796295208422743,Risk-On,1.2856942675143155,0.38848501043899136,0.0018509595471051154
2024-04-16,6.034830120518953,5.807715315131441,Risk-On,1.294074346423415,0.38776352728836094,0.0018008616122573541
2024-04-17,5.933265603842714,5.815258053791273,Risk-On,1.2708210041676626,0.3859526176379895,0.001830965256655964
2024-04-18,5.951051799579846,5.823912597069275,Risk-On,1.2681791922064858,0.3864277841238553,0.0018639548719929623
2024-04-19,5.8779346805972095,5.829643071579693,Risk-On,1.2662377111068128,0.390436743503358,0.001877084739138826
2024-04-22,5.942061563851421,5.835952381626153,Risk-On,1.26995750983053,0.3912006323865668,0.001929723135410221
2024-04-23,6.010549072810355,5.84275195838964,Risk-On,1.272064227426805,0.39308612212604055,0.0019291575664794715
2024-04-24,6.05051119438113,5.850533242990239,Risk-On,1.2641327432339933,0.39151003740696066,0.001921703595452525
2024-04-25,6.070099414887625,5.858318995377719,Risk-On,1.2533742490302462,0.39061740148799107,0.001961756288614599
2024-04-26,6.095663421490919,5.866164062984563,Risk-On,1.2653376607431686,0.3906539769408453,0.001956912657080303
2024-04-29,6.066374646426398,5.873227193405793,Risk-On,1.2465284622705206,0.3924152828007829,0.001986441593706743
2024-04-30,6.021709023467919,5.879304143558559,Risk-On,1.2407684478536827,0.3906358187722951,0.001992013637764723
2024-05-01,5.958238137855334,5.884839241251167,Risk-On,1.2266166260122033,0.39272865536901286,0.0019794338729606734
2024-05-02,5.988273533517075,5.8900578569348845,Risk-On,1.223133408575127,0.3962443899649162,0.0019545929251380645
2024-05-03,6.001767715649736,5.893743720155932,Risk-On,1.2161776542593832,0.3952692611176187,0.001989343260723179
2024-05-06,6.040214616231093,5.899656262733121,Risk-On,1.2255036790991247,0.3962865991242451,0.001996252511955697
2024-05-07,6.010226636919064,5.905047432618128,Risk-On,1.215888492922549,0.3967402460120031,0.0019978836816395428
2024-05-08,6.047464726159258,5.9101531123259745,Risk-On,1.2076367299432562,0.3943987099077199,0.001971818639894809
2024-05-09,6.052780329181921,5.916248049316722,Risk-On,1.198440000990547,0.3961418626297983,0.001975687098904743
2024-05-10,6.094874777442009,5.923580147758639,Risk-On,1.2042232208529233,0.39265331777249907,0.0019826384256972722
2024-05-13,6.080176192217631,5.9302587891429095,Risk-On,1.1993290565779227,0.39342689287812155,0.0020566328077367317
2024-05-14,6.073787255106295,5.936469267984051,Risk-On,1.202169587899662,0.39568519481633596,0.0021048270585348285
2024-05-15,6.066210948271816,5.9452825336554165,Risk-On,1.193204137387995,0.3957200999807693,0.0020804203819788504
2024-05-16,6.059651934649735,5.954054202936099,Risk-On,1.1973309531641951,0.3936770463120295,0.0020554622682202764
2024-05-17,6.109531442911782,5.96260095779383,Risk-On,1.205130570412802,0.39339560315325606,0.002096426607487715
2024-05-20,6.13469418129255,5.97213250600489,Risk-On,1.1906551437649662,0.3938114646834464,0.002090266773283638
2024-05-21,6.118182706599517,5.981372029354035,Risk-On,1.1876367359879259,0.3924712294690029,0.0021138043776072323
2024-05-22,6.0932472512254865,5.987931853037961,Risk-On,1.194982367272802,0.3902795307164876,0.002037292787466855
2024-05-23,6.087911167948638,5.994004801537902,Risk-On,1.1987657862732775,0.3866994789206844,0.0020627409794090647
2024-05-24,6.110084534284308,5.9989492145589915,Risk-On,1.194036056306518,0.38841171870767766,0.0020486602701430406
2024-05-28,6.203280419050894,6.0065251104712525,Risk-On,1.181993189577738,0.3876114558082707,0.002070100332565418
2024-05-29,6.235299877275361,6.0136949627745535,Risk-On,1.187813253755059,0.3845798531657259,0.002053369196366026
2024-05-30,6.134647382263066,6.018529294857151,Risk-On,1.1783388442986091,0.39082550325921933,0.0019941099176545075
2024-05-31,6.1487721301853595,6.022517631645197,Risk-On,1.174850858540662,0.39056261032957323,0.0019845883711403257
2024-06-03,6.055836053233284,6.024510532610017,Risk-On,1.180994346478342,0.3880445210362528,0.001993096331346652
2024-06-04,5.992602709794073,6.026590533892978,Risk-Off,1.1760625187736011,0.38261006086703486,0.001955708389101785
2024-06-05,6.019654891228761,6.0289466714035544,Risk-Off,1.1862572459915948,0.3839009681454594,0.001962321043534417
2024-06-06,6.028583412783453,6.032026082135544,Risk-Off,1.1980912669962853,0.38115607981248034,0.0019790743315642417
2024-06-07,6.133784402571238,6.037385618238599,Risk-On,1.2168553464896368,0.37714004009024976,0.0019497224776238843
2024-06-10,6.194029698748822,6.0438733541524075,Risk-On,1.1967613560942842,0.37726778772122943,0.001974476775338358
2024-06-11,6.145389679328346,6.047366494986232,Risk-On,1.190374203596464,0.3750752453486066,0.0019601299083374948
2024-06-12,6.1496539182754875,6.051046688513134,Risk-On,1.1970293941498238,0.3777306468900064,0.001961258584505891
2024-06-13,6.072770115061873,6.053032182453993,Risk-On,1.193419418521239,0.3736778079551579,0.0019596123238612177
2024-06-14,6.025758520703793,6.056376091491797,Risk-Off,1.1925064641018457,0.36751423121568555,0.001952046113444762
2024-06-17,6.1346284311824295,6.059002134552669,Risk-On,1.2164600783630823,0.36767633443685704,0.001955327928375806
2024-06-18,6.094297502132237,6.060741284899094,Risk-On,1.2236418166089063,0.3673850835384053,0.001957603840110408
2024-06-20,6.1184940984146206,6.0639339640899825,Risk-On,1.2195900809978595,0.3668260569484949,0.001961933866394777
2024-06-21,6.110291020272664,6.065527314664383,Risk-On,1.2220651700445357,0.3681454011201366,0.001940079497279925
2024-06-24,6.065897052992101,6.064767764499614,Risk-On,1.2186004705784523,0.37094982648125324,0.0019429184336519037
2024-06-25,6.078945698698246,6.066594284893996,Risk-On,1.2210733652033048,0.36831478866700385,0.001891133496192983
2024-06-26,6.174743058149051,6.0699745740332585,Risk-On,1.218497854032523,0.3668835640941041,0.0018995737304676613
2024-06-27,6.160009809846634,6.072478167819811,Risk-On,1.2148931560994174,0.3700235781745365,0.0018621207975936106
2024-06-28,6.252093076472784,6.078854717272414,Risk-On,1.232820179609259,0.3730113113705146,0.0018861967438948324
2024-07-01,6.374986127884288,6.087333403838502,Risk-On,1.2441004602761656,0.36912619126390706,0.0019017441389758596
2024-07-02,6.368306607554132,6.09714084237764,Risk-On,1.252118613797334,0.36791621319276796,0.0019068015940580396
2024-07-03,6.313804983577884,6.10457571077217,Risk-On,1.2407347585446618,0.3661909524303796,0.0019243155332710653
2024-07-05,6.298073817712543,6.110326205670214,Risk-On,1.238264539871141,0.36235956378168377,0.0019503873537992718
2024-07-08,6.291744789328488,6.11515087756916,Risk-On,1.2337258034969871,0.36448255059435036,0.0019624661656170547
2024-07-09,6.325824486835955,6.120265379008128,Risk-On,1.2396416547424283,0.36254429885207073,0.0019397482645803184
2024-07-10,6.368421493329465,6.125720540444897,Risk-On,1.2327494957206633,0.3625035541371485,0.0019422899296569938
2024-07-11,6.25276308224974,6.129448309161365,Risk-On,1.2201501054413644,0.3787997054228727,0.0018668737470733453
2024-07-12,6.265409713152379,6.134322322955054,Risk-On,1.2152608738471526,0.38082070930159256,0.00190492948423068
2024-07-15,6.355711036672841,6.142271780931404,Risk-On,1.2637192748494999,0.38699263473109563,0.001869247590901048
2024-07-16,6.304462838007738,6.148595567021217,Risk-On,1.2682701426596221,0.39783670072475813,0.0018047433169054302
2024-07-17,6.214748461007391,6.15285518192837,Risk-On,1.277164723958759,0.3992723284040381,0.001791999380946191
2024-07-18,6.214491795482442,6.156340725513397,Risk-On,1.2627979528915794,0.39457968372271696,0.001739946043334711
2024-07-19,6.209763800894082,6.160331468792898,Risk-On,1.2485370378910536,0.3951944774664433,0.0017612188948740966
2024-07-22,6.292068866598836,6.165223551601689,Risk-On,1.2450552953553704,0.39738514278875897,0.0017477006816545059
2024-07-23,6.29102565663979,6.169988458150847,Risk-On,1.2551763981001398,0.4022372317589462,0.0017241951842588495
2024-07-24,6.215637204493672,6.17240370669188,Risk-On,1.2242605570497873,0.4027278423917112,0.0016985040791352285
2024-07-25,6.13299333134283,6.173460049474383,Risk-Off,1.239147629224115,0.4098918135915041,0.001748586403118863
2024-07-26,6.1536624868672405,6.175057554109603,Risk-Off,1.2463709118227804,0.4120597224218325,0.0017245797549977021
2024-07-29,6.124348304092791,6.176220301226023,Risk-Off,1.239077228114203,0.40724436401089936,0.0017086609659657315
2024-07-30,6.069946745340761,6.1764261974398424,Risk-Off,1.246914799638927,0.41086886773987036,0.001689397173463183
2024-07-31,6.106150488976267,6.176358578361133,Risk-Off,1.2278957301314837,0.4066404283789186,0.0017144033988922766
2024-08-01,5.968206423267018,6.173028823200622,Risk-Off,1.1890905975283392,0.3990675928913393,0.001670020610644832
2024-08-02,5.680089323923098,6.164266955547094,Risk-Off,1.1579843621708354,0.3922564918763857,0.0016836377923218442
2024-08-05,5.4856383173694105,6.152114776869972,Risk-Off,1.1548941732885185,0.3910275676307463,0.0016588250191832406
2024-08-06,5.662884435469303,6.143614242220385,Risk-Off,1.1637339740786734,0.39167102502678697,0.0016790840558249267
2024-08-07,5.664913066100446,6.134710812856708,Risk-Off,1.1586173325219538,0.38963824097588584,0.0016471449487554905
2024-08-08,5.831748297350252,6.127280170422696,Risk-Off,1.1760162402990926,0.390092171187913,0.0016286846721032188
2024-08-09,5.800263470214863,6.118579442281486,Risk-Off,1.1770189817212653,0.38757236271810264,0.0016364458119585235
2024-08-12,5.7822869951190645,6.111532234538606,Risk-Off,1.168847582012669,0.38387898582816654,0.0016467673770125689
2024-08-13,5.836900105315386,6.105294794041206,Risk-Off,1.1717137587420643,0.38388862708407145,0.0016361940466311869
2024-08-14,5.818827553359821,6.1005546240437365,Risk-Off,1.1868399229799982,0.3803076777478265,0.00164999600578005
2024-08-15,5.966715674187541,6.100036883331605,Risk-Off,1.198029309903755,0.3835955448851751,0.0016872527716742347
2024-08-16,5.959229373879849,6.098828372984627,Risk-Off,1.2015021667739638,0.3837482108295853,0.0016519250363802348
2024-08-19,5.988550096507707,6.098027706659113,Risk-Off,1.2001898731485774,0.38476248454334827,0.0016654009154346192
2024-08-20,5.931547735891696,6.093982973325523,Risk-Off,1.198932410616317,0.38089416270318543,0.00165233138713345
2024-08-21,5.948313501835466,6.089068649387255,Risk-Off,1.1885940427561275,0.3845333361417621,0.0016669989319212225
2024-08-22,5.96079598893482,6.085376775579384,Risk-Off,1.1968085343004184,0.3841574067328531,0.0016704989943688794
2024-08-23,5.984947574907287,6.08208264871202,Risk-Off,1.2037720308781636,0.39225757319624033,0.0016721815231946257
2024-08-26,5.9858905493050045,6.080345057396882,Risk-Off,1.1997700146589945,0.3933197320995066,0.0016727569803885558
2024-08-27,6.004509234860496,6.079920071680017,Risk-Off,1.215569481727382,0.38973365325341236,0.0016814388796710816
2024-08-28,5.976972735423324,6.076766957764835,Risk-Off,1.2185542557622808,0.38935704079288125,0.0016573370575475865
2024-08-29,5.997123244395558,6.074823472610101,Risk-Off,1.2227505856638905,0.39209971993360154,0.0016421190633600852
2024-08-30,6.119626606170113,6.074846122765211,Risk-On,1.2251324918385236,0.39064637956131304,0.001662122022523142
2024-09-03,5.8972389521031605,6.070585081401821,Risk-Off,1.2177811457821062,0.3866575590652586,0.001619342231812018
2024-09-04,5.810273679905409,6.065472613940087,Risk-Off,1.2088086286558974,0.38679681177645614,0.00161205580178667
2024-09-05,5.763542938154169,6.059164558729207,Risk-Off,1.198474120309633,0.3858101596087349,0.0016235964103846192
2024-09-06,5.667110709381458,6.049011911753853,Risk-Off,1.192232947152588,0.3849525969187106,0.001609986020109805
2024-09-09,5.705917103215597,6.039930057621233,Risk-Off,1.1978489840445055,0.3817522677888001,0.0016326244129227071
2024-09-10,5.690928358251761,6.028706763256812,Risk-Off,1.180050451052594,0.37978681369680606,0.0016082872608774155
2024-09-11,5.753884491847884,6.016284730536085,Risk-Off,1.1708329536585054,0.37703097714463407,0.0016253333961154031
2024-09-12,5.82958480031261,6.005510294391254,Risk-Off,1.1709013769429553,0.37869562158008896,0.001620021941088824
2024-09-13,5.84427381900751,5.996119671099847,Risk-Off,1.1580334334808262,0.38602125816572264,0.0016174021275172006
2024-09-16,5.799765077834678,5.98615349630229,Risk-Off,1.1642295378920395,0.3868385377685485,0.0016326925981056677
2024-09-17,5.830327609329672,5.976925152702313,Risk-Off,1.1713144813778162,0.38987907794866294,0.0016431384559750472
2024-09-18,5.8859975263280715,5.968128613492155,Risk-Off,1.1766240428521286,0.3911100954542757,0.001648578206937271
2024-09-19,6.006342115476254,5.960887025935092,Risk-On,1.196656810131814,0.3924685259066486,0.0016561050134980145
2024-09-20,6.019002335155764,5.956211810993211,Risk-On,1.1651081591360797,0.388935271616453,0.0016342226887526082
2024-09-23,6.046886370758794,5.951841344145339,Risk-On,1.1522697172656424,0.38654743312548123,0.0016329716483275368
2024-09-24,6.065417584426278,5.946035475100409,Risk-On,1.1507996958074722,0.38609065036907425,0.001670752936246439
2024-09-25,6.102767231026897,5.942001562960792,Risk-On,1.1379119241647044,0.3822243789461236,0.0016651624754075965
2024-09-26,6.112591321001572,5.939958420160676,Risk-On,1.1516551821994137,0.38274372331416545,0.0017157946060844503
2024-09-27,6.072146198986335,5.937111508230754,Risk-On,1.1436347148375428,0.3858917580760875,0.0017172786013395927
2024-09-30,6.12568689178614,5.935429970048594,Risk-On,1.1428250714784556,0.3853284273234929,0.0017055497312401817
2024-10-01,6.027293167579077,5.930134456068199,Risk-On,1.1276986894942567,0.3835309324688768,0.0017004086404091398
2024-10-02,6.081082777224626,5.925935598479896,Risk-On,1.1283952909787398,0.38284132017401357,0.0017362396679365742
2024-10-03,6.127691015021032,5.924176674690443,Risk-On,1.1228079669399487,0.38096900725398825,0.0016943282863195804
2024-10-04,6.260385058736698,5.92672450923832,Risk-On,1.1436430524247168,0.3828135669978547,0.0017093128561056887
2024-10-07,6.2508905833325095,5.928669071167626,Risk-On,1.1562044479017213,0.3832739798003386,0.0017086358023201298
2024-10-08,6.299380791118189,5.932169720908134,Risk-On,1.162286060496735,0.3799450397397641,0.0016871893611054576
2024-10-09,6.379278826641181,5.938356362534142,Risk-On,1.1831732473793641,0.37816389023054703,0.0016711435222845304
2024-10-10,6.393159422591655,5.944096541206451,Risk-On,1.1831578572064527,0.3767247752261719,0.0016732809530166728
2024-10-11,6.457526636297505,5.95388294546706,Risk-On,1.195475599944968,0.38209799426756436,0.0016750074410708529
2024-10-14,6.505476206223052,5.970390683113059,Risk-On,1.1879398804245982,0.38179044582340116,0.001647971915472557
2024-10-15,6.37739843767704,5.988225885519212,Risk-On,1.1851615914392437,0.3850908594265887,0.0016158788885088048
2024-10-16,6.378237121756092,6.002532939244947,Risk-On,1.1764667950324261,0.3897324750408037,0.001619857910772536
2024-10-17,6.481470371213218,6.018864085347203,Risk-On,1.1902571616710726,0.38863341719115485,0.0015929022583098537
2024-10-18,6.501549889543399,6.032260117191067,Risk-On,1.1836793215490495,0.38633958904919746,0.001601503582838183
2024-10-21,6.606290385772093,6.048380655502211,Risk-On,1.1788370771628949,0.3808870403367311,0.0015875288455038446
2024-10-22,6.596344667642916,6.064661808952687,Risk-On,1.1807860510930486,0.3796481353605465,0.0015844326677924134
2024-10-23,6.553818464854277,6.079000176143466,Risk-On,1.168578172585311,0.3796512559662753,0.001585801745453978
2024-10-24,6.5261726816178305,6.0931470787086255,Risk-On,1.1771681426055989,0.3796612741239351,0.0015793996576550038
2024-10-25,6.560736454087717,6.105027494306629,Risk-On,1.1817104294722505,0.3783577265576957,0.0015832391203699993
2024-10-28,6.598923205702873,6.11782137094309,Risk-On,1.1871045784318706,0.38334351718963117,0.001579350298217575
2024-10-29,6.599547670729172,6.130041322427519,Risk-On,1.2055578598837182,0.3814854329071296,0.0015649834322196672
2024-10-30,6.560336178475239,6.142617091279189,Risk-On,1.213862650038316,0.38212534046555957,0.0015519095809523385
2024-10-31,6.421297618305258,6.152076773608585,Risk-On,1.184836789605104,0.38328858838823726,0.001575247361722374
2024-11-01,6.540610928137378,6.163673072392636,Risk-On,1.2160020626967452,0.3838160990079866,0.0015874898460468136
2024-11-04,6.4267668976419,6.172509458847329,Risk-On,1.2211518130785834,0.3865943032837867,0.0016106867101188661
2024-11-05,6.4701101333892455,6.182193850529014,Risk-On,1.2142527101475031,0.3891607200394256,0.001624092227910343
2024-11-06,6.8177217132717916,6.1984581000972385,Risk-On,1.301533993929486,0.40171651973802974,0.0015828833756311497
2024-11-07,6.785430550991907,6.214627256408611,Risk-On,1.2782126446275437,0.3972226773419551,0.001634301811077637
2024-11-08,6.72935246901888,6.229271840901077,Risk-On,1.265479049739911,0.3984207202530303,0.001594976735669513
2024-11-11,6.768697637727715,6.24225326153223,Risk-On,1.2799312603139426,0.4040258151773209,0.0016126685219099667
2024-11-12,6.850380724850054,6.2613160969871675,Risk-On,1.290877675794737,0.3981751512273354,0.0015844231385451096
2024-11-13,6.9193467855264785,6.283497559099589,Risk-On,1.2939643545838801,0.3940432113111406,0.0015754804354515869
2024-11-14,6.835273031173903,6.304932160959982,Risk-On,1.2950471274603947,0.39124608059058646,0.0015859356871201226
2024-11-15,6.7657003363717205,6.32690395349979,Risk-On,1.2818397999521167,0.390410218454769,0.0015789064174886601
2024-11-18,6.781377215623033,6.348413155747938,Risk-On,1.2745979568665673,0.38958289921657774,0.001573584481715078
2024-11-19,6.7716496956156735,6.370027582495217,Risk-On,1.2581620771656181,0.39104635644114116,0.0015720756579185812
2024-11-20,6.795671337998367,6.390863319418226,Risk-On,1.2537405924865719,0.3914224267190969,0.0015646476578904985
2024-11-21,6.8374449954967025,6.411020523321907,Risk-On,1.2479777592650887,0.3952499831707726,0.0015392387132818306
2024-11-22,6.854844076015461,6.431231928462066,Risk-On,1.2687248009723677,0.40130625157497857,0.001503376518896822
2024-11-25,6.70452961078999,6.449327219121172,Risk-On,1.2746303503303789,0.4060300021443731,0.0015635507983434674
2024-11-26,6.7658042898529684,6.4680367527316385,Risk-On,1.257099247249389,0.4009547977140971,0.0015414265385899737
2024-11-27,6.698889152852339,6.484294585262124,Risk-On,1.259556462404274,0.40272507807695207,0.0015405886824160296
2024-11-29,6.67164262683566,6.4976005954893115,Risk-On,1.2610661592897996,0.4017668524721785,0.0015357546578415543
2024-12-02,6.667580220325668,6.51057215319271,Risk-On,1.275925243949157,0.40084909673224806,0.0015467380782924333
2024-12-03,6.728733700784792,6.5242090997932305,Risk-On,1.277405633920007,0.39781262346984597,0.001567663623470844
2024-12-04,6.698536047284981,6.536871469050404,Risk-On,1.2727528203447456,0.3967742256178666,0.0015607808132316893
2024-12-05,6.674032652066592,6.548296777471198,Risk-On,1.2725961774650454,0.39279212819514014,0.0015742785635969295
2024-12-06,6.676766234736346,6.559580275745893,Risk-On,1.2883097275481097,0.3934486858339101,0.0015684454106172023
2024-12-09,6.704175184928721,6.5722208554647406,Risk-On,1.286819999181517,0.3934989923909042,0.0015848624450090377
2024-12-10,6.714923770856777,6.584005593046154,Risk-On,1.2959485831729325,0.3930160435436778,0.0015656508088809588
2024-12-11,6.831421191907392,6.600088153532721,Risk-On,1.3067527120375388,0.39176408075430413,0.0015414441984787873
2024-12-12,6.879793273123814,6.6160623634507045,Risk-On,1.3016508328096852,0.3886754604175097,0.0015609302964321402
2024-12-13,6.949385613774694,6.632496255425777,Risk-On,1.2997627623395125,0.3860857208340533,0.0015621235571711897
2024-12-16,6.958220318059174,6.646452960612228,Risk-On,1.3078454400398432,0.38670391323859843,0.0015627592984234816
2024-12-17,6.912734317397444,6.659689835293525,Risk-On,1.3040065114321437,0.3838582840653189,0.0015472318698182203
2024-12-18,6.791633298348562,6.669534885438132,Risk-On,1.2955387891596841,0.3781337204847671,0.0015550919418291554
2024-12-19,6.893929875449119,6.679827906414292,Risk-On,1.2942865091105482,0.3765713787644164,0.0015509992511526325
2024-12-20,6.937233543091413,6.690709388824287,Risk-On,1.2928885128437553,0.37558847887169167,0.0015372617508408674
2024-12-23,7.04337983513869,6.702426452801111,Risk-On,1.2915970679931668,0.37249470733658474,0.001540022083333606
2024-12-24,7.091677493247555,6.7141504785416,Risk-On,1.2996253025344973,0.3716944937077856,0.0015456106826549267
2024-12-26,7.096189132586065,6.72852629243978,Risk-On,1.3058821303048762,0.3754796800698624,0.0015431256447456985
2024-12-27,7.0795328555106956,6.742552207114873,Risk-On,1.3000579782018051,0.3739422698913558,0.0015522314212870817
2024-12-30,6.942944597690845,6.7517816916444255,Risk-On,1.2929624525752612,0.37535029524847735,0.0015523194236760096
2024-12-31,6.954915410174595,6.760849002057049,Risk-On,1.295498627106772,0.37719883433371465,0.0015160505610303753
2025-01-02,6.9188131911858886,6.767099458165326,Risk-On,1.2824546666949268,0.3784359026710464,0.0015000565138762305
2025-01-03,7.027793351816903,6.775728431848804,Risk-On,1.278980153128724,0.3793231806166114,0.0015272212614409189
2025-01-06,7.099999263574169,6.786652047823203,Risk-On,1.2894181664046944,0.37730187550045846,0.0015642055820936761
2025-01-07,7.099807639507443,6.798124746980996,Risk-On,1.2897051106799997,0.3785561922062706,0.0015660406241042992
2025-01-08,7.101089569578266,6.808931809290807,Risk-On,1.294315371207595,0.376289780238072,0.0015866015994944744
2025-01-10,7.039312599788061,6.81773959717251,Risk-On,1.270271106507144,0.37371304089834034,0.00157817976488406
2025-01-13,7.052703886580628,6.826802721489539,Risk-On,1.294470229849968,0.3738572276616307,0.001606695268986625
2025-01-14,7.073999513788012,6.837075988195794,Risk-On,1.293524919509957,0.37758821250191055,0.0016098973463897278
2025-01-15,7.080638552506136,6.850262806879812,Risk-On,1.3073251239078227,0.3781338348795615,0.0016071889147780457
2025-01-16,7.044286514648209,6.860336318610028,Risk-On,1.2836153672414594,0.37962340777294873,0.0016059205528762173
2025-01-17,7.102770531036416,6.873856391277919,Risk-On,1.2926330088962243,0.3774739560728449,0.0015805487804511891
2025-01-21,7.104231684162284,6.886538822293379,Risk-On,1.2837388633917557,0.38123378890790105,0.0015647912414883097
2025-01-22,7.181722440670467,6.893818836841353,Risk-On,1.3058781800857073,0.37662798296802596,0.0015433949847897292
2025-01-23,7.277469657601973,6.903659618973555,Risk-On,1.3072150719712154,0.3762899539101435,0.0015560420674599815
2025-01-24,7.223778746273026,6.9135481445186375,Risk-On,1.2978876190636024,0.37633851082992065,0.0015446656416051201
2025-01-27,7.038478555328067,6.9189437628706445,Risk-On,1.3432743569513408,0.37808264969094685,0.0015355250389064285
2025-01-28,7.103784991703057,6.924011848207705,Risk-On,1.3596585214894545,0.3752754354999036,0.0015254083843746474
2025-01-29,7.086402885283093,6.927352970202837,Risk-On,1.3557664196405261,0.37610086735454556,0.0015375031676409603
2025-01-30,7.09782264201653,6.93260396241969,Risk-On,1.3407667560284118,0.37789635571482755,0.0015189515079034798
2025-01-31,7.106706363598826,6.939424082964231,Risk-On,1.3408704808351135,0.3765102702997772,0.0015153778076171876
2025-02-03,7.001872042356168,6.943833979498894,Risk-On,1.3282364805016516,0.37462587241341516,0.001515226471203828
2025-02-04,7.027320840978242,6.948947402406145,Risk-On,1.3369081581942155,0.3772834239974781,0.0015219220325573021
2025-02-05,6.941212629077382,6.951858228227726,Risk-Off,1.337582274793556,0.3798498094512857,0.0015442610623453822
2025-02-06,6.968440569794706,6.954478139713687,Risk-On,1.350261607577209,0.3772965233699229,0.0015593486673691694
2025-02-07,6.949513579694854,6.9563715297872735,Risk-Off,1.3454966551952834,0.3763688780801684,0.001597844653641406
2025-02-10,7.017935165436016,6.9626396408801945,Risk-On,1.3204867944584908,0.37551733872120424,0.001612908737154302
2025-02-11,7.068543900140481,6.968694433085944,Risk-On,1.3171562176343519,0.3730501495058808,0.0015775107518797781
2025-02-12,7.14269801293725,6.977570610287643,Risk-On,1.314874576974731,0.3708068042138187,0.0016149879526378937
2025-02-13,7.100084042299793,6.9861394385969255,Risk-On,1.3205797911858619,0.3710679151477157,0.001629925907439835
2025-02-14,7.062306559402134,6.994033965378455,Risk-On,1.3286539395807504,0.37080721090447244,0.001614821648277664
2025-02-18,7.167457673246365,7.002808444827687,Risk-On,1.3257415250072537,0.37175059980614733,0.0015639923200345708
2025-02-19,7.175377399631642,7.0123452718746195,Risk-On,1.3193095722797203,0.36960396292971964,0.0015609372859671736
2025-02-20,7.118891919595859,7.021242457225205,Risk-On,1.2992483973365443,0.3675912102222585,0.0015673468713046743
2025-02-21,6.913580492904212,7.0259787423885625,Risk-Off,1.2827481143494213,0.3632148857969592,0.0015522875106171582
2025-02-24,6.862209904314478,7.029139436776277,Risk-Off,1.2947608516023301,0.36224498817096673,0.0015322773323385177
2025-02-25,6.712315487839276,7.029087271115928,Risk-Off,1.301022275264051,0.3626749359322949,0.0015444999349406633
2025-02-26,6.676269065012603,7.025984228578031,Risk-Off,1.2928455601151334,0.36294629628263997,0.0015571858683694683
2025-02-27,6.616469447843164,7.020717752072418,Risk-Off,1.329452512516952,0.3632073709215826,0.0015885127640365409
2025-02-28,6.638299164076937,7.014496023078464,Risk-Off,1.336373503379194,0.3614318182857461,0.001591405831725337
2025-03-03,6.491699429403905,7.005165605305358,Risk-Off,1.3232672330035142,0.35781676661934014,0.0015834544378527282
2025-03-04,6.494843067176572,6.996807780300941,Risk-Off,1.2978244183964085,0.35800978421732954,0.0015560558154486235
2025-03-05,6.617484075850003,6.9933247958509694,Risk-Off,1.3146289376631315,0.357720566118787,0.0016349946545300927
2025-03-06,6.521585675865512,6.985877911859298,Risk-Off,1.3203297448812434,0.3586125643696083,0.001638551616757743
2025-03-07,6.579246157673203,6.978718164150933,Risk-Off,1.2894177860875207,0.3577776444637732,0.0016122147438494372
2025-03-10,6.337887862685156,6.964608324701862,Risk-Off,1.2468304395105132,0.35832307311163913,0.0016048080737266685
2025-03-11,6.330394933490682,6.949382673506725,Risk-Off,1.2478423657824598,0.3612906882506546,0.0016272443029382198
2025-03-12,6.402231452540736,6.9355035199058195,Risk-Off,1.2535635825536176,0.36001018977601495,0.0016402980296678488
2025-03-13,6.261833806819427,6.919149538931993,Risk-Off,1.2436657396489559,0.35943105303013506,0.0016414234110243933
2025-03-14,6.42520026426079,6.908794652263391,Risk-Off,1.2481521674565563,0.3606719723205411,0.0016261479913899767
2025-03-17,6.442594923378585,6.898548242527471,Risk-Off,1.2575534970636932,0.3624279792555431,0.001644499937693278
2025-03-18,6.366637791580628,6.887504734535367,Risk-Off,1.2647998178502378,0.36320665985401973,0.001645085786255698
2025-03-19,6.402800525316362,6.875004878005357,Risk-Off,1.2740323106228773,0.36488073999056403,0.0016719919552368363
2025-03-20,6.38008733259366,6.860606639385745,Risk-Off,1.2706802411067362,0.3636160324526989,0.001672697380969399
2025-03-21,6.420189755541618,6.847014281706429,Risk-Off,1.2742719252013923,0.3612448681683651,0.0016856073744856137
2025-03-24,6.602868358698587,6.837049857488835,Risk-Off,1.2971569041124866,0.36371848337105106,0.0016806611017134002
2025-03-25,6.619477806945683,6.828653161631987,Risk-Off,1.325596555059713,0.3608310520153342,0.0017141251352434282
2025-03-26,6.58372932526468,6.819273670405669,Risk-Off,1.312948288980807,0.36148081973278545,0.001726637839294786
2025-03-27,6.585444984056659,6.809502579811042,Risk-Off,1.3106755413093856,0.3607157188108252,0.001665740777971083
2025-03-28,6.3647746560878975,6.795185301882677,Risk-Off,1.275944312739972,0.3606445755913299,0.00165640699521622
2025-03-31,6.34485457978319,6.781196663185377,Risk-Off,1.2772517655820161,0.35652414466824983,0.001607531671075239
2025-04-01,6.308111412990566,6.76530348082446,Risk-Off,1.2724854248312025,0.35555562689333203,0.001609221267291762
2025-04-02,6.352197607736257,6.750262799295939,Risk-Off,1.2769952508114317,0.35889812726109155,0.0015998917551218682
2025-04-03,6.011540874490792,6.726859167972346,Risk-Off,1.221804921057906,0.3532675428936414,0.0015534387698741662
2025-04-04,5.598652904421157,6.6932828329087295,Risk-Off,1.1990927674930236,0.35849626926754113,0.0014556772997021516
2025-04-07,5.762452969671989,6.6640563173767084,Risk-Off,1.2146883897611633,0.3558853395628347,0.0014125978652792628
2025-04-08,5.781339889834013,6.638913544066827,Risk-Off,1.2149711922293431,0.35202366959588366,0.0013904797847357163
2025-04-09,6.35111239956545,6.623860092224075,Risk-Off,1.257006305208007,0.3456466999671305,0.0013661049946267496
2025-04-10,6.244975508092783,6.607031544680268,Risk-Off,1.2311120494605214,0.346297758996962,0.0013694853467455408
2025-04-11,6.322020820097981,6.591515508241899,Risk-Off,1.2364058487120755,0.3451888978379472,0.0013988890323277591
2025-04-14,6.338128872186288,6.576143958413647,Risk-Off,1.2270949064822205,0.3458961967558032,0.0014386232490673132
2025-04-15,6.298066617525507,6.562067849917034,Risk-Off,1.230376481579766,0.3472954159316439,0.0014325659834668243
2025-04-16,6.123903865822991,6.543999510413929,Risk-Off,1.2221280413728126,0.35178630219966905,0.0014050380716546034
2025-04-17,6.18729037634589,6.5289210653593,Risk-Off,1.2128334790976565,0.35415279034890135,0.0014300178978445572
2025-04-21,6.147473413008764,6.512501722223581,Risk-Off,1.215595350196581,0.35551214396121206,0.001386002073344326
2025-04-22,6.272406062541994,6.498959571880524,Risk-Off,1.222477261036972,0.3554657390812088,0.0014321630257022472
2025-04-23,6.308326498895383,6.484767398549711,Risk-Off,1.2317822109959302,0.3552324682886982,0.0014759026009288567
2025-04-24,6.373955161386331,6.470875623774629,Risk-Off,1.2435578017940419,0.35487661716878355,0.001455582204271479
2025-04-25,6.373063362702713,6.455482930769937,Risk-Off,1.2414279054767414,0.3524398530065027,0.0014731598547867526
2025-04-28,6.335580392801101,6.440192857779963,Risk-Off,1.2377095201089399,0.35379371978387003,0.001451762886934502
2025-04-29,6.3224774076391075,6.425396274744702,Risk-Off,1.2409370351686408,0.3536530624688943,0.0014532360742632398
2025-04-30,6.376593802529235,6.40957899733036,Risk-Off,1.2495346761220387,0.3512953109876585,0.001379727668011964
2025-05-01,6.454511922441756,6.395161687786562,Risk-On,1.2456473546076265,0.35098928174755195,0.0014271027573915286
2025-05-02,6.622001587769589,6.385223881150036,Risk-On,1.2615700039121323,0.3536343155804939,0.0014318203524387096
2025-05-05,6.621008766952599,6.379372446631005,Risk-On,1.2566081078341094,0.35294177095036217,0.0014057923296488225
2025-05-06,6.543916418910144,6.373006576922918,Risk-On,1.2344392803006257,0.35203431759247344,0.001387993278144053
2025-05-07,6.5437755826402855,6.369635778818938,Risk-On,1.2381847630526002,0.35171807446283976,0.0013652629189520105
2025-05-08,6.663664464931053,6.369383686817307,Risk-On,1.2585816557547573,0.3559366595064401,0.0013835466041340532
2025-05-09,6.645234248407734,6.369958982828599,Risk-On,1.256385737650123,0.3557353557082183,0.0013824429441864094
2025-05-12,6.929320494527403,6.375779409437607,Risk-On,1.2895501446691728,0.35646199490286606,0.0014218943459647043
2025-05-13,7.003504773324928,6.386015516316028,Risk-On,1.296661952974933,0.35541811878309787,0.0014447735973498578
2025-05-14,7.059303134909158,6.39730471767068,Risk-On,1.2988152395019474,0.35181686656449385,0.0014493619798121619
2025-05-15,7.031969254026299,6.4055944212342055,Risk-On,1.280201320650847,0.35239255727628427,0.0014420777623378495
2025-05-16,7.05765036907739,6.4163157150984444,Risk-On,1.2692904416334723,0.35306845560312416,0.0014316467726328027
2025-05-19,7.085896207591784,6.426448716096815,Risk-On,1.264642541394108,0.35120365821182403,0.0014350089006533856
2025-05-20,7.1133254340657395,6.441957467524427,Risk-On,1.254135881105633,0.3525739262512262,0.0014082553703791774
2025-05-21,7.115056182857495,6.457650692511764,Risk-On,1.2513144360369164,0.3485486521735043,0.001401504832747481
2025-05-22,7.080761411144168,6.471221291683832,Risk-On,1.2679212824984896,0.34839396452363186,0.001411930837628949
2025-05-23,7.020784759149487,6.486400310730432,Risk-On,1.248415521406478,0.3496835498549311,0.001428974853873827
2025-05-27,7.0681063173364,6.4992584317919455,Risk-On,1.26087708175611,0.3512540066777181,0.0014276620589636112
2025-05-28,7.057676112066522,6.511560055565704,Risk-On,1.2701898058148622,0.3495727581759213,0.0014100072612672275
2025-05-29,7.020560814755615,6.524638516029203,Risk-On,1.26790101355854,0.349231864013819,0.0014028820183619563
2025-05-30,7.002142364471127,6.5366253528122975,Risk-On,1.257769691949802,0.34784188060079413,0.001414606795808047
2025-06-02,7.107734030340754,6.551178286767241,Risk-On,1.2542823163330816,0.34697299431470735,0.0014343142751730446
2025-06-03,7.160878696134043,6.565992065579089,Risk-On,1.2533873302694176,0.35057369226669644,0.0014355860209941847
2025-06-04,7.0446005152763425,6.574826708710645,Risk-On,1.2684382927004858,0.3496780076331004,0.0014419742243297368
2025-06-05,7.005689742917004,6.582550947430072,Risk-On,1.266976419474633,0.3515278724644939,0.001466409975156048
2025-06-06,7.168846887424512,6.5942532986732685,Risk-On,1.2770477616630067,0.353577920703361,0.0014536371007567426
2025-06-09,7.167749534668625,6.605899389685507,Risk-On,1.2782615767815373,0.3556935590792551,0.0014733951496605946
2025-06-10,7.171457097701439,6.6220330385177775,Risk-On,1.2767583769277566,0.35559456757737895,0.001470685647910377
2025-06-11,7.129420581512399,6.6377243585523615,Risk-On,1.2744698903088494,0.35514870614834587,0.0014455183354932302
2025-06-12,7.073178722951921,6.653025704751588,Risk-On,1.259218044222786,0.3523353229786391,0.0014260995485792126
2025-06-13,7.062151418795601,6.667224780972776,Risk-On,1.240660627897963,0.3498048840854715,0.0013998018307434185
2025-06-16,7.201923002644515,6.69103242353585,Risk-On,1.2610104852788315,0.3505934022871861,0.001421063501866852
2025-06-17,7.054532027349058,6.720150005994408,Risk-On,1.264228050285153,0.34989052497524575,0.001417498310296194
2025-06-18,7.0412589583067655,6.745726125767103,Risk-On,1.2604304839777065,0.35178900896830856,0.0014292877811086814
2025-06-20,7.03771807478553,6.770853689466135,Risk-On,1.260501864760313,0.3518771204849668,0.0014328553409031109
2025-06-23,7.084297456884015,6.785517390612505,Risk-On,1.2603967827601052,0.35269909335207705,0.0014338159117626458
2025-06-24,7.110929267583829,6.802836465802327,Risk-On,1.273758119683006,0.3532929989704383,0.0014671128734157978
2025-06-25,7.105970649506568,6.818515462390497,Risk-On,1.286750283168655,0.34897922495593675,0.0014766613454979755
2025-06-26,7.125738875625835,6.834267662459289,Risk-On,1.2855617098148577,0.35188962196725665,0.0015195739560708733
2025-06-27,7.207029875712719,6.852446927623033,Risk-On,1.286748491042544,0.3502637106002647,0.0015482481954851473
2025-06-30,7.1709201248501175,6.873387252803576,Risk-On,1.2921581515128429,0.34909849604451015,0.0015268335232252264
2025-07-01,7.15086900508552,6.892658825378367,Risk-On,1.2948738107710727,0.352804121461343,0.0015128719791191606
2025-07-02,7.22921645739511,6.914293686266095,Risk-On,1.3051995937562844,0.356077161453268,0.0015379331445181243
2025-07-03,7.337297953893505,6.935591524093124,Risk-On,1.3095042008416056,0.35656942775810646,0.0015298955374794248
2025-07-07,7.352791444672732,6.956480823008672,Risk-On,1.2942597833825331,0.35385173827073607,0.0014958585932343255
2025-07-08,7.358160971261899,6.976164939206183,Risk-On,1.2964661637571138,0.3564947816527125,0.0017069851771776576
2025-07-09,7.325648143469367,6.995216634821516,Risk-On,1.2891097939951226,0.3582137633295922,0.0016437673274059417
2025-07-10,7.341241490054497,7.015329856766585,Risk-On,1.2862141238231835,0.35904313415225425,0.001672394050212797
2025-07-11,7.417759986273039,7.037235508339264,Risk-On,1.2746456903383676,0.355341007289704,0.0016573300947023376
2025-07-14,7.447539829691211,7.058654428882503,Risk-On,1.2790567845608065,0.35704790918276036,0.001645531811572608
2025-07-15,7.468054807057212,7.078925286574812,Risk-On,1.2692640929614474,0.3515593518784191,0.0016655654761511976
2025-07-16,7.482461353205092,7.096134481883522,Risk-On,1.2774875668940673,0.353910665425234,0.0016395227487721966
2025-07-17,7.530020213082375,7.114314710806116,Risk-On,1.284444866990522,0.3563734333835787,0.0016424657646891138
2025-07-18,7.513028902297999,7.133696960473875,Risk-On,1.2640019898730468,0.3541022550398669,0.001663584869867149
2025-07-21,7.460755129646587,7.1520365514140005,Risk-On,1.2563431764635777,0.352001348430575,0.0016492254386999538
2025-07-22,7.416975428721554,7.167102770689811,Risk-On,1.2479981206094517,0.3548755745164349,0.0016564899126500865
2025-07-23,7.521804174903711,7.184634169219731,Risk-On,1.2674857344437505,0.3572562397892532,0.0017073745350927052
2025-07-24,7.537436721179363,7.19679649375277,Risk-On,1.2684227358563656,0.35220666353170665,0.0017137347820851188
2025-07-25,7.521984817014467,7.207166094626561,Risk-On,1.2739415352345498,0.3520272347676047,0.0017287043232222697
2025-07-28,7.569137934839084,7.217362790625159,Risk-On,1.278737501621784,0.3517076192211862,0.001690791944962452
2025-07-29,7.423815511235621,7.225199715769345,Risk-On,1.2577918145005609,0.35038775233132136,0.0016860745182733026
2025-07-30,7.452874138839067,7.233104191164578,Risk-On,1.2461278564755012,0.349049344641182,0.001690029761860669
2025-07-31,7.4206464276850745,7.239799195566445,Risk-On,1.2316755694221175,0.3469321225529138,0.0013149824456738543
2025-08-01,7.196705970295609,7.241466806291041,Risk-Off,1.2070308973434296,0.3455268173349003,0.0013180691128211644
2025-08-04,7.286182548808219,7.2448893336100575,Risk-On,1.1977876563410847,0.34797071439380767,0.001308380775730378
2025-08-05,7.227083231227683,7.2478157700117265,Risk-Off,1.2057842194181796,0.35152662965521164,0.0012903988792137343
2025-08-06,7.324731726796908,7.253894709364675,Risk-On,1.222511255862918,0.34839645436745226,0.0012991123650906353
2025-08-07,7.331119047646586,7.259154963970879,Risk-On,1.1958727676300296,0.34755022228781196,0.0012876804758010139
2025-08-08,7.42044582272857,7.26641035818412,Risk-On,1.2122293763670304,0.3456141518775201,0.0012955424382446552
2025-08-11,7.397297302363261,7.273945087936273,Risk-On,1.2155701368014145,0.34622036631897923,0.001319226963766186
2025-08-12,7.5138819513819515,7.28417987967449,Risk-On,1.225069342386813,0.35274460798280155,0.0013462630208883894
2025-08-13,7.477683632130815,7.291578871710289,Risk-On,1.2293678556480365,0.35837646182430116,0.0013344448564246378
2025-08-14,7.534239085129135,7.299046079490193,Risk-On,1.243823806996689,0.35372473016960765,0.0013386003885135173
2025-08-15,7.57053709315454,7.309564811047757,Risk-On,1.2345127496552926,0.35283055687554316,0.0013423261882589876
2025-08-18,7.59085505779987,7.321268117345413,Risk-On,1.2408163250486242,0.3541969533349218,0.001337755453392457
2025-08-19,7.506108558751736,7.328013350771958,Risk-On,1.231192546571567,0.3533950978550429,0.0013306573458798708
2025-08-20,7.469785505011482,7.334054070178816,Risk-On,1.2362199880724143,0.35308345547336784,0.0013238021916411955
2025-08-21,7.476840573147927,7.340161739687745,Risk-On,1.2407402032337167,0.3553863927153305,0.0013280290352508813
2025-08-22,7.535845565010191,7.348290239357701,Risk-On,1.2544800971909387,0.3637348376427413,0.0013180121970110138
2025-08-25,7.5242893385072325,7.3573124516688075,Risk-On,1.2614418621532357,0.36149995810322355,0.0013238780428027615
2025-08-26,7.560148422465069,7.367272391742196,Risk-On,1.2683196987457268,0.3629672814164691,0.0013133742203815413
2025-08-27,7.586119533957062,7.374956322368447,Risk-On,1.2706213991030186,0.3647081517619951,0.001296628123681898
2025-08-28,7.563232627877333,7.385130334379013,Risk-On,1.2820468227510375,0.36385241872005386,0.0013006293954720232
2025-08-29,7.571953290612321,7.395744221025125,Risk-On,1.2901056856997595,0.36440831276136065,0.0013007743658753432
2025-09-02,7.572192466782284,7.406433708865059,Risk-On,1.2848138219678926,0.36514618238045643,0.0012874007142630157
2025-09-03,7.530563079327308,7.415359021313925,Risk-On,1.2858694049804031,0.3628208149071488,0.0012686462971795208
2025-09-04,7.536045538971364,7.423861346741676,Risk-On,1.3008807772414155,0.36430999972386485,0.0012586235500085345
2025-09-05,7.401369535954553,7.4297693244706355,Risk-Off,1.2810355647187621,0.3671905238144691,0.0012405900965541995
2025-09-08,7.321992005929744,7.433694387076714,Risk-Off,1.2951904760745145,0.3670301059394835,0.0012342980821748158
2025-09-09,7.380864586030271,7.437171081283065,Risk-Off,1.2918866345302897,0.3640318378575987,0.001235418402875851
2025-09-10,7.360134250503959,7.440955363796141,Risk-Off,1.2657691270817581,0.3623388203656911,0.0012487649766124598
2025-09-11,7.37201044610109,7.445378192616452,Risk-Off,1.2796790177653263,0.3659945030250164,0.0012622013256321416
2025-09-12,7.4014947840649095,7.448823759149849,Risk-Off,1.2678232352980574,0.36237680304706654,0.0012573300119675338
2025-09-15,7.423569007318181,7.450549180218343,Risk-Off,1.2620431585454321,0.3619852447342461,0.001264325674022269
2025-09-16,7.397758676742014,7.451448524859728,Risk-Off,1.2825686350447554,0.36188743010106333,0.0012559299573457084
2025-09-17,7.407424141592359,7.452433788266336,Risk-Off,1.2917965747297537,0.36326520254618583,0.0012415123142379843
2025-09-18,7.519634633178193,7.456313518060514,Risk-On,1.2920717023655466,0.3705814773368417,0.0012462606554398963
2025-09-19,7.57130991769047,7.460914886613233,Risk-On,1.286704810667786,0.3659537186045705,0.0012444504336928959
2025-09-22,7.634573699247892,7.46525116087273,Risk-On,1.2726542865656836,0.36634414326286996,0.0012224984665746895
2025-09-23,7.540309243282228,7.4671065491445505,Risk-On,1.2604884102156113,0.3675202740995494,0.001212638130864499
2025-09-24,7.545038288734972,7.4686462187781055,Risk-On,1.2480816369817203,0.36530640165562456,0.0012734117341078332
2025-09-25,7.510229760355582,7.469201586921116,Risk-On,1.2569179424946508,0.36349053329447345,0.0012577269747892736
2025-09-26,7.560054092225829,7.469802264503985,Risk-On,1.2458131484948,0.364516224810067,0.0012490397629172298
2025-09-29,7.519554848222314,7.469932783422471,Risk-On,1.2484629102209606,0.363916391502179,0.0012669790373569221
2025-09-30,7.5698371247026115,7.472114423323592,Risk-On,1.2403291652964814,0.36306089407836556,0.0012510413890993069
2025-10-01,7.576066807005713,7.475296250889275,Risk-On,1.2175500265341002,0.36262050443335064,0.0012489980933122198
2025-10-02,7.562770797484621,7.476115583340893,Risk-On,1.218852736798331,0.3644886626621038,0.0012756204458095487
2025-10-03,7.577043300585006,7.4769077149290055,Risk-On,1.2132258662716333,0.3671976779435556,0.0013033395238348825
2025-10-06,7.66510555228595,7.479770129634435,Risk-On,1.2011559027666883,0.36734410762540126,0.0012630112672042315
2025-10-07,7.593014543295103,7.480247661803555,Risk-On,1.1972534000080803,0.3647522547557706,0.0012694260762683726
2025-10-08,7.632301333020288,7.4844173782392485,Risk-On,1.1833285800305922,0.3663918390962757,0.0012479904886794602
2025-10-09,7.616164056239249,7.487683176587252,Risk-On,1.1821213017219168,0.3650882789025207,0.001286141435938529
2025-10-10,7.292561465388421,7.48512147734132,Risk-Off,1.1611473893117203,0.3639942946642521,0.0012194722940773038
2025-10-13,7.4085476320374735,7.489358310576157,Risk-Off,1.1633785209699787,0.36847390170028516,0.0012414204316747942
2025-10-14,7.375879029695761,7.491152240193907,Risk-Off,1.1658026349704629,0.3741925502010074,0.0012033971986889424
2025-10-15,7.424968044166315,7.495109936452681,Risk-Off,1.1507437132235918,0.3761904179048903,0.0011903565415298592
2025-10-16,7.319502886597012,7.495005359648681,Risk-Off,1.1310512466954266,0.37079596280109123,0.001158357076039403
2025-10-17,7.372350432161944,7.49582998733899,Risk-Off,1.1442137266197896,0.36622061629941727,0.001176997081787024
2025-10-20,7.420548080540692,7.495832032495232,Risk-Off,1.157969319285824,0.36952396801984283,0.00115256901058806
2025-10-21,7.384141283005045,7.495568912108067,Risk-Off,1.168524752038493,0.36778729293632845,0.0012060571683900807
2025-10-22,7.340965171379892,7.4921105765080265,Risk-Off,1.1645757231290153,0.3642458062150518,0.0012266343797488473
2025-10-23,7.435378382707006,7.491264471519551,Risk-Off,1.1679232941160052,0.36668171781779874,0.0012318506311350282
2025-10-24,7.492866591952738,7.490437021656022,Risk-On,1.1669008069660909,0.3681519641433042,0.0012367667681883999
2025-10-27,7.555659090040437,7.490139461593739,Risk-On,1.168537894267127,0.36512840258015644,0.00128451490394699
2025-10-28,7.55596838895953,7.489441728216934,Risk-On,1.1805403408401378,0.36221164176354415,0.0012960768826457453
2025-10-29,7.636779173367002,7.492055140509239,Risk-On,1.1608760451706526,0.35895481768350695,0.0013137284604668009
2025-10-30,7.596990453156747,7.494599239472144,Risk-On,1.1689260407495228,0.36002052222863246,0.0012690875482211745
2025-10-31,7.644703507775402,7.497956498164695,Risk-On,1.18021507164799,0.3608658916735206,0.00127203551922891
2025-11-03,7.6782528330597595,7.500804643525685,Risk-On,1.1745979411593785,0.35903430823898325,0.00126165534328205
2025-11-04,7.570365967820307,7.501726176111946,Risk-On,1.1849324889173212,0.3570644514347351,0.0012478152289140748
2025-11-05,7.68028676272376,7.504128942917121,Risk-On,1.1887337198208725,0.36096518997062366,0.0012468908775282981
2025-11-06,7.53016526645173,7.503009857567013,Risk-On,1.1896618212246521,0.358423029655791,0.0012426191658968069
2025-11-07,7.553567832096749,7.502816561651401,Risk-On,1.181630347870279,0.35994760958705146,0.0012346852834809446
2025-11-10,7.673149693804875,7.504840489715252,Risk-On,1.186280833652249,0.3579670485149778,0.0012371711014211434
2025-11-11,7.655663678680821,7.5065099139532245,Risk-On,1.1909915078632292,0.3574568155046072,0.0012293026933703464
2025-11-12,7.6463235516345085,7.508825123399369,Risk-On,1.198482145177372,0.3563803762095993,0.0012105175693615123
2025-11-13,7.581696249945507,7.50973813761885,Risk-On,1.199616764519679,0.3522051712552341,0.001215099528058825
2025-11-14,7.623957489354801,7.514189896686855,Risk-On,1.186545675924707,0.3532892915361564,0.001235321427712851
2025-11-17,7.5342782759618165,7.518435622087497,Risk-On,1.1535265322103552,0.34952385024928256,0.0012290145613621226
2025-11-18,7.473525820940574,7.520288846785703,Risk-Off,1.1561218800194775,0.35355905082580374,0.0012218994006117192
2025-11-19,7.517590686268552,7.523437975500994,Risk-Off,1.1702352908774165,0.35213810372629983,0.0012281433055328025
2025-11-20,7.373966905344845,7.52347710468587,Risk-Off,1.1659524308745126,0.35097082861065293,0.0012226056541274541
2025-11-21,7.424954036883257,7.523946289742237,Risk-Off,1.1769889990303521,0.3573531108323667,0.0012285672625336093
2025-11-24,7.491548539610036,7.525305880388074,Risk-Off,1.168741848935238,0.3585972079216477,0.001212639607910827
2025-11-25,7.542740174042414,7.528205510334082,Risk-On,1.187912629661352,0.36300057386706597,0.0012078419892526107
2025-11-26,7.561295709146282,7.531282941685162,Risk-On,1.1814844707122185,0.36370317972445276,0.0012255112785789061
2025-11-28,7.638806771085786,7.533666384443312,Risk-On,1.1815603982148335,0.3638496385688081,0.0012292867707497258
2025-12-01,7.699784998984929,7.536235886069202,Risk-On,1.1998792001504137,0.36091910368913716,0.0012310994982945344
2025-12-02,7.710572604009594,7.537755864164436,Risk-On,1.2073384533865876,0.3595918187705521,0.0012327424770811287
2025-12-03,7.715552986430687,7.541260739027405,Risk-On,1.227472213900973,0.36486986658064086,0.001264020273525825
2025-12-04,7.763033274080658,7.545620638734319,Risk-On,1.2325262160065467,0.3678019742379479,0.0012563512837584512
2025-12-05,7.813946901765895,7.551694981562524,Risk-On,1.244660486477126,0.3655739727526741,0.0012775048290343356
2025-12-08,7.816180808928463,7.556817515896578,Risk-On,1.2568585878641543,0.3668217507887777,0.0012811663630943261
2025-12-09,7.801444143339691,7.562455301798925,Risk-On,1.2512796986367922,0.3678996404000876,0.001245750761876631
2025-12-10,7.822950070088692,7.567517560706647,Risk-On,1.2661979302612187,0.37044778835533393,0.0012571489713749124
2025-12-11,7.851822326977406,7.57303267110608,Risk-On,1.2799381075383307,0.3739245737333513,0.0012663633288475947
2025-12-12,7.84299360668789,7.578637127290145,Risk-On,1.288089128113812,0.37219722606899297,0.0012286923733308692
2025-12-15,7.8257675341079596,7.583611611960605,Risk-On,1.2773950804286898,0.3699409840865573,0.0012395801381063663
2025-12-16,7.761758116545666,7.585544663245799,Risk-On,1.2745729690710033,0.36919943007277745,0.0012282495479825233
2025-12-17,7.683344442665861,7.587351261233215,Risk-On,1.282684386483316,0.36933358795726656,0.0012336975545153802
2025-12-18,7.704508170147674,7.588795397975763,Risk-On,1.2681154221827353,0.36874501725241005,0.0012366631871915822
2025-12-19,7.803463863589683,7.5925413941227715,Risk-On,1.291541573871636,0.36848908063619185,0.0012471912635478345
2025-12-22,7.869156160012708,7.6040732880152575,Risk-On,1.3025664729168178,0.3702816691777504,0.001223394654305869
2025-12-23,7.8924739295475685,7.613751813965458,Risk-On,1.300563155662297,0.36641664308958044,0.0012215579706297095
2025-12-24,7.872551123804549,7.623685255847635,Risk-On,1.3017985927233828,0.36604479406491947,0.0012271793399229033
2025-12-26,7.897771348785957,7.633141321940027,Risk-On,1.300140264585555,0.36421317822157817,0.001273210984930404
2025-12-29,7.840138106561957,7.643554026339326,Risk-On,1.2907139269023555,0.3632768972186921,0.001269450382494591
2025-12-30,7.8492810168665645,7.653092638033419,Risk-On,1.2844506862459382,0.36102821684346764,0.001310610703156381
2025-12-31,7.8536976399968195,7.661755629222541,Risk-On,1.2829703026389145,0.36098077462343736,0.001301553538777529
2026-01-02,7.879847198059088,7.671669747523622,Risk-On,1.2721167187808375,0.36415534201246363,0.0013072501377124842
2026-01-05,7.89332843894277,7.682717012874878,Risk-On,1.314519907850495,0.3674896854735044,0.0013352791631441466
2026-01-06,7.956647259614967,7.69314239041304,Risk-On,1.3143789728836452,0.3701594187363223,0.0013409708831188384
2026-01-07,7.884926107686798,7.70098358072772,Risk-On,1.3281586345588257,0.3704863676382507,0.0013055986942347188
2026-01-08,7.923839637901425,7.70834719168494,Risk-On,1.3312693329694578,0.3745703258194349,0.0012914353244095843
2026-01-09,7.92363058187505,7.7157004355432495,Risk-On,1.310985691429835,0.37493337594224513,0.0013040332440920283
2026-01-12,7.959609675507648,7.722157045586064,Risk-On,1.2984969125859203,0.37617240649963507,0.0012998719430522866
2026-01-13,7.930126428439745,7.728819765091723,Risk-On,1.2655776306500477,0.376709858808973,0.0013008802266437464
2026-01-14,7.845585480525167,7.732837404546717,Risk-On,1.2543433825029011,0.3812358885594709,0.0012988781700735076
2026-01-15,7.868732808637133,7.736647004058266,Risk-On,1.2467323588841945,0.3835519668196719,0.0012884778298376317
2026-01-16,7.9078081807382254,7.7433958483166245,Risk-On,1.2546669599561402,0.3842350578093826,0.0012615508576740576
2026-01-20,7.849644775511788,7.746783008572384,Risk-On,1.2383613104444389,0.3875261665773842,0.001212916977275369
2026-01-21,7.880216380460497,7.753784030852561,Risk-On,1.2426777897633638,0.3907061555386597,0.0011857899847870644
2026-01-22,7.88704887410449,7.760453651692716,Risk-On,1.2598923560467552,0.3915788792025122,0.001169837853818159
2026-01-23,7.868375947033619,7.76435817675729,Risk-On,1.2469454413159127,0.38421137365280406,0.001187854094073813
2026-01-26,7.870737440757637,7.768659651998826,Risk-On,1.2458596029422377,0.3810720171338631,0.001178022319410825
2026-01-27,7.951597096753906,7.774765122901214,Risk-On,1.220354585023655,0.38063813240089345,0.0011473650871185888
2026-01-28,7.968949540467887,7.782510188711662,Risk-On,1.2229402132286264,0.3786201062142694,0.0011114568838021246
2026-01-29,7.951320051241315,7.789057439949392,Risk-On,1.2358642274203915,0.379473810522787,0.0011611574965160476
2026-01-30,7.972188281278361,7.797815640055722,Risk-On,1.2356069046637916,0.37523303739994474,0.0012509811319998609
2026-02-02,8.034776991615688,7.809040663469225,Risk-On,1.2677146910690344,0.37701500237370167,0.0012550567536176122
2026-02-03,,,Risk-Off,,,0.001219076703994038
