date,sp500_close,nasdaq_close,vix_close,spy_close,tlt_close,iwm_close,xlf_close,xlu_close
2022-05-02,4155.3798828125,12536.01953125,32.34000015258789,393.28265380859375,101.9639663696289,177.7640380859375,32.34600830078125,31.430932998657227
2022-05-03,4175.47998046875,12563.759765625,29.25,395.0854797363281,102.65135192871094,179.2859344482422,32.767662048339844,31.55125617980957
2022-05-04,4300.169921875,12964.8603515625,25.420000076293945,407.11700439453125,103.21698760986328,184.0703582763672,33.77027893066406,32.255367279052734
2022-05-05,4146.8701171875,12317.6904296875,31.200000762939453,392.64697265625,100.38896942138672,176.6036376953125,32.786407470703125,31.92559242248535
2022-05-06,4123.33984375,12144.66015625,30.190000534057617,390.30322265625,98.90975189208984,173.66452026367188,32.55215072631836,32.17961120605469
2022-05-09,3991.239990234375,11623.25,34.75,377.80682373046875,99.7798843383789,166.3595428466797,31.7744197845459,31.93896484375
2022-05-10,4001.050048828125,11737.669921875,32.9900016784668,378.6798095703125,100.68486022949219,166.4071044921875,31.493318557739258,31.55125617980957
2022-05-11,3935.179931640625,11364.240234375,32.560001373291016,372.6640319824219,102.62527465820312,162.26951599121094,31.202842712402344,31.778541564941406
2022-05-12,3930.080078125,11370.9599609375,31.770000457763672,372.2749328613281,102.43384552001953,164.171875,30.968578338623047,31.457672119140625
2022-05-13,4023.889892578125,11805.0,28.8700008392334,381.1752014160156,100.91980743408203,169.37474060058594,31.418350219726562,31.83201789855957
2022-05-16,4008.010009765625,11662.7900390625,27.469999313354492,379.62860107421875,100.81537628173828,168.56625366210938,31.155986785888672,31.930057525634766
2022-05-17,4088.85009765625,11984.51953125,26.100000381469727,387.4377136230469,99.59716796875,173.72158813476562,31.98992919921875,32.25982666015625
2022-05-18,3923.679931640625,11418.150390625,30.959999084472656,371.8195495605469,101.72032165527344,167.6341094970703,31.109134674072266,31.947879791259766
2022-05-19,3900.7900390625,11388.5,29.350000381469727,369.5422058105469,101.9639663696289,167.9099578857422,30.902992248535156,31.88103485107422
2022-05-20,3901.360107421875,11354.6201171875,29.43000030517578,369.70355224609375,103.12129211425781,167.48190307617188,30.846771240234375,31.97015380859375
2022-05-23,3973.75,11535.26953125,28.479999542236328,376.6207580566406,101.42446899414062,169.5079345703125,31.84938621520996,32.353416442871094
2022-05-24,3941.47998046875,11264.4501953125,29.450000762939453,373.7457275390625,103.4258041381836,166.996826171875,31.783782958984375,32.99958038330078
2022-05-25,3978.72998046875,11434.740234375,28.3700008392334,377.0476989746094,103.83477020263672,170.0025177001953,32.03678512573242,32.97731018066406
2022-05-26,4057.840087890625,11740.650390625,27.5,384.58160400390625,103.36490631103516,173.79766845703125,32.777034759521484,33.070884704589844
2022-05-27,4158.240234375,12131.1298828125,25.719999313354492,394.0228271484375,103.61724853515625,178.47744750976562,33.32987976074219,33.58782958984375
2022-05-31,4132.14990234375,12081.3896484375,26.190000534057617,391.8119201660156,101.42446899414062,176.2611846923828,33.236183166503906,33.124359130859375
2022-06-01,4101.22998046875,11994.4599609375,25.690000534057617,388.6427001953125,101.30853271484375,175.26246643066406,32.702083587646484,33.070884704589844
2022-06-02,4176.81982421875,12316.900390625,24.719999313354492,396.04388427734375,101.36083221435547,179.54275512695312,33.1518440246582,33.293704986572266
2022-06-03,4108.5400390625,12012.73046875,24.790000915527344,389.544189453125,101.1429214477539,177.92576599121094,32.6739616394043,33.13328552246094
2022-06-06,4121.43017578125,12061.3701171875,25.06999969482422,390.7301940917969,99.27751922607422,178.69618225097656,32.767662048339844,33.28033447265625
2022-06-07,4160.68017578125,12175.23046875,24.020000457763672,394.47821044921875,100.34968566894531,181.57823181152344,33.020668029785156,33.480873107910156
2022-06-08,4115.77001953125,12086.26953125,23.959999084472656,390.1894226074219,99.46049499511719,178.77227783203125,32.4397087097168,32.82578659057617
2022-06-09,4017.820068359375,11754.23046875,26.09000015258789,380.9095458984375,99.791748046875,175.0663299560547,31.624492645263672,32.03700256347656
2022-06-10,3900.860107421875,11340.01953125,27.75,369.8648681640625,99.17286682128906,170.31700134277344,30.4813289642334,31.791898727416992
2022-06-13,3749.6298828125,10809.23046875,34.02000045776367,355.82177734375,96.06092834472656,162.315673828125,29.572416305541992,30.330204010009766
2022-06-14,3735.47998046875,10828.349609375,32.689998626708984,354.7495422363281,94.84925842285156,161.53366088867188,29.319421768188477,29.563705444335938
2022-06-15,3789.989990234375,11099.150390625,29.6200008392334,359.8069763183594,96.6187973022461,163.8987579345703,29.647380828857422,29.755327224731445
2022-06-16,3666.77001953125,10646.099609375,32.95000076293945,347.89886474609375,97.38589477539062,156.30751037597656,28.897764205932617,29.180458068847656
2022-06-17,3674.840087890625,10798.349609375,31.1299991607666,348.64874267578125,97.69969940185547,157.5281982421875,28.982097625732422,28.908618927001953
2022-06-21,3764.7900390625,11069.2998046875,30.190000534057617,357.42547607421875,96.04348754882812,160.35108947753906,29.560495376586914,29.458892822265625
2022-06-22,3759.889892578125,11053.080078125,28.950000762939453,356.7774963378906,98.68473052978516,160.04592895507812,29.49455451965332,29.768842697143555
2022-06-23,3795.72998046875,11232.1904296875,29.049999237060547,360.27484130859375,99.49539947509766,161.96282958984375,29.38150978088379,30.469606399536133
2022-06-24,3911.739990234375,11607.6201171875,27.229999542236328,371.7293701171875,98.11811828613281,166.9791259765625,30.46483039855957,30.999675750732422
2022-06-27,3900.110107421875,11524.5498046875,26.950000762939453,370.3094482421875,97.28128814697266,167.59902954101562,30.361207962036133,31.25122833251953
2022-06-28,3821.550048828125,11181.5400390625,28.360000610351562,362.7429504394531,97.73458862304688,164.451904296875,30.059764862060547,31.134435653686523
2022-06-29,3818.830078125,11177.8896484375,28.15999984741211,362.44757080078125,99.26004028320312,162.78297424316406,29.890201568603516,31.156892776489258
2022-06-30,3785.3798828125,11028.740234375,28.709999084472656,359.50299072265625,100.13174438476562,161.51461791992188,29.626440048217773,31.502779006958008
2022-07-01,3825.330078125,11127.849609375,26.700000762939453,363.3052673339844,101.15973663330078,163.4696044921875,30.031497955322266,32.27540588378906
2022-07-05,3831.389892578125,11322.240234375,27.540000915527344,363.9913330078125,101.95459747314453,164.8238525390625,29.927885055541992,31.174861907958984
2022-07-06,3845.080078125,11361.849609375,26.729999542236328,365.22064208984375,100.2426528930664,163.6031494140625,29.852521896362305,31.498281478881836
2022-07-07,3902.6201171875,11621.349609375,26.079999923706055,370.6906433105469,99.36050415039062,167.47506713867188,30.28584861755371,31.466846466064453
2022-07-08,3899.3798828125,11635.3095703125,24.639999389648438,370.3857116699219,98.26000213623047,167.45596313476562,30.219907760620117,31.363527297973633
2022-07-11,3854.429931640625,11372.599609375,26.170000076293945,366.15460205078125,99.9544448852539,164.08949279785156,29.97498321533203,31.56117820739746
2022-07-12,3818.800048828125,11264.73046875,27.290000915527344,362.9145202636719,100.54834747314453,163.52685546875,29.786579132080078,31.408449172973633
2022-07-13,3801.780029296875,11247.580078125,26.81999969482422,361.0086364746094,101.70126342773438,163.38380432128906,29.52281379699707,31.27817726135254
2022-07-14,3790.3798828125,11251.1904296875,26.399999618530273,360.1319274902344,100.87154388427734,161.70533752441406,28.95760154724121,31.27817726135254
2022-07-15,3863.159912109375,11452.419921875,24.229999542236328,367.01226806640625,101.43927764892578,165.07179260253906,29.937299728393555,31.336578369140625
2022-07-18,3830.85009765625,11360.0498046875,25.299999237060547,363.9818420410156,100.38240814208984,164.6044921875,29.824260711669922,30.90084457397461
2022-07-19,3936.68994140625,11713.150390625,24.5,373.81640625,99.84089660644531,170.412353515625,30.71917724609375,31.09848976135254
2022-07-20,3959.89990234375,11897.650390625,23.8799991607666,376.1987609863281,100.10292053222656,173.0827178955078,30.832218170166016,30.685222625732422
2022-07-21,3998.949951171875,12059.6103515625,23.110000610351562,380.02960205078125,101.832275390625,173.9696044921875,31.030040740966797,30.766075134277344
2022-07-22,3961.6298828125,11834.1103515625,23.030000686645508,376.5036926269531,103.544189453125,171.1944122314453,30.851062774658203,31.18834114074707
2022-07-25,3966.840087890625,11782.669921875,23.360000610351562,376.961181640625,102.5310287475586,172.08132934570312,31.048877716064453,31.579143524169922
2022-07-26,3921.050048828125,11562.5703125,24.690000534057617,372.5013122558594,102.60964965820312,171.02276611328125,30.615558624267578,31.767807006835938
2022-07-27,4023.610107421875,12032.419921875,23.239999771118164,382.1737976074219,102.033203125,174.9137725830078,31.08656120300293,31.79476547241211
2022-07-28,4072.429931640625,12162.58984375,22.329999923706055,386.96728515625,102.84545135498047,177.31700134277344,31.312639236450195,32.93574142456055
2022-07-29,4130.2900390625,12390.6904296875,21.329999923706055,392.6086730957031,102.56597137451172,178.5758514404297,31.755393981933594,33.21874237060547
2022-08-01,4118.6298828125,12368.98046875,22.84000015258789,391.4460754394531,105.03614044189453,178.5090789794922,31.49163055419922,33.25467300415039
2022-08-02,4091.18994140625,12348.759765625,23.93000030517578,388.863525390625,102.81358337402344,178.33743286132812,31.143085479736328,33.187294006347656
2022-08-03,4155.169921875,12668.16015625,21.950000762939453,394.9529113769531,104.43236541748047,180.9600372314453,31.61409568786621,33.39393615722656
2022-08-04,4151.93994140625,12720.580078125,21.440000534057617,394.6861267089844,104.3973617553711,180.5785675048828,31.510469436645508,33.4658088684082
2022-08-05,4145.18994140625,12657.5498046875,21.149999618530273,394.0190124511719,101.91234588623047,181.96139526367188,31.73655891418457,33.34452438354492
2022-08-08,4140.06005859375,12644.4599609375,21.290000915527344,393.5616149902344,103.5573501586914,183.8878173828125,31.71772003173828,33.39393615722656
2022-08-09,4122.47021484375,12493.9296875,21.770000457763672,391.9987487792969,103.15484619140625,181.37965393066406,31.87786102294922,33.76677703857422
2022-08-10,4210.240234375,12854.7998046875,19.739999771118164,400.2323913574219,102.48108673095703,186.55812072753906,32.593788146972656,33.91500473022461
2022-08-11,4207.27001953125,12779.91015625,20.200000762939453,400.2323913574219,100.09233093261719,187.25428771972656,32.98001480102539,33.9105224609375
2022-08-12,4280.14990234375,13047.1904296875,19.530000686645508,407.00787353515625,101.10733032226562,191.0785675048828,33.498130798339844,34.46303939819336
2022-08-15,4297.14013671875,13128.0498046875,19.950000762939453,408.68499755859375,101.01982116699219,191.7556610107422,33.488704681396484,34.75053405761719
2022-08-16,4305.2001953125,13102.5498046875,19.690000534057617,409.4854736328125,101.43984985351562,191.67938232421875,33.73363494873047,34.84935760498047
2022-08-17,4274.0400390625,12938.1201171875,19.899999618530273,406.5790100097656,100.38106536865234,188.45591735839844,33.5640754699707,34.79096603393555
2022-08-18,4283.740234375,12965.33984375,19.559999465942383,407.76068115234375,100.52981567382812,189.70526123046875,33.601749420166016,34.921234130859375
2022-08-19,4228.47998046875,12705.2197265625,20.600000381469727,402.2812194824219,98.9110336303711,185.633056640625,32.93291473388672,34.90327072143555
2022-08-22,4137.990234375,12381.5703125,23.799999237060547,393.90472412109375,98.57852935791016,181.80882263183594,32.20756149291992,34.42710876464844
2022-08-23,4128.72998046875,12381.2998046875,24.110000610351562,392.9517822265625,98.0360336303711,182.1044158935547,32.07567596435547,34.2204704284668
2022-08-24,4140.77001953125,12431.5302734375,22.81999969482422,394.2096252441406,97.31855773925781,183.49685668945312,32.245243072509766,34.32828140258789
2022-08-25,4199.1201171875,12639.26953125,21.780000686645508,399.7749328613281,98.67479705810547,186.34832763671875,32.744503021240234,34.539405822753906
2022-08-26,4057.659912109375,12141.7099609375,25.559999465942383,386.2428894042969,99.4185562133789,180.22572326660156,31.764820098876953,34.00934600830078
2022-08-29,4030.610107421875,12017.669921875,26.209999084472656,383.6889953613281,98.59605407714844,178.56631469726562,31.538726806640625,34.1126594543457
2022-08-30,3986.159912109375,11883.1396484375,26.209999084472656,379.4768981933594,98.84105682373047,176.0677032470703,31.369171142578125,33.61405563354492
2022-08-31,3955.0,11816.2001953125,25.8700008392334,376.5894775390625,97.89604187011719,174.99954223632812,31.13365936279297,33.39393615722656
2022-09-01,3966.85009765625,11785.1298828125,25.559999465942383,377.7711486816406,96.10374450683594,173.09222412109375,31.22786521911621,33.87458038330078
2022-09-02,3924.260009765625,11630.8603515625,25.469999313354492,373.78778076171875,96.64739990234375,171.74755859375,30.982942581176758,33.5107307434082
2022-09-06,3908.18994140625,11544.91015625,26.90999984741211,372.37744140625,94.25355529785156,170.0500030517578,30.907577514648438,33.5960807800293
2022-09-07,3979.8701171875,11791.900390625,24.639999389648438,379.0671081542969,95.74422454833984,173.75022888183594,31.519887924194336,34.647216796875
2022-09-08,4006.179931640625,11862.1298828125,23.610000610351562,381.54486083984375,94.76213836669922,175.1998291015625,32.07567596435547,34.620262145996094
2022-09-09,4067.360107421875,12112.3095703125,22.790000915527344,387.4722595214844,94.97258758544922,178.7189178466797,32.36770248413086,34.759517669677734
2022-09-12,4110.41015625,12266.41015625,23.8700008392334,391.63665771484375,94.19219970703125,180.88375854492188,32.6314697265625,35.091941833496094
2022-09-13,3932.68994140625,11633.5703125,27.270000457763672,374.6072998046875,94.41139221191406,173.80746459960938,31.4162654876709,34.15758514404297
2022-09-14,3946.010009765625,11719.6796875,26.15999984741211,376.03680419921875,94.73583221435547,174.4845733642578,31.322065353393555,34.436092376708984
2022-09-15,3901.35009765625,11552.3603515625,26.270000457763672,371.76751708984375,94.6744384765625,173.21620178222656,31.42569351196289,33.5781135559082
2022-09-16,3873.330078125,11448.400390625,26.299999237060547,368.93133544921875,93.88528442382812,170.69850158691406,31.143085479736328,33.452335357666016
2022-09-19,3899.889892578125,11535.01953125,25.760000228881836,371.7923889160156,94.10450744628906,172.15760803222656,31.49629783630371,33.9005126953125
2022-09-20,3855.929931640625,11425.0498046875,27.15999984741211,367.5248107910156,93.1662826538086,169.81155395507812,31.032289505004883,33.40756607055664
2022-09-21,3789.929931640625,11220.1904296875,27.989999771118164,361.11370849609375,94.7270736694336,167.21759033203125,30.388347625732422,32.95078659057617
2022-09-22,3757.989990234375,11066.8095703125,27.350000381469727,358.0804138183594,92.30693817138672,163.45057678222656,29.876981735229492,32.83320999145508
2022-09-23,3693.22998046875,10867.9296875,29.920000076293945,352.0807800292969,92.68397521972656,159.5595703125,29.40349578857422,32.45331573486328
2022-09-26,3655.0400390625,10802.919921875,32.2599983215332,348.5978088378906,90.91275024414062,157.3748779296875,28.93947982788086,31.670921325683594
2022-09-27,3647.2900390625,10829.5,32.599998474121094,347.7078857421875,88.51890563964844,157.9116668701172,28.816373825073242,31.13727378845215
2022-09-28,3719.0400390625,11051.6396484375,30.18000030517578,354.54962158203125,91.48269653320312,162.90606689453125,29.384557723999023,31.471935272216797
2022-09-29,3640.469970703125,10737.509765625,31.84000015258789,347.1434020996094,91.00919342041016,159.25375366210938,29.01523208618164,30.210163116455078
2022-09-30,3585.6201171875,10575.6201171875,31.6200008392334,341.7753601074219,89.83421325683594,158.0938262939453,28.750085830688477,29.62676429748535
2022-10-03,3678.429931640625,10815.4296875,30.100000381469727,350.798583984375,91.26161193847656,162.282958984375,29.526601791381836,30.495084762573242
2022-10-04,3790.929931640625,11176.41015625,29.06999969482422,361.668701171875,91.00672149658203,168.7152557373047,30.625091552734375,31.141794204711914
2022-10-05,3783.280029296875,11148.6396484375,28.549999237060547,360.82659912109375,90.13655853271484,167.46902465820312,30.388347625732422,30.449859619140625
2022-10-06,3744.52001953125,11073.3095703125,30.520000457763672,357.1044006347656,89.63557434082031,166.52960205078125,29.962209701538086,29.445865631103516
2022-10-07,3639.659912109375,10652.400390625,31.360000610351562,347.1434020996094,88.76536560058594,161.631103515625,29.251977920532227,28.835330963134766
2022-10-10,3612.389892578125,10542.099609375,32.45000076293945,344.4928283691406,87.38542938232422,160.73001098632812,29.11940574645996,28.88507843017578
2022-10-11,3588.840087890625,10426.1904296875,33.630001068115234,342.3111572265625,87.77217102050781,160.7779541015625,28.750085830688477,28.781063079833984
2022-10-12,3577.030029296875,10417.099609375,33.56999969482422,341.1820983886719,88.20285034179688,160.3369903564453,28.68379783630371,27.822296142578125
2022-10-13,3669.909912109375,10649.150390625,31.940000534057617,350.18621826171875,87.35906219482422,164.30560302734375,29.867511749267578,28.518760681152344
2022-10-14,3583.070068359375,10321.3896484375,32.02000045776367,342.2059020996094,86.63833618164062,159.90560913085938,29.365617752075195,28.107210159301758
2022-10-17,3677.949951171875,10675.7998046875,31.3700008392334,350.99957275390625,86.21641540527344,165.00538635253906,30.10425567626953,28.695131301879883
2022-10-18,3719.97998046875,10772.400390625,30.5,355.12371826171875,86.4185791015625,166.96096801757812,30.587209701538086,29.219741821289062
2022-10-19,3695.159912109375,10680.509765625,30.760000228881836,352.6071472167969,84.8452377319336,164.12350463867188,30.085315704345703,28.839853286743164
2022-10-20,3665.780029296875,10614.83984375,29.979999542236328,349.6503601074219,83.3949966430664,162.0337371826172,29.60236358642578,28.11173439025879
2022-10-21,3752.75,10859.7197265625,29.690000534057617,358.14739990234375,81.89197540283203,165.55181884765625,30.48304557800293,28.631818771362305
2022-10-24,3797.340087890625,10952.6103515625,29.850000381469727,362.5298767089844,81.21519470214844,166.26119995117188,30.890239715576172,28.871511459350586
2022-10-25,3859.110107421875,11199.1201171875,28.459999084472656,368.3189697265625,83.57955169677734,170.79541015625,31.259559631347656,29.45039176940918
2022-10-26,3830.60009765625,10970.990234375,27.280000686645508,365.54400634765625,84.7837142944336,171.6389923095703,31.33531951904297,29.436819076538086
2022-10-27,3807.300048828125,10792.669921875,27.389999389648438,363.5920104980469,85.67146301269531,171.6773223876953,31.59100341796875,29.671995162963867
2022-10-28,3901.06005859375,11102.4501953125,25.75,372.2420654296875,85.08259582519531,175.578857421875,32.376991271972656,30.486034393310547
2022-10-31,3871.97998046875,10988.150390625,25.8799991607666,369.55328369140625,84.47612762451172,175.7418212890625,32.178131103515625,30.201122283935547
2022-11-01,3856.10009765625,10890.849609375,25.809999465942383,367.9361267089844,85.26555633544922,175.98147583007812,32.26334762573242,30.318696975708008
2022-11-02,3759.68994140625,10524.7998046875,25.860000610351562,358.702392578125,84.89552307128906,170.14353942871094,31.856149673461914,30.024749755859375
2022-11-03,3719.889892578125,10342.9404296875,25.299999237060547,355.0088806152344,84.43731689453125,169.0028076171875,31.53418731689453,30.155899047851562
2022-11-04,3770.550048828125,10475.25,24.549999237060547,360.1185607910156,83.01873016357422,171.28428649902344,32.11183547973633,30.341310501098633
2022-11-07,3806.800048828125,10564.51953125,24.350000381469727,363.5633239746094,82.19049072265625,172.060791015625,32.433807373046875,29.76243782043457
2022-11-08,3828.110107421875,10616.2001953125,25.540000915527344,365.52490234375,83.08926391601562,172.1278533935547,32.62320327758789,29.970470428466797
2022-11-09,3748.570068359375,10353.169921875,26.09000015258789,357.9942932128906,83.36239624023438,167.4019317626953,32.07395935058594,29.735309600830078
2022-11-10,3956.3701171875,11114.150390625,23.530000686645508,377.66754150390625,86.56964111328125,177.7069854736328,33.69328308105469,31.13727378845215
2022-11-11,3992.929931640625,11323.330078125,22.520000457763672,381.3228454589844,86.25243377685547,179.1640625,33.96790313720703,30.789043426513672
2022-11-14,3957.25,11196.2197265625,23.729999542236328,378.07904052734375,86.04094696044922,177.1605987548828,33.484947204589844,30.422718048095703
2022-11-15,3991.72998046875,11358.41015625,24.540000915527344,381.30364990234375,87.43312072753906,179.7871856689453,33.56070327758789,30.757387161254883
2022-11-16,3958.7900390625,11183.66015625,24.110000610351562,378.394775390625,89.34514617919922,176.62374877929688,33.39971923828125,31.033262252807617
2022-11-17,3946.56005859375,11144.9599609375,23.93000030517578,377.2369689941406,88.40235900878906,174.98451232910156,33.21979522705078,30.490556716918945
2022-11-18,3965.340087890625,11146.0595703125,23.1200008392334,378.94976806640625,87.79438781738281,176.11570739746094,33.494407653808594,31.13727378845215
2022-11-21,3949.93994140625,11024.509765625,22.360000610351562,377.5718994140625,88.16444396972656,175.19540405273438,33.59858322143555,31.2774658203125
2022-11-22,4003.580078125,11174.41015625,21.290000915527344,382.65289306640625,89.4156265258789,177.06472778320312,33.93948745727539,31.544300079345703
2022-11-23,4027.260009765625,11285.3203125,20.350000381469727,385.064208984375,90.9751968383789,177.52484130859375,34.08154296875,31.897045135498047
2022-11-25,4026.1201171875,11226.3603515625,20.5,384.9781188964844,90.6668472290039,177.8987274169922,34.1951789855957,32.08246994018555
2022-11-28,3963.93994140625,11049.5,22.209999084472656,378.83489990234375,90.92233276367188,174.31353759765625,33.60805892944336,31.752330780029297
2022-11-29,3957.6298828125,10983.7802734375,21.889999389648438,378.1842956542969,89.85621643066406,174.821533203125,33.80691909790039,31.517160415649414
2022-11-30,4080.110107421875,11468.0,20.579999923706055,390.0973205566406,90.51702117919922,179.6146240234375,34.38457107543945,32.3040771484375
2022-12-01,4076.570068359375,11482.4501953125,19.84000015258789,389.8102722167969,93.40868377685547,179.22157287597656,34.18571472167969,32.27693557739258
2022-12-02,4071.699951171875,11461.5,19.059999465942383,389.36053466796875,94.58333587646484,180.2664794921875,34.02471923828125,32.123172760009766
2022-12-05,3998.840087890625,11239.9404296875,20.75,382.3562316894531,93.25852966308594,175.3008575439453,33.181922912597656,31.942264556884766
2022-12-06,3941.260009765625,11014.8896484375,22.170000076293945,376.84466552734375,94.4596939086914,172.6167755126953,32.88835525512695,32.14125442504883
2022-12-07,3933.919921875,10958.5498046875,22.68000030517578,376.2035217285156,96.68540954589844,172.10870361328125,32.75577926635742,31.992023468017578
2022-12-08,3963.510009765625,11082.0,22.290000915527344,379.1507263183594,96.42045593261719,173.35488891601562,32.7841911315918,32.200050354003906
2022-12-09,3934.3798828125,11004.6201171875,22.829999923706055,376.318359375,93.91211700439453,171.22679138183594,32.69895935058594,32.03273010253906
2022-12-12,3990.56005859375,11143.740234375,25.0,381.743896484375,94.21240997314453,173.23988342285156,33.13456726074219,32.765357971191406
2022-12-13,4019.64990234375,11256.8095703125,22.549999237060547,384.6335754394531,95.12212371826172,174.6747589111328,33.21979522705078,32.86486053466797
2022-12-14,3995.320068359375,11170.8896484375,21.139999389648438,382.1744384765625,95.52840423583984,173.52879333496094,32.80312728881836,32.824153900146484
2022-12-15,3895.75,10810.5302734375,22.829999923706055,372.8258056640625,95.90113067626953,169.1855010986328,32.15919494628906,32.426177978515625
2022-12-16,3852.360107421875,10705.41015625,22.6200008392334,368.4241638183594,94.82984161376953,167.9239044189453,31.9129695892334,31.874441146850586
2022-12-19,3817.659912109375,10546.0302734375,22.420000076293945,365.3000793457031,93.2362289428711,165.65115356445312,31.827211380004883,31.7476806640625
2022-12-20,3821.6201171875,10547.1103515625,21.479999542236328,365.7998962402344,91.58061218261719,166.5275421142578,31.960622787475586,31.756803512573242
2022-12-21,3878.43994140625,10709.3701171875,20.06999969482422,371.26953125,91.81079864501953,169.3973388671875,32.45613098144531,32.19907760620117
2022-12-22,3822.389892578125,10476.1201171875,21.969999313354492,365.9729309082031,91.79312896728516,167.18238830566406,32.17025375366211,32.003013610839844
2022-12-23,3844.820068359375,10497.8603515625,20.8700008392334,368.0780944824219,90.44737243652344,167.94317626953125,32.3513069152832,32.331302642822266
2022-12-27,3829.25,10353.23046875,21.649999618530273,366.6265563964844,88.65896606445312,166.81642150878906,32.34178161621094,32.53192138671875
2022-12-28,3783.219970703125,10213.2900390625,22.139999389648438,362.0701904296875,88.13662719726562,164.2258758544922,32.22743225097656,32.221866607666016
2022-12-29,3849.280029296875,10478.08984375,21.440000534057617,368.5876159667969,89.1370849609375,168.38616943359375,32.6753044128418,32.45440673828125
2022-12-30,3839.5,10466.48046875,21.670000076293945,367.61669921875,88.14545440673828,167.91429138183594,32.58953857421875,32.14435577392578
2023-01-03,3824.139892578125,10386.98046875,22.899999618530273,366.0690612792969,89.8276138305664,166.98976135253906,32.70388412475586,32.14435577392578
2023-01-04,3852.969970703125,10458.759765625,22.010000228881836,368.89520263671875,91.05827331542969,169.0699462890625,33.227989196777344,32.4361572265625
2023-01-05,3808.10009765625,10305.240234375,22.459999084472656,364.6848449707031,91.43895721435547,167.25942993164062,32.980228424072266,31.73400115966797
2023-01-06,3895.080078125,10569.2900390625,21.1299991607666,373.04779052734375,93.12113952636719,171.01524353027344,33.7139778137207,32.37233352661133
2023-01-09,3892.090087890625,10635.650390625,21.969999313354492,372.83636474609375,93.61692810058594,171.3041534423828,33.59009552001953,32.591190338134766
2023-01-10,3919.25,10742.6298828125,20.579999923706055,375.45098876953125,92.06757354736328,173.8369140625,33.780677795410156,32.600303649902344
2023-01-11,3969.610107421875,10931.669921875,21.09000015258789,380.1996765136719,93.56380462646484,176.00376892089844,34.09513854980469,32.86476135253906
2023-01-12,3983.169921875,11001.099609375,18.829999923706055,381.5838623046875,95.40531921386719,178.96026611328125,34.161842346191406,32.64134216308594
2023-01-13,3999.090087890625,11079.16015625,18.350000381469727,383.0642395019531,94.5111312866211,180.13514709472656,34.419124603271484,32.52279281616211
2023-01-17,3990.969970703125,11095.1103515625,19.360000610351562,382.36248779296875,93.9002456665039,179.9136962890625,34.190433502197266,32.47719955444336
2023-01-18,3928.860107421875,10957.009765625,20.34000015258789,376.32574462890625,96.17559051513672,177.00534057617188,33.551979064941406,31.697534561157227
2023-01-19,3898.85009765625,10852.26953125,20.520000457763672,373.586181640625,95.57353973388672,175.31039428710938,33.161285400390625,31.37836456298828
2023-01-20,3972.610107421875,11140.4296875,19.850000381469727,380.54571533203125,94.024169921875,178.19947814941406,33.68538284301758,31.565309524536133
2023-01-23,4019.81005859375,11364.41015625,19.809999465942383,385.1117858886719,93.58147430419922,180.40481567382812,34.076072692871094,31.574420928955078
2023-01-24,4016.949951171875,11334.26953125,19.200000762939453,384.6983947753906,94.92725372314453,180.01959228515625,34.09513854980469,31.73400115966797
2023-01-25,4016.219970703125,11313.3603515625,19.079999923706055,384.8426208496094,95.15743255615234,180.5203857421875,34.3619499206543,31.305419921875
2023-01-26,4060.429931640625,11512.41015625,18.729999542236328,389.0721130371094,94.71475982666016,181.58938598632812,34.543006896972656,31.4102783203125
2023-01-27,4070.56005859375,11621.7099609375,18.510000228881836,389.9661560058594,94.47572326660156,182.57164001464844,34.543006896972656,31.4102783203125
2023-01-30,4017.77001953125,11393.8095703125,19.940000534057617,385.0732727050781,94.13045501708984,180.0292205810547,34.37148666381836,31.26893424987793
2023-01-31,4076.60009765625,11584.5498046875,19.399999618530273,390.735107421875,94.88297271728516,184.40139770507812,34.838409423828125,31.50146484375
2023-02-01,4119.2099609375,11816.3203125,17.8700008392334,394.88775634765625,96.02357482910156,187.3001251220703,34.838409423828125,31.556182861328125
2023-02-02,4179.759765625,12200.8203125,18.729999542236328,400.6361999511719,96.14784240722656,190.98855590820312,34.93370056152344,31.624576568603516
2023-02-03,4136.47998046875,12006.9501953125,18.329999923706055,396.3777770996094,94.70986938476562,189.7077178955078,34.86699295043945,30.96345329284668
2023-02-06,4111.080078125,11887.4501953125,19.43000030517578,393.95538330078125,94.0086898803711,186.9630126953125,34.857460021972656,31.2278995513916
2023-02-07,4164.0,12113.7900390625,18.65999984741211,399.1077575683594,93.25418853759766,188.349853515625,35.2576904296875,31.214223861694336
2023-02-08,4117.85986328125,11910.51953125,19.6299991607666,394.74359130859375,93.697998046875,185.59556579589844,35.04804229736328,30.689884185791016
2023-02-09,4081.5,11789.580078125,20.709999084472656,391.321533203125,92.81037139892578,182.90869140625,34.6573600769043,30.270418167114258
2023-02-10,4090.4599609375,11718.1201171875,20.530000686645508,392.2347717285156,91.7718505859375,183.27464294433594,34.771697998046875,30.87226104736328
2023-02-13,4137.2900390625,11891.7900390625,20.34000015258789,396.8391418457031,92.54407501220703,185.48001098632812,35.17192459106445,31.059202194213867
2023-02-14,4136.1298828125,11960.150390625,18.90999984741211,396.65655517578125,92.3310317993164,185.39334106445312,34.981346130371094,30.926979064941406
2023-02-15,4147.60009765625,12070.58984375,18.229999542236328,397.94464111328125,91.47003936767578,187.27125549316406,35.019466400146484,31.127595901489258
2023-02-16,4090.409912109375,11855.830078125,20.170000076293945,392.4654235839844,90.17408752441406,185.48001098632812,34.6668815612793,30.89051055908203
2023-02-17,4079.090087890625,11787.26953125,20.020000457763672,391.4849548339844,90.8753433227539,185.99038696289062,34.676414489746094,31.223342895507812
2023-02-21,3997.340087890625,11492.2998046875,22.8700008392334,383.6313781738281,89.10896301269531,180.50111389160156,33.96173095703125,30.63972282409668
2023-02-22,3991.050048828125,11507.0703125,22.290000915527344,383.10272216796875,89.92556762695312,180.9922637939453,33.923614501953125,30.52118682861328
2023-02-23,4012.320068359375,11590.400390625,21.139999389648438,385.1405944824219,90.80433654785156,182.28274536132812,33.95220947265625,30.361597061157227
2023-02-24,3970.0400390625,11394.9404296875,21.670000076293945,381.0263671875,89.62378692626953,180.5781707763672,33.98078918457031,30.370723724365234
2023-02-27,3982.239990234375,11466.98046875,20.950000762939453,382.3240661621094,89.87232971191406,181.2137451171875,33.97126388549805,30.165546417236328
2023-02-28,3970.14990234375,11455.5400390625,20.700000762939453,380.9110107421875,90.28062438964844,181.223388671875,34.0379638671875,29.63664436340332
2023-03-01,3951.389892578125,11379.48046875,20.579999923706055,379.44989013671875,89.31073760986328,181.45452880859375,33.923614501953125,29.148778915405273
2023-03-02,3981.35009765625,11462.98046875,19.59000015258789,382.40093994140625,88.518798828125,181.88787841796875,33.76162338256836,29.700477600097656
2023-03-03,4045.639892578125,11689.009765625,18.489999771118164,388.5338134765625,90.66324615478516,184.42066955566406,34.295249938964844,30.20657730102539
2023-03-06,4048.419921875,11675.740234375,18.610000610351562,388.8030090332031,89.96028900146484,181.72418212890625,34.32383346557617,30.35248374938965
2023-03-07,3986.3701171875,11530.330078125,19.59000015258789,382.84320068359375,90.51199340820312,179.61512756347656,33.4376335144043,29.855501174926758
2023-03-08,3992.010009765625,11576.0,19.110000610351562,383.46795654296875,90.60096740722656,179.7018280029297,33.313751220703125,30.083473205566406
2023-03-09,3918.320068359375,11338.349609375,22.610000610351562,376.3930358886719,90.82342529296875,174.7036590576172,31.960622787475586,29.841821670532227
2023-03-10,3861.590087890625,11138.8896484375,24.799999237060547,370.96197509765625,93.95553588867188,169.66702270507812,31.37934112548828,29.372190475463867
2023-03-13,3855.760009765625,11188.83984375,26.520000457763672,370.4331970214844,94.16910552978516,166.90309143066406,30.14055824279785,29.823583602905273
2023-03-14,3919.2900390625,11428.150390625,23.729999542236328,376.5565185546875,92.6208267211914,169.99444580078125,30.750423431396484,30.215694427490234
2023-03-15,3891.929931640625,11434.0498046875,26.139999389648438,374.2013244628906,94.40937042236328,167.1920166015625,29.93091583251953,30.626049041748047
2023-03-16,3960.280029296875,11717.2802734375,22.989999771118164,380.76678466796875,93.67082214355469,169.4744110107422,30.50266456604004,30.83122444152832
2023-03-17,3916.639892578125,11630.509765625,25.510000228881836,376.31463623046875,95.07672119140625,164.89999389648438,29.52116584777832,30.53485870361328
2023-03-20,3951.570068359375,11675.5400390625,24.149999618530273,379.9330749511719,94.24031829833984,167.03793334960938,29.849637985229492,30.77370262145996
2023-03-21,4002.8701171875,11860.1103515625,21.3799991607666,384.92181396484375,93.43055725097656,170.11964416503906,30.606172561645508,30.15363311767578
2023-03-22,3936.969970703125,11669.9599609375,22.260000228881836,378.3602294921875,94.67631530761719,165.2948455810547,29.897518157958984,29.561124801635742
2023-03-23,3948.719970703125,11787.400390625,22.610000610351562,379.38311767578125,94.67631530761719,164.5612030029297,29.696414947509766,29.257984161376953
2023-03-24,3970.989990234375,11823.9599609375,21.739999771118164,381.8726501464844,95.07672119140625,166.0497283935547,29.677265167236328,30.172008514404297
2023-03-27,3977.530029296875,11768.83984375,20.600000381469727,382.586669921875,92.8432846069336,167.89593505859375,30.089048385620117,30.208751678466797
2023-03-28,3971.27001953125,11716.080078125,19.969999313354492,381.7279052734375,93.0123519897461,167.65428161621094,30.079469680786133,30.29142189025879
2023-03-29,4027.81005859375,11926.240234375,19.1200008392334,387.2762756347656,92.82550811767578,169.5584259033203,30.51998519897461,30.732362747192383
2023-03-30,4050.830078125,12013.4697265625,19.020000457763672,389.54388427734375,93.25263977050781,169.32644653320312,30.452953338623047,30.865564346313477
2023-03-31,4109.31005859375,12221.91015625,18.700000762939453,395.034423828125,94.64961242675781,172.43887329101562,30.788124084472656,31.090620040893555
2023-04-03,4124.509765625,12189.4501953125,18.549999237060547,396.5396728515625,95.09476470947266,172.5161895751953,30.8455810546875,30.879344940185547
2023-04-04,4100.60009765625,12126.330078125,19.0,394.3396301269531,95.56755065917969,169.4907989501953,30.558290481567383,31.035511016845703
2023-04-05,4090.3798828125,11996.8603515625,19.079999923706055,393.30706787109375,96.5666732788086,167.82827758789062,30.51998519897461,31.839296340942383
2023-04-06,4105.02001953125,12087.9599609375,18.399999618530273,394.84136962890625,96.81645965576172,168.07955932617188,30.634902954101562,32.064361572265625
2023-04-10,4109.10986328125,12084.3603515625,18.969999313354492,395.24658203125,95.25534057617188,169.87742614746094,30.70193862915039,32.000057220458984
2023-04-11,4108.93994140625,12031.8798828125,19.100000381469727,395.352783203125,95.45158386230469,171.22097778320312,30.970073699951172,32.027618408203125
2023-04-12,4091.949951171875,11929.33984375,19.09000015258789,393.7413024902344,95.35345458984375,169.9644317626953,30.903039932250977,31.995464324951172
2023-04-13,4146.22021484375,12166.26953125,17.799999237060547,398.9712829589844,94.60413360595703,172.216552734375,31.180757522583008,32.000057220458984
2023-04-14,4137.64013671875,12123.4697265625,17.06999969482422,397.9967041015625,93.73883819580078,170.6120147705078,31.487205505371094,31.641799926757812
2023-04-17,4151.31982421875,12157.7197265625,16.950000762939453,399.4248046875,92.62374114990234,172.80618286132812,31.851097106933594,31.816329956054688
2023-04-18,4154.8701171875,12153.41015625,16.829999923706055,399.6853332519531,92.95379638671875,172.0716094970703,31.946868896484375,31.650981903076172
2023-04-19,4154.52001953125,12157.23046875,16.459999084472656,399.6177673339844,92.86459350585938,172.2938995361328,32.02347946166992,31.894428253173828
2023-04-20,4129.7900390625,12059.5595703125,17.170000076293945,397.4370422363281,93.65851593017578,171.40464782714844,31.927719116210938,31.885234832763672
2023-04-21,4133.52001953125,12072.4599609375,16.770000457763672,397.745849609375,93.1322021484375,171.626953125,31.812801361083984,31.97709846496582
2023-04-24,4137.0400390625,12037.2001953125,16.889999389648438,398.16070556640625,94.033203125,171.5109405517578,31.736190795898438,32.13785171508789
2023-04-25,4071.6298828125,11799.16015625,18.760000228881836,391.8403625488281,95.4159164428711,167.27728271484375,31.190336227416992,32.10569763183594
2023-04-26,4055.989990234375,11854.349609375,18.84000015258789,390.18072509765625,94.39893341064453,165.66311645507812,30.893465042114258,31.352434158325195
2023-04-27,4135.35009765625,12142.240234375,17.030000686645508,397.9484558105469,93.46227264404297,167.87657165527344,31.39143180847168,31.729066848754883
2023-04-28,4169.47998046875,12226.580078125,15.779999732971191,401.3450012207031,94.96988677978516,169.34579467773438,31.764911651611328,31.68313217163086
2023-05-01,4167.8701171875,12212.599609375,16.079999923706055,400.939697265625,92.23146057128906,169.44247436523438,31.678733825683594,31.73825454711914
2023-05-02,4119.580078125,12080.509765625,17.780000686645508,396.4334716796875,94.52986145019531,165.9627685546875,30.960500717163086,31.352434158325195
2023-05-03,4090.75,12025.330078125,18.34000015258789,393.71234130859375,95.05751037597656,166.5717315673828,30.606172561645508,31.26515769958496
2023-05-04,4061.219970703125,11966.400390625,20.09000015258789,390.9237060546875,94.11847686767578,164.7061767578125,30.213539123535156,31.50400161743164
2023-05-05,4136.25,12235.41015625,17.190000534057617,398.16070556640625,93.80546569824219,168.62086486816406,30.960500717163086,31.706096649169922
2023-05-08,4138.1201171875,12256.919921875,16.979999542236328,398.26690673828125,92.49081420898438,168.23423767089844,31.008378982543945,31.609647750854492
2023-05-09,4119.169921875,12179.5498046875,17.709999084472656,396.5203552246094,92.159912109375,167.7316131591797,30.893465042114258,31.56830596923828
2023-05-10,4137.64013671875,12306.4404296875,16.940000534057617,398.3730163574219,93.0542221069336,168.58221435546875,30.72109031677246,31.857669830322266
2023-05-11,4130.6201171875,12328.509765625,16.93000030517578,397.6782531738281,94.03799438476562,167.28697204589844,30.673206329345703,31.531564712524414
2023-05-12,4124.080078125,12284.740234375,17.030000686645508,397.1571960449219,93.25096130371094,166.9486846923828,30.54871368408203,31.706096649169922
2023-05-15,4136.27978515625,12365.2099609375,17.1200008392334,398.5273742675781,92.28511047363281,168.98817443847656,30.797697067260742,31.306503295898438
2023-05-16,4109.89990234375,12343.0498046875,17.989999771118164,395.8641662597656,92.00788116455078,166.52340698242188,30.510406494140625,30.612943649291992
2023-05-17,4158.77001953125,12500.5703125,16.8700008392334,400.6695556640625,91.7396011352539,170.2350311279297,31.123302459716797,30.50271224975586
2023-05-18,4198.0498046875,12688.83984375,16.049999237060547,404.529296875,91.05989837646484,171.26931762695312,31.353134155273438,30.410846710205078
2023-05-19,4191.97998046875,12657.900390625,16.809999465942383,403.9406433105469,90.41598510742188,170.22537231445312,31.21906089782715,30.36491584777832
2023-05-22,4192.6298828125,12720.7802734375,17.209999084472656,404.1047058105469,90.09403228759766,172.30352783203125,31.276521682739258,30.374095916748047
2023-05-23,4145.580078125,12560.25,18.530000686645508,399.5694885253906,90.35338592529297,171.4916229248047,30.91261863708496,30.268463134765625
2023-05-24,4115.240234375,12484.16015625,20.030000686645508,396.6747131347656,89.90620422363281,169.67442321777344,30.510406494140625,30.07095718383789
2023-05-25,4151.27978515625,12698.08984375,19.139999389648438,400.10986328125,89.6826171875,168.35020446777344,30.500831604003906,29.666763305664062
2023-05-26,4205.4501953125,12975.6904296875,17.950000762939453,405.2915954589844,90.40703582763672,170.26405334472656,30.749818801879883,29.666763305664062
2023-05-30,4205.52001953125,13017.4296875,17.459999084472656,405.4459533691406,91.31029510498047,169.6357879638672,30.7402400970459,29.55194091796875
2023-05-31,4179.830078125,12935.2900390625,17.940000534057617,403.1977233886719,92.10625457763672,167.9635772705078,30.414644241333008,29.82293128967285
2023-06-01,4221.02001953125,13100.98046875,15.649999618530273,407.0284423828125,92.46763610839844,169.78074645996094,30.7402400970459,29.602460861206055
2023-06-02,4282.3701171875,13240.76953125,14.600000381469727,412.91461181640625,91.454345703125,175.9379119873047,31.41058349609375,29.910200119018555
2023-06-05,4273.7900390625,13229.4296875,14.729999542236328,412.12335205078125,91.28397369384766,173.5794219970703,31.2477970123291,30.052587509155273
2023-06-06,4283.85009765625,13276.419921875,13.960000038146973,413.0207214355469,91.82200622558594,178.1514129638672,31.64042091369629,30.029617309570312
2023-06-07,4267.52001953125,13104.900390625,13.9399995803833,411.5925598144531,90.45901489257812,181.4846649169922,31.764911651611328,30.539451599121094
2023-06-08,4293.93017578125,13238.51953125,13.649999618530273,414.0821533203125,91.5171127319336,180.8061981201172,31.736190795898438,30.672657012939453
2023-06-09,4298.85986328125,13259.1396484375,13.829999923706055,414.8251647949219,91.39158630371094,179.34262084960938,31.745765686035156,30.493528366088867
2023-06-12,4338.93017578125,13461.919921875,15.010000228881836,418.5884094238281,91.66059112548828,180.08897399902344,31.736190795898438,30.438400268554688
2023-06-13,4369.009765625,13573.3203125,14.609999656677246,421.34808349609375,90.75492095947266,182.15347290039062,31.927719116210938,30.433818817138672
2023-06-14,4372.58984375,13626.48046875,13.880000114440918,421.8498229980469,91.48123931884766,180.1956024169922,31.80322265625,30.415443420410156
2023-06-15,4425.83984375,13782.8203125,14.5,427.07977294921875,92.36003112792969,181.67852783203125,32.22459030151367,30.746145248413086
2023-06-16,4409.58984375,13689.5703125,13.539999961853027,425.6251220703125,92.00135040283203,180.2246551513672,32.15754699707031,30.911495208740234
2023-06-20,4388.7099609375,13667.2900390625,13.880000114440918,423.4168395996094,92.63800048828125,179.43955993652344,31.91706657409668,30.54896354675293
2023-06-21,4365.68994140625,13502.2001953125,13.199999809265137,421.24737548828125,92.8621597290039,179.02276611328125,31.878591537475586,30.794353485107422
2023-06-22,4381.89013671875,13630.6103515625,12.90999984741211,422.7679748535156,91.74132537841797,177.6948699951172,31.628490447998047,30.5582218170166
2023-06-23,4348.330078125,13492.51953125,13.4399995803833,419.5718078613281,92.65589904785156,175.01971435546875,31.493816375732422,30.10910987854004
2023-06-26,4328.81982421875,13335.7802734375,14.25,417.8575744628906,92.75457763671875,175.19418334960938,31.426475524902344,30.405431747436523
2023-06-27,4378.41015625,13555.669921875,13.739999771118164,422.43865966796875,92.51244354248047,177.7239532470703,31.676576614379883,30.414695739746094
2023-06-28,4376.85986328125,13591.75,13.430000305175781,422.6517639160156,92.90699768066406,178.59628295898438,31.599620819091797,29.965576171875
2023-06-29,4396.43994140625,13591.330078125,13.539999961853027,424.3175964355469,91.23018646240234,180.65113830566406,32.14793014526367,29.965576171875
2023-06-30,4450.3798828125,13787.919921875,13.59000015258789,429.3248291015625,92.30621337890625,181.5137939453125,32.42688751220703,30.29894256591797
2023-07-03,4455.58984375,13816.76953125,13.569999694824219,429.81878662109375,91.78292083740234,181.88206481933594,32.609657287597656,30.52581214904785
2023-07-05,4446.81982421875,13791.650390625,14.180000305175781,429.1795654296875,90.91077423095703,180.069580078125,32.54232406616211,30.873062133789062
2023-07-06,4411.58984375,13679.0400390625,15.4399995803833,425.8187561035156,89.625,177.16180419921875,32.26336669921875,30.498031616210938
2023-07-07,4398.9501953125,13660.7197265625,14.829999923706055,424.74365234375,89.08553314208984,179.032470703125,32.31146240234375,30.275793075561523
2023-07-10,4409.52978515625,13685.48046875,15.069999694824219,425.8187561035156,89.20244598388672,182.09532165527344,32.455753326416016,30.146148681640625
2023-07-11,4439.259765625,13760.7001953125,14.84000015258789,428.5306701660156,89.6609878540039,183.96600341796875,32.84052276611328,30.52118682861328
2023-07-12,4472.16015625,13918.9599609375,13.539999961853027,431.9785461425781,90.65898895263672,185.97239685058594,33.05215072631836,30.965669631958008
2023-07-13,4510.0400390625,14138.5703125,13.609999656677246,435.4070739746094,91.61209869384766,187.47476196289062,33.167579650878906,31.0721492767334
2023-07-14,4505.419921875,14113.7001953125,13.34000015258789,435.13592529296875,91.0726318359375,185.64283752441406,32.94633865356445,30.9517765045166
2023-07-17,4522.7900390625,14244.9501953125,13.479999542236328,436.6468505859375,91.11756134033203,187.62982177734375,33.2637825012207,30.59526252746582
2023-07-18,4554.97998046875,14353.6396484375,13.300000190734863,439.891357421875,91.53117370605469,189.94631958007812,33.63893508911133,30.359134674072266
2023-07-19,4565.72021484375,14358.01953125,13.760000228881836,440.86956787109375,92.56517028808594,190.7508544921875,33.783226013183594,30.669340133666992
2023-07-20,4534.8701171875,14063.3095703125,13.989999771118164,437.9446105957031,91.4412612915039,189.0836944580078,34.033329010009766,31.229578018188477
2023-07-21,4536.33984375,14032.8095703125,13.600000381469727,437.9446105957031,91.46825408935547,188.48277282714844,33.91788864135742,31.69721031188965
2023-07-24,4554.64013671875,14058.8701171875,13.90999984741211,439.90106201171875,91.13558197021484,188.94801330566406,34.24495315551758,31.613872528076172
2023-07-25,4567.4599609375,14144.5595703125,13.859999656677246,441.1020202636719,90.96472930908203,188.92861938476562,34.02370071411133,31.669429779052734
2023-07-26,4566.75,14127.2802734375,13.1899995803833,441.1697998046875,91.05464172363281,190.4213104248047,34.22571563720703,31.669429779052734
2023-07-27,4537.41015625,14050.1103515625,14.40999984741211,438.244873046875,89.28334045410156,187.95936584472656,33.792842864990234,31.10919952392578
2023-07-28,4582.22998046875,14316.66015625,13.329999923706055,442.5353698730469,89.74191284179688,190.3922119140625,33.86017990112305,31.039743423461914
2023-07-31,4588.9599609375,14346.01953125,13.630000114440918,443.3780517578125,89.95770263671875,192.60214233398438,33.985233306884766,31.053632736206055
2023-08-01,4576.72998046875,14283.91015625,13.930000305175781,442.1092834472656,88.48357391357422,191.72012329101562,33.985233306884766,30.673974990844727
2023-08-02,4513.39013671875,13973.4501953125,16.09000015258789,435.9591979980469,87.53687286376953,189.11279296875,33.696651458740234,30.673974990844727
2023-08-03,4501.89013671875,13959.7197265625,15.920000076293945,434.7098388671875,85.51729583740234,188.57969665527344,33.71588897705078,29.974842071533203
2023-08-04,4478.02978515625,13909.240234375,17.100000381469727,432.7436828613281,87.03197479248047,188.20166015625,33.581207275390625,29.627588272094727
2023-08-07,4518.43994140625,13994.400390625,15.770000457763672,436.5209655761719,86.17547607421875,188.3276824951172,34.05256652832031,29.622957229614258
2023-08-08,4499.3798828125,13884.3203125,15.989999771118164,434.6226806640625,87.17623138427734,187.14517211914062,33.7447509765625,29.761859893798828
2023-08-09,4467.7099609375,13722.01953125,15.960000038146973,431.7170715332031,87.6270523071289,185.68161010742188,33.4946403503418,29.826675415039062
2023-08-10,4468.830078125,13737.990234375,15.850000381469727,431.8720397949219,86.1844482421875,184.85772705078125,33.52349853515625,29.73407745361328
2023-08-11,4464.0498046875,13644.849609375,14.84000015258789,431.6201477050781,85.98612213134766,185.11944580078125,33.5908317565918,29.896129608154297
2023-08-14,4489.72021484375,13788.330078125,14.819999694824219,434.0027770996094,85.79679870605469,184.79959106445312,33.52349853515625,29.659997940063477
2023-08-15,4437.85986328125,13631.0498046875,16.459999084472656,428.9471130371094,85.27386474609375,182.35702514648438,32.907859802246094,29.17847442626953
2023-08-16,4404.330078125,13474.6298828125,16.780000686645508,425.79937744140625,84.60665893554688,180.1277313232422,32.85976028442383,29.30811309814453
2023-08-17,4370.35986328125,13316.9296875,17.889999389648438,422.5548400878906,84.24602508544922,178.0050506591797,32.69623565673828,29.243295669555664
2023-08-18,4369.7099609375,13290.7802734375,17.299999237060547,422.75830078125,84.5435562133789,178.9742889404297,32.68661880493164,29.396085739135742
2023-08-21,4399.77001953125,13497.58984375,17.1299991607666,425.5088195800781,83.41654205322266,178.71261596679688,32.648136138916016,29.21088409423828
2023-08-22,4387.5498046875,13505.8701171875,16.969999313354492,424.3562927246094,84.05670928955078,178.1795196533203,32.34031677246094,29.29422378540039
2023-08-23,4436.009765625,13721.0302734375,15.979999542236328,429.0826721191406,86.13939666748047,180.0792694091797,32.65775680541992,29.409976959228516
2023-08-24,4376.31005859375,13463.9697265625,17.200000762939453,423.1359558105469,85.57138061523438,177.58824157714844,32.54232406616211,29.238662719726562
2023-08-25,4405.7099609375,13590.650390625,15.680000305175781,426.1191101074219,85.85088348388672,178.3442840576172,32.69623565673828,29.460905075073242
2023-08-28,4433.31005859375,13705.1298828125,15.079999923706055,428.82122802734375,85.94103240966797,179.933837890625,32.879005432128906,29.456275939941406
2023-08-29,4497.6298828125,13943.759765625,14.449999809265137,435.01971435546875,86.83363342285156,182.4442596435547,33.17720031738281,29.567399978637695
2023-08-30,4514.8701171875,14019.3095703125,13.880000114440918,436.8114318847656,86.74348449707031,183.13243103027344,33.196441650390625,29.433124542236328
2023-08-31,4507.66015625,14034.9697265625,13.569999694824219,436.1722106933594,87.13117980957031,182.8125762939453,33.071388244628906,29.150691986083984
2023-09-01,4515.77001953125,14031.8095703125,13.09000015258789,436.9858093261719,85.7738037109375,184.98374938964844,33.36959457397461,29.002527236938477
2023-09-05,4496.830078125,14020.9501953125,14.010000228881836,435.0971984863281,84.571044921875,181.08729553222656,33.03290939331055,28.558048248291016
2023-09-06,4465.47998046875,13872.4697265625,14.449999809265137,432.1722412109375,84.77906799316406,180.4088134765625,33.013671875,28.62286949157715
2023-09-07,4451.14013671875,13748.830078125,14.399999618530273,430.8453369140625,85.01416015625,178.66415405273438,32.927101135253906,28.99790382385254
2023-09-08,4457.490234375,13761.5302734375,13.84000015258789,431.4942626953125,85.3397216796875,178.26673889160156,32.99442672729492,29.252552032470703
2023-09-11,4487.4599609375,13917.8896484375,13.800000190734863,434.3320617675781,84.72480010986328,178.6932373046875,33.14834213256836,29.37293243408203
2023-09-12,4461.89990234375,13773.6103515625,14.229999542236328,431.9494934082031,85.213134765625,178.51873779296875,33.36959457397461,29.409976959228516
2023-09-13,4467.43994140625,13813.58984375,13.479999542236328,432.453125,85.1950454711914,177.345947265625,33.36959457397461,29.761859893798828
2023-09-14,4505.10009765625,13926.0498046875,12.819999694824219,436.181884765625,84.58010864257812,179.8466339111328,33.67741394042969,30.197080612182617
2023-09-15,4450.31982421875,13708.330078125,13.789999961853027,430.9266052246094,84.06465148925781,177.96624755859375,33.5042610168457,30.067441940307617
2023-09-18,4453.52978515625,13710.240234375,14.0,431.1793518066406,84.54393768310547,176.78378295898438,33.59605407714844,30.045034408569336
2023-09-19,4443.9501953125,13678.1904296875,14.109999656677246,430.28521728515625,83.91996002197266,176.09556579589844,33.55740737915039,29.881669998168945
2023-09-20,4402.2001953125,13469.1298828125,15.140000343322754,426.32940673828125,84.18220520019531,174.33152770996094,33.325504302978516,29.90967559814453
2023-09-21,4330.0,13223.98046875,17.540000915527344,419.282958984375,82.02091979980469,171.62730407714844,32.77474594116211,29.59695053100586
2023-09-22,4320.06005859375,13211.8095703125,17.200000762939453,418.3401184082031,82.6810531616211,171.23959350585938,32.523529052734375,29.540937423706055
2023-09-25,4337.43994140625,13271.3203125,16.899999618530273,420.0993347167969,80.64636993408203,172.0053253173828,32.600833892822266,29.498929977416992
2023-09-26,4273.52978515625,13063.6103515625,18.940000534057617,413.9275207519531,80.36601257324219,169.7937774658203,32.16602325439453,28.616762161254883
2023-09-27,4274.509765625,13092.849609375,18.219999313354492,414.0927734375,79.95001983642578,171.38111877441406,32.11771011352539,28.06599235534668
2023-09-28,4299.7001953125,13201.2802734375,17.34000015258789,416.493408203125,80.19420623779297,172.92945861816406,32.34960174560547,27.459211349487305
2023-09-29,4288.0498046875,13219.3203125,17.520000457763672,415.48260498046875,80.20325469970703,172.11143493652344,32.050071716308594,27.50588607788086
2023-10-02,4288.39013671875,13307.76953125,17.610000610351562,415.3174133300781,78.86064147949219,169.51138305664062,31.779529571533203,26.22697639465332
2023-10-03,4229.4501953125,13059.4697265625,19.780000686645508,409.7579650878906,77.16422271728516,166.65809631347656,31.277082443237305,26.530366897583008
2023-10-04,4263.75,13236.009765625,18.579999923706055,412.7418212890625,78.2528305053711,166.73605346679688,31.508981704711914,26.502363204956055
2023-10-05,4258.18994140625,13219.830078125,18.489999771118164,412.58624267578125,77.86273193359375,166.86260986328125,31.653915405273438,26.34833335876465
2023-10-06,4308.5,13431.33984375,17.450000762939453,417.48480224609375,76.91926574707031,168.46939086914062,31.924461364746094,26.721738815307617
2023-10-09,4335.66015625,13484.240234375,17.700000762939453,420.1576232910156,78.72454833984375,169.44322204589844,31.943790435791016,26.98778533935547
2023-10-10,4358.240234375,13562.83984375,17.030000686645508,422.34454345703125,78.61570739746094,171.3616180419922,32.17568588256836,27.356523513793945
2023-10-11,4376.9501953125,13659.6796875,16.09000015258789,424.0745544433594,80.25767517089844,171.0694580078125,32.2239990234375,27.799942016601562
2023-10-12,4349.60986328125,13574.2197265625,16.690000534057617,421.4891357421875,78.08045959472656,167.2034454345703,32.021087646484375,27.370527267456055
2023-10-13,4327.77978515625,13407.23046875,19.31999969482422,419.3897705078125,79.47752380371094,165.81089782714844,32.08872604370117,27.678585052490234
2023-10-16,4373.6298828125,13567.98046875,17.209999084472656,423.80242919921875,78.19839477539062,168.4888916015625,32.426910400390625,27.96330451965332
2023-10-17,4373.2001953125,13533.75,17.8799991607666,423.782958984375,77.3365707397461,170.3683319091797,32.58150863647461,27.888626098632812
2023-10-18,4314.60009765625,13314.2998046875,19.219999313354492,418.135986328125,76.65619659423828,166.86260986328125,32.021087646484375,27.645915985107422
2023-10-19,4278.0,13186.1796875,21.399999618530273,414.4620666503906,75.0867691040039,164.20411682128906,31.595945358276367,27.370527267456055
2023-10-20,4224.16015625,12983.8095703125,21.709999084472656,409.369140625,75.5131607055664,162.0811767578125,31.112825393676758,27.085805892944336
2023-10-23,4217.0400390625,13018.330078125,20.3700008392334,408.6596374511719,76.42034912109375,160.70811462402344,30.91957664489746,26.857097625732422
2023-10-24,4247.68017578125,13139.8701171875,18.969999313354492,411.74066162109375,77.42729187011719,162.11041259765625,31.132152557373047,27.547893524169922
2023-10-25,4186.77001953125,12821.2197265625,20.190000534057617,405.8312683105469,75.70365142822266,159.43243408203125,31.016199111938477,27.701921463012695
2023-10-26,4137.22998046875,12595.6103515625,20.68000030517578,400.9716491699219,76.86486053466797,159.8414306640625,30.948564529418945,27.93996810913086
2023-10-27,4117.3701171875,12643.009765625,21.270000457763672,399.15411376953125,76.53825378417969,157.9619903564453,30.388151168823242,27.412532806396484
2023-10-30,4166.81982421875,12789.48046875,19.75,403.92633056640625,76.19352722167969,158.83840942382812,30.92923927307129,27.622575759887695
2023-10-31,4193.7998046875,12851.240234375,18.139999389648438,406.46307373046875,75.82160186767578,160.2114715576172,31.267419815063477,27.860620498657227
2023-11-01,4237.85986328125,13061.4697265625,16.8700008392334,410.7979431152344,77.465576171875,161.12684631347656,31.4703369140625,28.178014755249023
2023-11-02,4317.77978515625,13294.1904296875,15.65999984741211,418.6706237792969,79.2315444946289,165.42138671875,32.21434020996094,28.705448150634766
2023-11-03,4358.33984375,13478.2802734375,14.90999984741211,422.4902648925781,79.76861572265625,169.92037963867188,32.63947677612305,28.873477935791016
2023-11-06,4365.97998046875,13518.7802734375,14.890000343322754,423.4622497558594,78.9948501586914,167.79747009277344,32.5428581237793,28.798799514770508
2023-11-07,4378.3798828125,13639.8603515625,14.8100004196167,424.6673889160156,80.16004180908203,167.2034454345703,32.494544982910156,28.58875846862793
2023-11-08,4382.77978515625,13650.41015625,14.449999809265137,424.9783935546875,81.52547454833984,165.42138671875,32.53319549560547,28.378719329833984
2023-11-09,4347.35009765625,13521.4501953125,15.289999961853027,421.6641540527344,79.65027618408203,162.8602294921875,32.39792251586914,28.005313873291016
2023-11-10,4415.240234375,13798.1103515625,14.170000076293945,428.2441101074219,80.09632110595703,164.68128967285156,32.76508712768555,28.15467643737793
2023-11-13,4411.5498046875,13767.740234375,14.760000228881836,427.8359069824219,79.91423034667969,164.73968505859375,32.71678161621094,27.81861114501953
2023-11-14,4495.7001953125,14094.3798828125,14.15999984741211,436.13629150390625,81.7257308959961,173.78640747070312,33.33517074584961,28.929487228393555
2023-11-15,4502.8798828125,14103.83984375,14.180000305175781,437.0595397949219,80.57877349853516,174.08828735351562,33.51875686645508,28.84080696105957
2023-11-16,4508.240234375,14113.669921875,14.319999694824219,437.5942077636719,81.580078125,171.2740020751953,33.654029846191406,28.99483299255371
2023-11-17,4514.02001953125,14125.48046875,13.800000190734863,438.138427734375,81.96240234375,173.620849609375,33.82795333862305,29.07418441772461
2023-11-20,4547.3798828125,14284.5302734375,13.40999984741211,441.5110778808594,82.46305847167969,174.63363647460938,33.963226318359375,28.985498428344727
2023-11-21,4538.18994140625,14199.98046875,13.350000381469727,440.5487976074219,82.42664337158203,172.38412475585938,33.94389724731445,29.04617691040039
2023-11-22,4556.6201171875,14265.8603515625,12.850000381469727,442.24969482421875,82.71793365478516,173.4650421142578,34.07917022705078,29.18620491027832
2023-11-24,4559.33984375,14250.849609375,12.460000038146973,442.52191162109375,81.74394989013672,174.63363647460938,34.185462951660156,29.26088523864746
2023-11-27,4550.43017578125,14241.01953125,12.6899995803833,441.7248840332031,83.10936737060547,174.04933166503906,34.06950378417969,29.30756187438965
2023-11-28,4554.89013671875,14281.759765625,12.6899995803833,442.1622314453125,83.2732162475586,173.37741088867188,34.059844970703125,29.400909423828125
2023-11-29,4550.580078125,14258.490234375,12.979999542236328,441.8511962890625,84.3200454711914,174.29278564453125,34.301414489746094,29.16753387451172
2023-11-30,4567.7998046875,14226.2197265625,12.920000076293945,443.5909729003906,83.34603881835938,174.95497131347656,34.687904357910156,29.29355812072754
2023-12-01,4594.6298828125,14305.0302734375,12.630000114440918,446.2152099609375,84.9157943725586,180.06748962402344,34.94878387451172,29.652956008911133
2023-12-04,4569.77978515625,14185.490234375,13.079999923706055,443.8728332519531,84.57791137695312,181.99562072753906,34.910133361816406,29.536270141601562
2023-12-05,4567.18017578125,14229.91015625,12.850000381469727,443.7853698730469,86.39513397216797,179.5611114501953,34.7362174987793,29.326231002807617
2023-12-06,4549.33984375,14146.7099609375,12.970000267028809,441.99700927734375,87.54572296142578,179.23974609375,34.56229019165039,29.718305587768555
2023-12-07,4585.58984375,14339.990234375,13.0600004196167,445.36962890625,87.04347229003906,180.534912109375,34.72655487060547,29.652956008911133
2023-12-08,4604.3701171875,14403.9697265625,12.350000381469727,447.28436279296875,86.33123779296875,181.90802001953125,34.910133361816406,29.59695053100586
2023-12-11,4622.43994140625,14432.490234375,12.630000114440918,449.0240478515625,86.14855194091797,182.2877655029297,35.12270736694336,29.788318634033203
2023-12-12,4643.7001953125,14533.400390625,12.069999694824219,451.0749206542969,86.40425109863281,182.10276794433594,35.37392807006836,29.66696548461914
2023-12-13,4707.08984375,14733.9599609375,12.1899995803833,457.2952575683594,88.43148803710938,188.2669677734375,35.944007873535156,30.78717803955078
2023-12-14,4719.5498046875,14761.5595703125,12.479999542236328,458.7629089355469,90.7318344116211,193.50608825683594,36.301517486572266,30.385766983032227
2023-12-15,4719.18994140625,14813.919921875,12.279999732971191,458.007568359375,90.8326187133789,191.8798370361328,36.08893966674805,29.858333587646484
2023-12-18,4740.56005859375,14904.8095703125,12.5600004196167,460.5838317871094,90.1089096069336,191.94796752929688,36.209354400634766,29.790958404541016
2023-12-19,4768.3701171875,15003.2197265625,12.529999732971191,463.3846130371094,90.59443664550781,195.66793823242188,36.481239318847656,29.960573196411133
2023-12-20,4698.35009765625,14777.9404296875,13.670000076293945,456.96337890625,91.20823669433594,191.84048461914062,35.83065414428711,29.352785110473633
2023-12-21,4746.75,14963.8701171875,13.649999618530273,461.2962646484375,90.6310806274414,195.10496520996094,36.18021774291992,29.40461540222168
2023-12-22,4754.6298828125,14992.9697265625,13.029999732971191,462.2232971191406,90.21882629394531,196.92288208007812,36.25790023803711,29.503551483154297
2023-12-26,4774.75,15074.5703125,12.989999771118164,464.175048828125,90.47534942626953,199.483642578125,36.40355682373047,29.682592391967773
2023-12-27,4781.580078125,15099.1796875,12.430000305175781,465.01434326171875,92.07853698730469,200.1873779296875,36.52008056640625,29.66374397277832
2023-12-28,4783.35009765625,15095.1396484375,12.470000267028809,465.19000244140625,91.40979766845703,199.42498779296875,36.62689208984375,29.875764846801758
2023-12-29,4769.830078125,15011.349609375,12.449999809265137,463.8432922363281,90.58526611328125,196.1703338623047,36.51036834716797,29.83807373046875
2024-01-02,4742.830078125,14765.9404296875,13.199999809265137,461.2474365234375,90.0630874633789,195.0072479248047,36.66572952270508,30.271535873413086
2024-01-03,4704.81005859375,14592.2099609375,14.039999961853027,457.4805603027344,90.43871307373047,189.80755615234375,36.355003356933594,30.38460922241211
2024-01-04,4688.68017578125,14510.2998046875,14.130000114440918,456.0070495605469,89.06453704833984,189.4361572265625,36.50065231323242,30.29037857055664
2024-01-05,4697.240234375,14524.0703125,13.350000381469727,456.6315612792969,88.2125473022461,188.87905883789062,36.65602111816406,30.403453826904297
2024-01-08,4763.5400390625,14843.76953125,13.079999923706055,463.150390625,89.08283996582031,192.2803497314453,36.88906478881836,30.624897003173828
2024-01-09,4756.5,14857.7099609375,12.760000228881836,462.4477844238281,88.5148696899414,190.5601348876953,36.65602111816406,30.375186920166016
2024-01-10,4783.4501953125,14969.650390625,12.6899995803833,465.0631408691406,88.10259246826172,190.66766357421875,36.71428680419922,30.370473861694336
2024-01-11,4780.240234375,14970.1904296875,12.4399995803833,464.8581848144531,88.59732055664062,189.17227172851562,36.578338623046875,29.66374397277832
2024-01-12,4783.830078125,14972.759765625,12.699999809265137,465.18017578125,88.42322540283203,188.8594970703125,36.51036834716797,29.833362579345703
2024-01-16,4765.97998046875,14944.349609375,13.84000015258789,463.4724426269531,86.8658447265625,186.52357482910156,36.25790023803711,29.50826644897461
2024-01-17,4739.2099609375,14855.6201171875,14.789999961853027,460.8961181640625,86.72844696044922,185.1943359375,36.1899299621582,29.079519271850586
2024-01-18,4780.93994140625,15055.650390625,14.130000114440918,464.99481201171875,85.9222640991211,186.2889862060547,36.248191833496094,28.768558502197266
2024-01-19,4839.81005859375,15310.9697265625,13.300000190734863,470.7914733886719,86.19711303710938,188.0775909423828,36.83080291748047,28.730865478515625
2024-01-22,4850.43017578125,15360.2900390625,13.1899995803833,471.78692626953125,86.71012878417969,192.0946502685547,37.005584716796875,28.584806442260742
2024-01-23,4864.60009765625,15425.9404296875,12.550000190734863,473.16290283203125,86.02304077148438,191.5375213623047,37.0638542175293,28.636632919311523
2024-01-24,4868.5498046875,15481.919921875,13.140000343322754,473.68011474609375,85.51918029785156,189.9639434814453,37.209503173828125,28.245580673217773
2024-01-25,4894.16015625,15510.5,13.449999809265137,476.2564392089844,86.07799530029297,191.5375213623047,37.39400100708008,28.75442123413086
2024-01-26,4890.97021484375,15455.3603515625,13.260000228881836,475.6513671875,85.9130859375,191.54730224609375,37.529945373535156,28.839229583740234
2024-01-29,4927.93017578125,15628.0400390625,13.600000381469727,479.418212890625,86.90250396728516,194.89971923828125,37.627044677734375,29.022977828979492
2024-01-30,4924.97021484375,15509.900390625,13.3100004196167,479.04742431640625,87.69038391113281,193.23817443847656,38.102840423583984,29.01355743408203
2024-01-31,4845.64990234375,15164.009765625,14.350000381469727,471.2306823730469,88.55150604248047,188.51742553710938,37.636749267578125,28.952306747436523
2024-02-01,4906.18994140625,15361.6396484375,13.880000114440918,477.398193359375,90.28852844238281,191.01954650878906,37.69501495361328,29.503551483154297
2024-02-02,4958.60986328125,15628.9501953125,13.850000381469727,482.4239807128906,88.294189453125,190.01283264160156,37.85037612915039,28.971153259277344
2024-02-05,4942.81005859375,15597.6796875,13.670000076293945,480.6673583984375,86.51119995117188,187.59866333007812,37.627044677734375,28.36807632446289
2024-02-06,4954.22998046875,15609.0,13.0600004196167,482.0628662109375,87.35674285888672,189.28955078125,37.70472717285156,28.471729278564453
2024-02-07,4995.06005859375,15756.6396484375,12.829999923706055,486.08349609375,86.9339599609375,188.8497314453125,37.986324310302734,28.49057960510254
2024-02-08,4997.91015625,15793.7099609375,12.789999961853027,486.29815673828125,86.42848205566406,191.7134552001953,37.84067153930664,28.287981033325195
2024-02-09,5026.60986328125,15990.66015625,12.930000305175781,489.10870361328125,86.2538833618164,194.831298828125,37.94748306274414,28.396347045898438
2024-02-12,5021.83984375,15942.5498046875,13.930000305175781,488.8940124511719,86.3549575805664,198.36944580078125,38.12226104736328,28.726152420043945
2024-02-13,4953.169921875,15655.599609375,15.850000381469727,482.16046142578125,84.87527465820312,190.2082977294922,37.60762405395508,28.250286102294922
2024-02-14,5000.6201171875,15859.150390625,14.380000114440918,486.5421447753906,85.30723571777344,194.62608337402344,37.96689987182617,28.4057674407959
2024-02-15,5029.72998046875,15906.169921875,14.010000228881836,489.899169921875,85.74837493896484,199.81594848632812,38.61748123168945,28.881633758544922
2024-02-16,5005.56982421875,15775.650390625,14.239999771118164,487.45947265625,85.25205993652344,197.09884643554688,38.48154067993164,28.848649978637695
2024-02-20,4975.509765625,15630.7802734375,15.420000076293945,484.77587890625,85.3255844116211,194.3817138671875,38.374732971191406,28.82980728149414
2024-02-21,4981.7998046875,15580.8701171875,15.34000015258789,485.2149353027344,84.71903228759766,193.46295166015625,38.491249084472656,29.21143913269043
2024-02-22,5087.02978515625,16041.6201171875,14.539999961853027,495.2566833496094,85.1325912475586,194.92904663085938,38.93791580200195,28.985288619995117
2024-02-23,5088.7998046875,15996.8203125,13.75,495.5982971191406,86.272216796875,195.36888122558594,39.13212203979492,29.192590713500977
2024-02-26,5069.52978515625,15976.25,13.739999771118164,493.7831726074219,86.01493072509766,196.60035705566406,38.93791580200195,28.6177921295166
2024-02-27,5078.18017578125,16035.2998046875,13.430000305175781,494.70050048828125,85.40833282470703,199.38592529296875,39.04473114013672,29.15961265563965
2024-02-28,5069.759765625,15947.740234375,13.84000015258789,494.0466613769531,85.95055389404297,197.74391174316406,39.19038391113281,29.249134063720703
2024-02-29,5096.27001953125,16091.919921875,13.399999618530273,495.8227233886719,86.5571517944336,199.1220245361328,39.170963287353516,29.25855255126953
2024-03-01,5137.080078125,16274.9404296875,13.109999656677246,500.47760009765625,87.09647369384766,201.23313903808594,39.12241744995117,29.079519271850586
2024-03-04,5130.9501953125,16207.509765625,13.489999771118164,499.9408874511719,86.74614715576172,201.04747009277344,39.21951675415039,29.569515228271484
2024-03-05,5078.64990234375,15939.58984375,14.460000038146973,494.9444580078125,87.98155975341797,199.1220245361328,39.229225158691406,29.484710693359375
2024-03-06,5104.759765625,16031.5400390625,14.5,497.4524230957031,88.49784088134766,200.60763549804688,39.43313980102539,29.76740074157715
2024-03-07,5157.35986328125,16273.3798828125,14.4399995803833,502.390380859375,88.41486358642578,202.27896118164062,39.3748779296875,29.960573196411133
2024-03-08,5123.68994140625,16085.1103515625,14.739999771118164,499.3749084472656,88.25814819335938,202.1519317626953,39.44285583496094,30.035953521728516
2024-03-11,5117.93994140625,16019.26953125,15.220000267028809,498.94549560546875,88.2120361328125,200.5489959716797,39.51081085205078,30.186721801757812
2024-03-12,5175.27001953125,16265.6396484375,13.84000015258789,504.3127746582031,87.47447967529297,200.2753143310547,39.67589569091797,29.894611358642578
2024-03-13,5165.31005859375,16177.76953125,13.75,503.5223388671875,87.05037689208984,201.0572509765625,39.967201232910156,30.097206115722656
2024-03-14,5150.47998046875,16128.5302734375,14.399999618530273,502.5269470214844,85.71356201171875,197.46047973632812,39.646766662597656,29.856918334960938
2024-03-15,5117.08984375,15973.169921875,14.40999984741211,499.0763244628906,85.68590545654297,197.8318634033203,39.607933044433594,29.899322509765625
2024-03-18,5149.419921875,16103.4501953125,14.329999923706055,502.04241943359375,85.42774963378906,196.69808959960938,39.83502197265625,30.037084579467773
2024-03-19,5178.509765625,16166.7900390625,13.819999694824219,504.8323974609375,85.6674575805664,197.52890014648438,40.02995681762695,30.303110122680664
2024-03-20,5224.6201171875,16369.41015625,13.039999961853027,509.5017395019531,85.63982391357422,201.4384002685547,40.50755310058594,30.34111213684082
2024-03-21,5241.52978515625,16401.83984375,12.920000076293945,511.1853942871094,85.82421112060547,203.75286865234375,40.83893585205078,30.293609619140625
2024-03-22,5234.18017578125,16428.8203125,13.0600004196167,510.2163391113281,86.64472198486328,200.94064331054688,40.371089935302734,30.336366653442383
2024-03-25,5218.18994140625,16384.470703125,13.1899995803833,508.8067321777344,86.21142578125,201.40118408203125,40.21514892578125,30.478878021240234
2024-03-26,5203.580078125,16315.7001953125,13.239999771118164,507.866943359375,86.45113372802734,201.03863525390625,40.351600646972656,30.13209342956543
2024-03-27,5248.490234375,16399.51953125,12.779999732971191,512.135009765625,87.30852508544922,205.41860961914062,40.829193115234375,30.972923278808594
2024-03-28,5254.35009765625,16379.4599609375,13.010000228881836,512.0370483398438,87.23478698730469,206.06533813476562,41.05337142944336,31.186691284179688
2024-04-01,5243.77001953125,16396.830078125,13.649999618530273,511.1462707519531,85.60863494873047,204.1251983642578,40.829193115234375,30.996673583984375
2024-04-02,5205.81005859375,16240.4501953125,14.609999656677246,507.8963317871094,85.13687896728516,200.37229919433594,40.61476516723633,31.048933029174805
2024-04-03,5211.490234375,16277.4599609375,14.329999923706055,508.45428466796875,85.1183853149414,201.68533325195312,40.59527587890625,30.925416946411133
2024-04-04,5147.2099609375,16049.080078125,16.350000381469727,502.2480163574219,85.72887420654297,199.6668243408203,40.13717269897461,30.863662719726562
2024-04-05,5204.33984375,16248.51953125,16.030000686645508,507.494873046875,84.53561401367188,200.33311462402344,40.51729202270508,30.95392608642578
2024-04-08,5202.39013671875,16253.9599609375,15.1899995803833,507.7787170410156,84.52638244628906,201.4305877685547,40.6927375793457,31.158191680908203
2024-04-09,5209.91015625,16306.6396484375,14.979999542236328,508.3661193847656,85.3126449584961,202.22427368164062,40.45881652832031,31.329204559326172
2024-04-10,5160.64013671875,16170.3603515625,15.800000190734863,503.2758483886719,83.453369140625,196.88401794433594,39.854515075683594,30.79240608215332
2024-04-11,5199.06005859375,16442.19921875,14.90999984741211,507.0740051269531,83.0741195678711,198.21661376953125,39.571861267089844,30.73065185546875
2024-04-12,5123.41015625,16175.08984375,17.309999465942383,500.0748291015625,83.51813507080078,194.68911743164062,39.045536041259766,30.49787712097168
2024-04-15,5061.81982421875,15885.01953125,19.229999542236328,493.8098449707031,82.22313690185547,191.8377227783203,38.8505973815918,30.217601776123047
2024-04-16,5051.41015625,15865.25,18.399999618530273,492.9091796875,81.6773910522461,191.1322021484375,38.587440490722656,29.818565368652344
2024-04-17,5022.2099609375,15683.3701171875,18.209999084472656,489.9920349121094,82.58386993408203,189.11370849609375,38.68490219116211,30.440874099731445
2024-04-18,5011.1201171875,15601.5,18.0,488.9837951660156,82.1676254272461,188.95692443847656,38.82136535644531,30.611892700195312
2024-04-19,4967.22998046875,15282.009765625,18.709999084472656,484.7157897949219,82.463623046875,189.2508544921875,39.3574333190918,31.082183837890625
2024-04-22,5010.60009765625,15451.3095703125,16.940000534057617,489.1795654296875,82.32489013671875,191.3673553466797,39.83502197265625,31.36720848083496
2024-04-23,5070.5498046875,15696.6396484375,15.6899995803833,494.9845275878906,82.35263061523438,194.57154846191406,40.088436126708984,31.514474868774414
2024-04-24,5071.6298828125,15712.75,15.970000267028809,494.7496337890625,81.76988983154297,193.69944763183594,40.07868957519531,31.70449447631836
2024-04-25,5048.419921875,15611.759765625,15.369999885559082,492.87005615234375,81.19637298583984,192.52362060546875,39.84476852416992,31.790000915527344
2024-04-26,5099.9599609375,15927.900390625,15.029999732971191,497.5394592285156,81.62187194824219,194.3657684326172,39.786293029785156,31.443222045898438
2024-04-29,5116.169921875,15983.080078125,14.670000076293945,499.3014831542969,82.30640411376953,195.93353271484375,39.72780227661133,31.87075424194336
2024-04-30,5035.68994140625,15657.8203125,15.649999618530273,491.3919372558594,81.60340118408203,191.95529174804688,39.33793640136719,31.70449447631836
2024-05-01,5018.39013671875,15605.48046875,15.390000343322754,489.7962951660156,82.20488739013672,192.35704040527344,39.33793640136719,32.07027816772461
2024-05-02,5064.2001953125,15840.9599609375,14.680000305175781,494.3775939941406,82.5576171875,195.89434814453125,39.43540954589844,32.24129867553711
2024-05-03,5127.7900390625,16156.330078125,13.489999771118164,500.5055847167969,83.39302825927734,197.83447265625,39.52312469482422,32.49782180786133
2024-05-06,5180.740234375,16349.25,13.489999771118164,505.6741943359375,83.7179183959961,200.39190673828125,40.02995681762695,32.664085388183594
2024-05-07,5187.7001953125,16332.5595703125,13.229999542236328,506.2321472167969,84.22846221923828,200.84266662597656,40.166412353515625,33.03461837768555
2024-05-08,5187.669921875,16302.759765625,13.0,506.2811584472656,83.7179183959961,199.6766357421875,40.3126106262207,33.381404876708984
2024-05-09,5214.080078125,16346.259765625,12.6899995803833,509.1982727050781,84.1263427734375,201.71475219726562,40.61476516723633,33.88969421386719
2024-05-10,5222.68017578125,16340.8701171875,12.550000190734863,509.85418701171875,83.65293884277344,200.19593811035156,40.77071762084961,33.8564453125
2024-05-13,5221.419921875,16388.240234375,13.600000381469727,509.9226379394531,83.86642456054688,200.61727905273438,40.605018615722656,33.8564453125
2024-05-14,5246.68017578125,16511.1796875,13.420000076293945,512.2622680664062,84.33984375,202.69459533691406,40.809696197509766,33.94670486450195
2024-05-15,5308.14990234375,16742.390625,12.449999809265137,518.6055908203125,85.49085998535156,205.22265625,41.11185073852539,34.45500183105469
2024-05-16,5297.10009765625,16698.3203125,12.420000076293945,517.53857421875,85.40731048583984,203.74305725097656,41.11185073852539,34.336246490478516
2024-05-17,5303.27001953125,16685.970703125,11.989999771118164,518.282470703125,84.831787109375,203.89004516601562,41.41400146484375,34.364742279052734
2024-05-20,5308.1298828125,16794.869140625,12.149999618530273,518.8796997070312,84.58118438720703,204.3407745361328,40.84868621826172,34.3077392578125
2024-05-21,5321.41015625,16832.619140625,11.859999656677246,520.1522827148438,85.01744842529297,204.14480590820312,41.11185073852539,34.616519927978516
2024-05-22,5307.009765625,16801.5390625,12.289999961853027,518.6544799804688,85.11955261230469,202.42022705078125,40.8779296875,34.207977294921875
2024-05-23,5267.83984375,16736.029296875,12.770000457763672,514.8662109375,84.5718994140625,199.09849548339844,40.3126106262207,33.6284294128418
2024-05-24,5304.72021484375,16920.7890625,11.930000305175781,518.272705078125,84.822509765625,201.30319213867188,40.55628204345703,33.9657096862793
2024-05-28,5306.0400390625,17019.880859375,12.920000076293945,518.6348876953125,83.60655212402344,201.02882385253906,40.107933044433594,33.932456970214844
2024-05-29,5266.9501953125,16920.580078125,14.279999732971191,515.003173828125,82.59477233886719,198.05984497070312,39.786293029785156,33.49541091918945
2024-05-30,5235.47998046875,16737.080078125,14.470000267028809,511.5868225097656,83.39302825927734,199.94117736816406,40.0007209777832,33.94670486450195
2024-05-31,5277.509765625,16735.01953125,12.920000076293945,516.2463989257812,83.95926666259766,201.6265411376953,40.58552551269531,34.545257568359375
2024-06-03,5283.39990234375,16828.669921875,13.109999656677246,516.6672973632812,85.31725311279297,200.4899139404297,40.33210754394531,34.15097427368164
2024-06-04,5291.33984375,16857.05078125,13.15999984741211,517.2447509765625,86.31387329101562,197.90304565429688,40.146915435791016,34.13671875
2024-06-05,5354.02978515625,17187.900390625,12.630000114440918,523.3923950195312,86.9472427368164,200.93084716796875,40.26388168334961,33.94194793701172
2024-06-06,5352.9599609375,17173.119140625,12.579999923706055,523.382568359375,86.81684112548828,199.49044799804688,40.244388580322266,33.59041976928711
2024-06-07,5346.990234375,17133.130859375,12.220000267028809,522.746337890625,85.22411346435547,197.14857482910156,40.42958068847656,33.224639892578125
2024-06-10,5360.7900390625,17192.529296875,12.739999771118164,524.3613891601562,84.65593719482422,197.8246612548828,40.27362823486328,33.65217971801758
2024-06-11,5375.31982421875,17343.55078125,12.850000381469727,525.624267578125,85.53147888183594,197.14865112304688,39.81552505493164,33.447906494140625
2024-06-12,5421.02978515625,17608.439453125,12.039999961853027,529.9412841796875,86.17416381835938,200.17506408691406,39.776546478271484,33.2293815612793
2024-06-13,5433.740234375,17667.560546875,11.9399995803833,531.0083618164062,87.44087982177734,198.42604064941406,39.7473030090332,33.30539321899414
2024-06-14,5431.60009765625,17688.880859375,12.65999984741211,531.3314819335938,88.17669677734375,195.27188110351562,39.62059783935547,33.224639892578125
2024-06-17,5473.22998046875,17857.01953125,12.75,535.5602416992188,87.3011703491211,196.91282653808594,39.97147750854492,32.858848571777344
2024-06-18,5487.02978515625,17862.23046875,12.300000190734863,536.9208984375,88.10218048095703,197.25672912597656,40.22489547729492,32.87309646606445
2024-06-20,5473.169921875,17721.58984375,13.279999732971191,535.4623413085938,87.515380859375,196.42153930664062,40.439327239990234,33.15813064575195
2024-06-21,5464.6201171875,17689.359375,13.199999809265137,534.7444458007812,87.515380859375,196.86370849609375,40.28337860107422,32.96336364746094
2024-06-24,5447.8701171875,17496.8203125,13.329999923706055,533.0062255859375,87.86931610107422,197.71856689453125,40.69729232788086,33.39674758911133
2024-06-25,5469.2998046875,17717.650390625,12.84000015258789,535.0587158203125,88.01834106445312,197.07003784179688,40.39394760131836,33.0806884765625
2024-06-26,5477.89990234375,17805.16015625,12.550000190734863,535.7265625,86.76094818115234,196.5492706298828,40.139530181884766,32.94181442260742
2024-06-27,5482.8701171875,17858.6796875,12.239999771118164,536.5711059570312,87.10556030273438,198.54396057128906,40.09060287475586,32.99928283691406
2024-06-28,5460.47998046875,17732.599609375,12.4399995803833,534.4596557617188,85.48491668701172,199.3594970703125,40.227596282958984,32.63054656982422
2024-07-01,5475.08984375,17879.30078125,12.220000267028809,535.5596313476562,84.00953674316406,197.6890869140625,40.3156623840332,32.40547180175781
2024-07-02,5509.009765625,18028.759765625,12.029999732971191,539.1636962890625,84.66358947753906,198.3670654296875,40.785362243652344,32.573081970214844
2024-07-03,5537.02001953125,18188.30078125,12.09000015258789,541.5697631835938,85.77549743652344,198.3179473876953,40.65814971923828,32.769412994384766
2024-07-05,5567.18994140625,18352.759765625,12.479999542236328,544.6928100585938,86.4856185913086,197.37464904785156,40.648372650146484,32.82688903808594
2024-07-08,5572.85009765625,18403.740234375,12.369999885559082,545.3213500976562,86.67251586914062,198.76011657714844,40.54072952270508,32.86040496826172
2024-07-09,5576.97998046875,18429.2890625,12.510000228881836,545.8516845703125,86.28941345214844,197.89541625976562,40.853858947753906,32.95618438720703
2024-07-10,5633.91015625,18647.44921875,12.850000381469727,551.2529296875,86.56037139892578,199.83114624023438,41.01042556762695,33.2674446105957
2024-07-11,5584.5400390625,18283.41015625,12.920000076293945,546.499755859375,87.40132141113281,207.01394653320312,41.333343505859375,33.8756217956543
2024-07-12,5615.35009765625,18398.44921875,12.460000038146973,549.94677734375,87.77507019042969,209.43112182617188,41.4703369140625,34.124637603759766
2024-07-15,5631.22021484375,18472.5703125,13.119999885559082,551.459228515625,86.76593780517578,213.41065979003906,42.077030181884766,33.29618453979492
2024-07-16,5667.2001953125,18509.33984375,13.1899995803833,554.7294311523438,87.98995971679688,220.6917266845703,42.556514739990234,33.554771423339844
2024-07-17,5588.27001953125,17996.919921875,14.479999542236328,546.9515380859375,88.00863647460938,218.3826141357422,42.879432678222656,33.57392501831055
2024-07-18,5544.58984375,17871.220703125,15.930000305175781,542.7482299804688,87.33589935302734,214.1574249267578,42.36080551147461,33.545196533203125
2024-07-19,5505.0,17726.939453125,16.520000457763672,539.1441040039062,86.8219985961914,213.0667724609375,41.93024826049805,33.58350372314453
2024-07-22,5564.41015625,18007.5703125,14.90999984741211,544.7025756835938,86.56970977783203,216.4567108154297,42.165096282958984,33.86604309082031
2024-07-23,5555.740234375,17997.349609375,14.720000267028809,543.8482055664062,86.44825744628906,218.75599670410156,42.24338150024414,33.65533447265625
2024-07-24,5427.1298828125,17342.41015625,18.040000915527344,531.523193359375,85.51387023925781,214.05918884277344,41.66604995727539,34.03364562988281
2024-07-25,5399.22021484375,17181.720703125,18.459999084472656,528.7538452148438,86.21464538574219,216.73187255859375,41.82261276245117,33.75111389160156
2024-07-26,5459.10009765625,17357.880859375,16.389999389648438,534.6757202148438,86.88739776611328,220.31832885742188,42.47822952270508,34.0815315246582
2024-07-29,5463.5400390625,17370.19921875,16.600000381469727,534.989990234375,87.35459899902344,217.8716583251953,42.41952133178711,34.23476791381836
2024-07-30,5436.43994140625,17147.419921875,17.690000534057617,532.2794799804688,87.69096374511719,218.6970672607422,42.908782958984375,34.41196060180664
2024-07-31,5522.2998046875,17599.400390625,16.360000610351562,540.9314575195312,88.58796691894531,219.964599609375,42.801143646240234,34.8573112487793
2024-08-01,5446.68017578125,17194.150390625,18.59000015258789,533.2713012695312,89.35202026367188,212.81129455566406,42.194454193115234,35.484642028808594
2024-08-02,5346.56005859375,16776.16015625,23.389999389648438,523.3427124023438,92.1363525390625,205.28457641601562,41.157203674316406,35.54210662841797
2024-08-05,5186.330078125,16200.080078125,38.56999969482422,508.10101318359375,92.62386322021484,198.68150329589844,39.96339416503906,34.603511810302734
2024-08-06,5240.02978515625,16366.849609375,27.709999084472656,512.7855224609375,90.552001953125,200.84323120117188,40.609230041503906,34.8956298828125
2024-08-07,5199.5,16195.8095703125,27.850000381469727,509.3579406738281,89.91452026367188,198.46533203125,40.65814971923828,35.091957092285156
2024-08-08,5319.31005859375,16660.01953125,23.790000915527344,521.1329956054688,89.36136627197266,203.28990173339844,41.31377029418945,35.130271911621094
2024-08-09,5344.16015625,16745.30078125,20.3700008392334,523.4310302734375,90.24263000488281,202.86740112304688,41.48991012573242,35.24999237060547
2024-08-12,5344.39013671875,16780.609375,20.709999084472656,523.7060546875,90.57074737548828,201.0397491455078,41.27463150024414,35.3122444152832
2024-08-13,5434.43017578125,17187.609375,18.1200008392334,532.3187255859375,91.1988754272461,204.35110473632812,41.61711883544922,35.51816177368164
2024-08-14,5455.2099609375,17192.599609375,16.190000534057617,533.998046875,91.7707290649414,203.08355712890625,42.125953674316406,35.49421691894531
2024-08-15,5543.22021484375,17594.5,15.229999542236328,543.1509399414062,91.03013610839844,208.35028076171875,42.517372131347656,35.48942565917969
2024-08-16,5554.25,17631.720703125,14.800000190734863,544.3687744140625,91.3488540649414,208.90054321289062,42.830501556396484,35.6474609375
2024-08-19,5608.25,17876.76953125,14.649999618530273,549.5736083984375,91.7707290649414,211.45530700683594,43.065345764160156,35.882110595703125
2024-08-20,5597.1201171875,17816.939453125,15.880000114440918,548.679931640625,92.50198364257812,208.98898315429688,42.9283561706543,35.805484771728516
2024-08-21,5620.85009765625,17918.990234375,16.270000457763672,550.5654907226562,92.5582504272461,211.71078491210938,42.859859466552734,36.05929183959961
2024-08-22,5570.64013671875,17619.349609375,17.549999237060547,546.244384765625,91.6395034790039,209.8438262939453,43.1044921875,36.016197204589844
2024-08-23,5634.60986328125,17877.7890625,15.859999656677246,552.0484008789062,92.23947143554688,216.545166015625,43.476341247558594,36.116756439208984
2024-08-26,5616.83984375,17725.76953125,16.149999618530273,550.7324829101562,92.0051040649414,216.61395263671875,43.61332702636719,36.35140609741211
2024-08-27,5625.7998046875,17754.8203125,15.430000305175781,551.4886474609375,91.84574890136719,214.93368530273438,43.83839416503906,36.06407928466797
2024-08-28,5592.18017578125,17556.029296875,17.110000610351562,548.287109375,91.73324584960938,213.4794464111328,43.94603729248047,36.06407928466797
2024-08-29,5591.9599609375,17516.4296875,15.649999618530273,548.3362426757812,91.43321228027344,215.0024871826172,44.33745193481445,36.26042175292969
2024-08-30,5648.39990234375,17713.619140625,15.0,553.5706787109375,90.45824432373047,216.25038146972656,44.75822448730469,36.53337478637695
2024-09-03,5528.93017578125,17136.30078125,20.719999313354492,542.1787109375,91.9377212524414,209.6374969482422,44.42551040649414,36.4807014465332
2024-09-04,5520.06982421875,17084.30078125,21.31999969482422,541.0689697265625,93.122802734375,209.28375244140625,44.47444534301758,36.79196548461914
2024-09-05,5503.41015625,17127.66015625,19.899999618530273,539.7529907226562,93.6495132446289,208.2421875,43.98517608642578,36.70098114013672
2024-09-06,5408.419921875,16690.830078125,22.3799991607666,530.6687622070312,93.64009094238281,204.28231811523438,43.3393440246582,36.35140609741211
2024-09-09,5471.0498046875,16884.599609375,19.450000762939453,536.6103515625,94.04454040527344,204.8522186279297,43.98517608642578,36.72013473510742
2024-09-10,5495.52001953125,17025.880859375,19.079999923706055,538.9475708007812,94.70292663574219,204.6851806640625,43.53504943847656,36.89253234863281
2024-09-11,5554.1298828125,17395.529296875,17.690000534057617,544.4766845703125,94.62767028808594,205.28457641601562,43.32955551147461,37.00746154785156
2024-09-12,5595.759765625,17569.6796875,17.06999969482422,549.06298828125,94.18560791015625,207.92774963378906,43.42741012573242,37.088871002197266
2024-09-13,5626.02001953125,17683.98046875,16.559999465942383,551.9306030273438,94.4395523071289,213.05694580078125,43.55461883544922,37.61084747314453
2024-09-16,5633.08984375,17592.130859375,17.139999389648438,552.7457275390625,95.30484771728516,213.82334899902344,44.122169494628906,37.898170471191406
2024-09-17,5634.580078125,17628.060546875,17.610000610351562,552.9715576171875,94.843994140625,215.592041015625,44.35702133178711,37.86943817138672
2024-09-18,5618.259765625,17573.30078125,18.229999542236328,551.33154296875,93.66832733154297,215.63133239746094,44.22002029418945,37.582115173339844
2024-09-19,5713.64013671875,18013.98046875,16.329999923706055,560.7396850585938,93.3579330444336,220.0726776123047,44.709285736083984,37.3618278503418
2024-09-20,5702.5498046875,17948.3203125,16.149999618530273,559.7703857421875,93.00052642822266,217.71444702148438,44.679931640625,38.34831237792969
2024-09-23,5718.56982421875,17974.26953125,15.890000343322754,561.1692504882812,92.80300903320312,216.9185333251953,44.62591552734375,38.72870635986328
2024-09-24,5732.93017578125,18074.51953125,15.390000343322754,562.7748413085938,92.78418731689453,217.2821044921875,44.25273132324219,38.453895568847656
2024-09-25,5722.259765625,18082.2109375,15.40999984741211,561.53369140625,92.0129623413086,214.63186645507812,43.98756408691406,38.65638732910156
2024-09-26,5745.3701171875,18190.2890625,15.369999885559082,563.7598876953125,92.22927856445312,215.7755584716797,44.21344757080078,38.39122009277344
2024-09-27,5738.169921875,18119.58984375,16.959999084472656,562.9423217773438,92.70895385742188,217.23480224609375,44.34111785888672,38.772098541259766
2024-09-30,5762.47998046875,18189.169921875,16.729999542236328,565.1981811523438,92.26690673828125,217.78692626953125,44.50807189941406,38.945655822753906
2024-10-01,5708.75,17910.359375,19.260000228881836,560.1348876953125,92.93307495117188,214.8290557861328,44.27237319946289,39.2590446472168
2024-10-02,5709.5400390625,17925.119140625,18.899999618530273,560.3712768554688,92.14991760253906,214.5332794189453,44.321475982666016,39.278324127197266
2024-10-03,5699.93994140625,17918.48046875,20.489999771118164,559.3468017578125,91.28182220458984,213.0937957763672,44.08577346801758,39.263858795166016
2024-10-04,5751.06982421875,18137.849609375,19.209999084472656,564.4297485351562,90.15895080566406,216.0713653564453,44.83216094970703,39.2011833190918
2024-10-07,5695.93994140625,17923.900390625,22.639999389648438,559.3270874023438,89.47958374023438,214.37551879882812,44.282188415527344,38.299617767333984
2024-10-08,5751.1298828125,18182.919921875,21.420000076293945,564.616943359375,89.63054656982422,214.52340698242188,44.53752899169922,38.318904876708984
2024-10-09,5792.0400390625,18291.619140625,20.860000610351562,568.5277709960938,89.12100982666016,214.99667358398438,44.950008392333984,37.99106216430664
2024-10-10,5780.0498046875,18282.05078125,20.93000030517578,567.5328369140625,88.77188873291016,213.80368041992188,44.81251907348633,37.87535095214844
2024-10-11,5815.02978515625,18342.939453125,20.459999084472656,570.9313354492188,88.41331481933594,218.15171813964844,45.67675018310547,38.20801544189453
2024-10-14,5859.85009765625,18502.689453125,19.700000762939453,575.6005859375,88.4793930053711,219.75880432128906,45.96155548095703,38.69013595581055
2024-10-15,5815.259765625,18315.58984375,20.639999389648438,571.1283569335938,89.55506896972656,219.93630981445312,46.05976104736328,38.86369705200195
2024-10-16,5842.47021484375,18367.080078125,19.579999923706055,573.6107788085938,89.9324951171875,223.55474853515625,46.629371643066406,39.635093688964844
2024-10-17,5841.47021484375,18373.609375,19.110000610351562,573.6599731445312,88.5076904296875,222.9434356689453,46.75704574584961,39.283145904541016
2024-10-18,5864.669921875,18489.55078125,18.030000686645508,575.8665771484375,88.57373809814453,222.4800567626953,46.76686096191406,39.50973892211914
2024-10-21,5853.97998046875,18540.009765625,18.3700008392334,574.9208984375,87.02628326416016,218.97991943359375,46.3936767578125,39.35546112060547
2024-10-22,5851.2001953125,18579.76953125,18.200000762939453,574.6155395507812,87.1112060546875,218.15171813964844,46.3052864074707,39.21564483642578
2024-10-23,5797.419921875,18276.650390625,19.239999771118164,569.3649291992188,86.87529754638672,216.1601104736328,46.2660026550293,39.591705322265625
2024-10-24,5809.85986328125,18415.490234375,19.079999923706055,570.5963745117188,87.4320068359375,216.6333465576172,46.3052864074707,39.3361701965332
2024-10-25,5808.1201171875,18518.609375,20.329999923706055,570.3993530273438,86.94136047363281,215.81500244140625,45.79460144042969,38.752811431884766
2024-10-28,5823.52001953125,18567.189453125,19.799999237060547,572.1627197265625,86.7054672241211,219.33486938476562,46.36420822143555,39.056549072265625
2024-10-29,5832.919921875,18712.75,19.34000015258789,573.0886840820312,86.83757019042969,218.62498474121094,46.079402923583984,38.22247314453125
2024-10-30,5813.669921875,18607.9296875,20.350000381469727,571.3549194335938,87.09232330322266,218.32919311523438,46.28564453125,38.13087463378906
2024-10-31,5705.4501953125,18095.150390625,23.15999984741211,560.1546020507812,87.2338638305664,214.70086669921875,45.64728546142578,38.526222229003906
2024-11-01,5728.7998046875,18239.919921875,21.8799991607666,562.5187377929688,86.0040054321289,215.90374755859375,45.804420471191406,37.66804504394531
2024-11-04,5712.68994140625,18179.98046875,21.979999542236328,561.30712890625,87.33895874023438,216.99813842773438,45.45086669921875,37.219669342041016
2024-11-05,5782.759765625,18439.169921875,20.489999771118164,568.0942993164062,87.8028793334961,221.07998657226562,45.8731689453125,37.7789306640625
2024-11-06,5929.0400390625,18983.470703125,16.270000457763672,582.2203369140625,85.39807891845703,233.8875274658203,48.66228485107422,37.38840866088867
2024-11-07,5973.10009765625,19269.4609375,15.199999809265137,586.7221069335938,86.46792602539062,233.059326171875,47.876617431640625,37.455909729003906
2024-11-08,5995.5400390625,19286.779296875,14.9399995803833,589.263671875,87.56617736816406,234.7748565673828,48.30873489379883,38.17426681518555
2024-11-11,6001.35009765625,19298.759765625,14.970000267028809,589.8251342773438,87.14012145996094,238.30458068847656,48.99619674682617,38.28033447265625
2024-11-12,5983.990234375,19281.400390625,14.710000038146973,587.9928588867188,85.83360290527344,234.1241455078125,48.84888458251953,37.84160614013672
2024-11-13,5985.3798828125,19230.720703125,14.020000457763672,588.278564453125,85.01937866210938,231.8071746826172,48.87834548950195,37.774105072021484
2024-11-14,5949.169921875,19107.650390625,14.3100004196167,584.4957885742188,85.5116958618164,228.6816864013672,48.75067138671875,37.64393615722656
2024-11-15,5870.6201171875,18680.119140625,16.139999389648438,577.0092163085938,85.28447723388672,225.27029418945312,48.97655487060547,38.20801544189453
2024-11-18,5893.6201171875,18791.810546875,15.579999923706055,579.3734130859375,85.43595123291016,225.71397399902344,49.12386703491211,38.54067611694336
2024-11-19,5916.97998046875,18987.470703125,16.350000381469727,581.4913940429688,85.87145233154297,227.3900909423828,48.799774169921875,38.786556243896484
2024-11-20,5917.10986328125,18966.140625,17.15999984741211,581.6883544921875,85.59689331054688,227.6858673095703,48.6524658203125,38.80584716796875
2024-11-21,5948.7099609375,18972.419921875,16.8700008392334,584.8110961914062,85.53064727783203,231.14657592773438,49.271175384521484,39.480812072753906
2024-11-22,5969.33984375,19003.650390625,15.239999771118164,586.6236572265625,85.57797241210938,235.41574096679688,49.821144104003906,39.2686767578125
2024-11-25,5987.3701171875,19054.83984375,14.600000381469727,588.613525390625,87.79341125488281,238.9947509765625,50.14523696899414,39.34100341796875
2024-11-26,6021.6298828125,19174.30078125,14.100000381469727,591.68701171875,87.45257568359375,237.23974609375,50.243438720703125,39.96775817871094
2024-11-27,5998.740234375,19060.48046875,14.100000381469727,589.89404296875,88.05848693847656,237.56512451171875,50.34164810180664,39.96775817871094
2024-11-29,6032.3798828125,19218.169921875,13.510000228881836,593.55859375,88.9673843383789,238.47216796875,50.42021942138672,39.982215881347656
2024-12-02,6047.14990234375,19403.94921875,13.34000015258789,594.6224365234375,89.18114471435547,238.35386657714844,49.91935348510742,39.12404251098633
2024-12-03,6049.8798828125,19480.91015625,13.300000190734863,594.8982543945312,88.41162109375,236.6580352783203,49.546165466308594,38.786556243896484
2024-12-04,6086.490234375,19735.119140625,13.449999809265137,598.5922241210938,89.36164855957031,237.50596618652344,49.359561920166016,38.781734466552734
2024-12-05,6075.10986328125,19700.259765625,13.539999961853027,597.6072998046875,89.54216003417969,234.73544311523438,49.50688171386719,38.90227127075195
2024-12-06,6090.27001953125,19859.76953125,12.770000457763672,598.7400512695312,89.67515563964844,235.573486328125,49.4970588684082,38.4201545715332
2024-12-09,6052.85009765625,19736.689453125,14.1899995803833,595.6567993164062,88.8486328125,234.39035034179688,48.81941604614258,37.93803024291992
2024-12-10,6034.91015625,19687.240234375,14.180000305175781,593.8048095703125,88.43061065673828,233.37481689453125,48.809600830078125,37.66322326660156
2024-12-11,6084.18994140625,20034.890625,13.579999923706055,598.3953247070312,87.59455871582031,234.42979431152344,48.907806396484375,37.426979064941406
2024-12-12,6051.25,19902.83984375,13.920000076293945,595.3120727539062,86.530517578125,231.38319396972656,48.69175338745117,37.407691955566406
2024-12-13,6051.08984375,19926.720703125,13.8100004196167,595.1937866210938,85.64696502685547,229.7958221435547,48.6524658203125,37.43180465698242
2024-12-16,6074.080078125,20173.890625,14.6899995803833,597.7352905273438,85.90347290039062,231.14657592773438,48.56407928466797,37.13288879394531
2024-12-17,6050.60986328125,20109.060546875,15.869999885559082,595.2726440429688,86.11247253417969,228.50033569335938,48.22034454345703,36.978607177734375
2024-12-18,5872.16015625,19392.689453125,27.6200008392334,577.5314331054688,85.03572082519531,218.3841094970703,46.77668762207031,36.10597229003906
2024-12-19,5867.080078125,19372.76953125,24.09000015258789,577.35400390625,83.7481689453125,217.4149932861328,46.943634033203125,36.269893646240234
2024-12-20,5930.85009765625,19572.599609375,18.360000610351562,584.2886962890625,84.22502899169922,219.4521026611328,47.64092254638672,36.84843826293945
2024-12-23,5974.06982421875,19764.880859375,16.780000686645508,587.78759765625,83.4524917602539,218.94776916503906,47.75532150268555,36.973854064941406
2024-12-24,6040.0400390625,20031.130859375,14.270000457763672,594.3207397460938,83.80538177490234,220.90574645996094,48.317501068115234,37.17802429199219
2024-12-26,6037.58984375,20020.359375,14.729999542236328,594.3604125976562,83.7576904296875,223.17025756835938,48.435855865478516,37.09052658081055
2024-12-27,5970.83984375,19722.029296875,15.949999809265137,588.103759765625,83.07098388671875,219.91685485839844,48.08079528808594,36.983577728271484
2024-12-30,5906.93994140625,19486.7890625,17.399999618530273,581.392578125,83.73861694335938,218.2258758544922,47.617244720458984,36.82801818847656
2024-12-31,5881.6298828125,19310.7890625,17.350000381469727,579.2774047851562,83.29035949707031,218.5027618408203,47.66656494140625,36.79399108886719
2025-01-02,5868.5498046875,19280.7890625,17.93000030517578,577.8541870117188,83.5192642211914,218.68077087402344,47.5482063293457,37.07593536376953
2025-01-03,5942.47021484375,19621.6796875,16.1299991607666,585.079345703125,83.25221252441406,221.9341583251953,47.92299270629883,37.46969223022461
2025-01-06,5975.3798828125,19864.98046875,16.040000915527344,588.44970703125,82.8802490234375,222.02317810058594,47.775047302246094,37.051631927490234
2025-01-07,5909.02978515625,19489.6796875,17.81999969482422,581.7978515625,81.9455795288086,220.24317932128906,47.66656494140625,36.95927429199219
2025-01-08,5918.25,19478.880859375,17.700000762939453,582.6478881835938,82.05049133300781,219.24444580078125,47.824371337890625,36.94955062866211
2025-01-10,5827.0400390625,19161.630859375,19.540000915527344,573.7522583007812,81.5068588256836,214.418701171875,46.6704216003418,36.74052047729492
2025-01-13,5836.22021484375,19088.099609375,19.190000534057617,574.6419067382812,81.47824096679688,214.8340301513672,47.00575637817383,36.31273651123047
2025-01-14,5842.91015625,19044.390625,18.709999084472656,575.4325561523438,81.3447265625,217.27655029296875,47.5876579284668,36.78913116455078
2025-01-15,5949.91015625,19511.23046875,16.1200008392334,585.8997192382812,82.74673461914062,221.5485076904297,48.80077362060547,37.32872009277344
2025-01-16,5937.33984375,19338.2890625,16.600000381469727,584.77294921875,83.0137939453125,221.99349975585938,49.12624740600586,38.27178192138672
2025-01-17,5996.66015625,19630.19921875,15.970000267028809,590.64404296875,83.15685272216797,222.95274353027344,49.54048156738281,38.32524871826172
2025-01-21,6049.240234375,19756.779296875,15.0600004196167,596.0504150390625,83.9007568359375,227.23455810546875,49.954715728759766,38.913455963134766
2025-01-22,6086.3701171875,20009.33984375,15.100000381469727,599.401123046875,83.46202850341797,225.75123596191406,49.71800994873047,38.072471618652344
2025-01-23,6118.7099609375,20053.6796875,15.020000457763672,602.6727294921875,82.8134994506836,226.77969360351562,50.0040283203125,38.25233459472656
2025-01-24,6101.240234375,19954.30078125,14.850000381469727,600.9132690429688,83.1854476928711,226.1468048095703,50.1519660949707,38.6412239074707
2025-01-27,6012.27978515625,19341.830078125,17.899999618530273,592.4132080078125,84.16779327392578,223.9811553955078,50.70427703857422,37.74677658081055
2025-01-28,6067.7001953125,19733.58984375,16.40999984741211,597.5034790039062,84.11058044433594,224.22837829589844,50.615516662597656,37.22663879394531
2025-01-29,6039.31005859375,19632.3203125,16.559999465942383,594.8248901367188,83.93890380859375,223.7141571044922,50.57606506347656,37.30440902709961
2025-01-30,6071.169921875,19681.75,15.84000015258789,598.017333984375,84.25363159179688,225.9885711669922,51.05934143066406,38.08219528198242
2025-01-31,6040.52978515625,19627.439453125,16.43000030517578,594.834716796875,83.70047760009766,223.9613800048828,50.76345443725586,37.85858154296875
2025-02-03,5994.56982421875,19391.9609375,18.6200008392334,590.8317260742188,84.38196563720703,221.34085083007812,50.55633544921875,38.06275177001953
2025-02-04,6037.8798828125,19654.01953125,17.209999084472656,594.795166015625,84.64038848876953,224.40635681152344,50.437984466552734,37.72733688354492
2025-02-05,6061.47998046875,19692.330078125,15.770000457763672,597.2068481445312,86.03782653808594,226.84890747070312,50.970577239990234,38.10649871826172
2025-02-06,6083.56982421875,19791.990234375,15.5,599.2825927734375,85.99952697753906,226.10723876953125,51.39467239379883,38.06275177001953
2025-02-07,6025.990234375,19523.400390625,16.540000915527344,593.7969970703125,85.44439697265625,223.48670959472656,51.10865020751953,37.98497009277344
2025-02-10,6066.43994140625,19714.26953125,15.8100004196167,597.82958984375,85.18596649169922,224.49537658691406,50.70427703857422,38.398170471191406
2025-02-11,6068.5,19643.859375,16.020000457763672,598.2843017578125,84.64038848876953,223.19004821777344,50.83250045776367,38.592613220214844
2025-02-12,6051.97021484375,19649.94921875,15.890000343322754,596.3568115234375,83.49181365966797,221.13316345214844,50.65496826171875,38.52456283569336
2025-02-13,6115.06982421875,19945.640625,15.100000381469727,602.6528930664062,84.87968444824219,223.62515258789062,50.99030685424805,38.612060546875
2025-02-14,6114.6298828125,20026.76953125,14.770000457763672,602.623291015625,85.32952880859375,223.45706176757812,51.088924407958984,38.45164108276367
2025-02-18,6129.580078125,20041.259765625,15.350000381469727,604.3924560546875,84.32452392578125,224.68325805664062,51.4538459777832,38.811370849609375
2025-02-19,6144.14990234375,20056.25,15.270000457763672,605.8158569335938,84.42982482910156,223.9119415283203,51.47357177734375,39.01553726196289
2025-02-20,6117.52001953125,19962.359375,15.65999984741211,603.2953491210938,84.74568176269531,221.7660675048828,50.68455505371094,39.01067352294922
2025-02-21,6013.1298828125,19524.009765625,18.209999084472656,592.9765625,85.76982116699219,215.37791442871094,50.053340911865234,39.0203971862793
2025-02-24,5983.25,19286.9296875,18.979999542236328,590.2783203125,86.01869201660156,213.8253631591797,50.270320892333984,38.825950622558594
2025-02-25,5955.25,19026.390625,19.43000030517578,587.3427124023438,87.50225067138672,213.0144805908203,50.26045227050781,38.631507873535156
2025-02-26,5956.06005859375,19075.259765625,19.100000381469727,587.6392211914062,88.01910400390625,213.28147888183594,50.1519660949707,38.79192352294922
2025-02-27,5861.56982421875,18544.419921875,21.1299991607666,578.2593994140625,87.39697265625,210.028076171875,50.42812728881836,37.93149948120117
2025-02-28,5954.5,18847.279296875,19.6299991607666,587.283447265625,88.46896362304688,212.26292419433594,51.46371078491211,38.50997543334961
2025-03-03,5849.72021484375,18350.189453125,22.780000686645508,576.9942626953125,88.88185119628906,206.45822143554688,51.029754638671875,38.563453674316406
2025-03-04,5778.14990234375,18285.16015625,23.510000228881836,570.1644897460938,87.78726196289062,204.1244659423828,49.23473358154297,37.93635940551758
2025-03-05,5842.6298828125,18552.73046875,21.93000030517578,576.29248046875,87.08634185791016,206.15167236328125,49.520755767822266,37.66899871826172
2025-03-06,5738.52001953125,18069.259765625,24.8700008392334,566.0625610351562,86.79830169677734,202.9971466064453,48.7021484375,36.8863525390625
2025-03-07,5770.2001953125,18196.220703125,23.3700008392334,569.2353515625,86.51984405517578,203.65968322753906,48.44571304321289,37.571773529052734
2025-03-10,5614.56005859375,17468.3203125,27.860000610351562,554.0734252929688,87.42240905761719,198.53729248046875,47.360816955566406,37.98497009277344
2025-03-11,5572.06982421875,17436.099609375,26.920000076293945,549.467529296875,86.79830169677734,198.5175018310547,46.95644760131836,37.63011169433594
2025-03-12,5599.2998046875,17648.44921875,24.229999542236328,552.38330078125,86.2798080444336,198.86361694335938,47.02548599243164,37.51344299316406
2025-03-13,5521.52001953125,17303.009765625,24.65999984741211,545.0196533203125,87.03834533691406,195.89698791503906,46.76905059814453,37.605804443359375
2025-03-14,5638.93994140625,17754.08984375,21.770000457763672,556.2775268554688,86.57746124267578,200.6337127685547,47.85395431518555,38.339839935302734
2025-03-17,5675.1201171875,17808.66015625,20.510000228881836,560.5671997070312,87.00953674316406,203.1652374267578,48.4161262512207,38.50025177001953
2025-03-18,5614.66015625,17504.119140625,21.700000762939453,554.50830078125,87.09593963623047,201.40110778808594,48.35694885253906,38.232887268066406
2025-03-19,5675.2900390625,17750.7890625,19.899999618530273,560.5474243164062,87.54722595214844,204.532958984375,48.88954162597656,38.373863220214844
2025-03-20,5662.89013671875,17691.630859375,19.799999237060547,558.9264526367188,87.60482788085938,203.234619140625,48.95857620239258,38.529422760009766
2025-03-21,5667.56005859375,17784.05078125,19.280000686645508,559.11083984375,87.08634185791016,201.97592163085938,48.78104782104492,38.2815055847168
2025-03-24,5767.56982421875,18188.58984375,17.479999542236328,569.1236572265625,86.19339752197266,207.00079345703125,49.6412353515625,38.26926040649414
2025-03-25,5776.64990234375,18271.859375,17.149999618530273,570.49169921875,86.18379211425781,205.8511199951172,49.91839599609375,37.65730667114258
2025-03-26,5712.2001953125,17899.01953125,18.329999923706055,563.6810913085938,85.61729431152344,203.75990295410156,49.76991271972656,37.906986236572266
2025-03-27,5693.31005859375,17804.029296875,18.690000534057617,562.18408203125,85.36766815185547,202.78863525390625,49.67092514038086,37.897193908691406
2025-03-28,5580.93994140625,17322.990234375,21.649999618530273,550.8626708984375,86.54865264892578,198.66563415527344,48.71076965332031,38.17625045776367
2025-03-31,5611.85009765625,17299.2890625,22.280000686645508,554.5604858398438,87.40318298339844,197.71420288085938,49.304683685302734,38.60216522216797
2025-04-01,5633.06982421875,17449.890625,21.770000457763672,556.1268310546875,88.16059112548828,197.73402404785156,49.24528884887695,38.70008087158203
2025-04-02,5670.97021484375,17601.05078125,21.510000228881836,559.646240234375,88.10277557373047,200.85598754882812,49.65113067626953,38.88121795654297
2025-04-03,5396.52001953125,16550.609375,30.020000457763672,532.06640625,88.50749206542969,187.9617919921875,47.2061882019043,38.636436462402344
2025-04-04,5074.080078125,15587.7900390625,45.310001373291016,500.9176330566406,89.47109985351562,179.5771026611328,43.75159454345703,36.487247467041016
2025-04-07,5062.25,15603.259765625,46.97999954223633,500.025390625,86.77301025390625,177.9517059326172,43.6427116394043,35.929141998291016
2025-04-08,4982.77001953125,15267.91015625,52.33000183105469,492.1936340332031,85.13487243652344,173.26380920410156,43.474430084228516,35.78227233886719
2025-04-09,5456.89990234375,17124.970703125,33.619998931884766,543.8834838867188,85.63594055175781,187.9915313720703,46.750858306884766,37.192222595214844
2025-04-10,5268.0498046875,16387.310546875,40.720001220703125,520.0509643554688,83.27510070800781,180.0924835205078,45.44424819946289,36.913169860839844
2025-04-11,5363.35986328125,16724.4609375,37.560001373291016,529.3301391601562,83.72799682617188,182.71888732910156,46.196533203125,37.36356735229492
2025-04-14,5405.97021484375,16831.48046875,30.889999389648438,534.4654541015625,84.32543182373047,184.86956787109375,46.67166519165039,38.03427505493164
2025-04-15,5396.6298828125,16823.169921875,30.1200008392334,532.968505859375,84.6241455078125,185.09751892089844,46.79045104980469,38.02937698364258
2025-04-16,5275.7001953125,16307.16015625,32.63999938964844,521.1216430664062,85.0963134765625,183.32345581054688,46.057952880859375,37.686683654785156
2025-04-17,5282.7001953125,16286.4501953125,29.649999618530273,521.8651733398438,84.3447036743164,184.82000732421875,46.17673873901367,38.07343673706055
2025-04-21,5158.2001953125,15870.900390625,33.81999969482422,509.4433898925781,82.87036895751953,181.11331176757812,45.186885833740234,37.172637939453125
2025-04-22,5287.759765625,16300.419921875,30.56999969482422,522.6979370117188,83.33292388916016,185.80120849609375,46.68156433105469,38.186038970947266
2025-04-23,5375.85986328125,16708.05078125,28.450000762939453,530.79736328125,84.14234161376953,188.55645751953125,47.23588562011719,38.34759521484375
2025-04-24,5484.77001953125,17166.0390625,26.469999313354492,541.9701538085938,85.02886199951172,192.33253479003906,47.76050567626953,38.406341552734375
2025-04-25,5525.2099609375,17382.939453125,24.84000015258789,545.8860473632812,85.65520477294922,192.39199829101562,47.532840728759766,38.28884506225586
2025-04-28,5528.75,17366.130859375,25.149999618530273,546.09423828125,86.19482421875,193.2047119140625,47.68131637573242,38.523834228515625
2025-04-29,5560.830078125,17461.3203125,24.170000076293945,549.5342407226562,86.91754913330078,194.34446716308594,48.17624282836914,38.822471618652344
2025-04-30,5569.06005859375,17446.33984375,24.700000762939453,549.7523193359375,86.21410369873047,193.1254119873047,48.26533126831055,38.626644134521484
2025-05-01,5604.14013671875,17710.740234375,24.600000381469727,553.6483764648438,85.7769546508789,194.32464599609375,48.25543975830078,38.7392463684082
2025-05-02,5686.669921875,17977.73046875,22.68000030517578,561.8668212890625,84.8484878540039,198.6953887939453,49.25518798828125,39.04277038574219
2025-05-05,5650.3798828125,17844.240234375,23.639999389648438,558.6448364257812,84.37458038330078,197.16909790039062,48.93843460083008,38.94486618041992
2025-05-06,5606.91015625,17689.66015625,24.760000228881836,553.9755859375,84.6550521850586,195.01841735839844,48.66127395629883,39.41973876953125
2025-05-07,5631.27978515625,17738.16015625,23.549999237060547,556.3052978515625,85.01289367675781,195.66262817382812,48.94833755493164,39.5323371887207
2025-05-08,5663.93994140625,17928.140625,22.479999542236328,560.1815795898438,84.06509399414062,199.38916015625,49.35417556762695,39.2141227722168
2025-05-09,5659.91015625,17928.919921875,21.899999618530273,559.4677124023438,84.1908187866211,199.02244567871094,49.35417556762695,39.28266143798828
2025-05-12,5844.18994140625,18708.33984375,18.389999389648438,577.9567260742188,83.40741729736328,206.0196075439453,50.35393142700195,39.047672271728516
2025-05-13,5886.5498046875,19010.08984375,18.219999313354492,581.7734985351562,83.06890869140625,206.77284240722656,50.561798095703125,38.99381637573242
2025-05-14,5892.580078125,19146.810546875,18.6200008392334,582.5170288085938,82.51763916015625,204.93931579589844,50.4232177734375,38.822471618652344
2025-05-15,5916.93017578125,19112.3203125,17.829999923706055,585.3622436523438,83.24300384521484,206.2772979736328,50.759769439697266,39.64983367919922
2025-05-16,5958.3798828125,19211.099609375,17.239999771118164,589.0698852539062,83.46543884277344,207.98199462890625,51.06662368774414,40.232418060302734
2025-05-19,5963.60009765625,19215.4609375,18.139999389648438,589.7142944335938,83.22367095947266,207.1098175048828,51.096317291259766,40.40376281738281
2025-05-20,5940.4599609375,19142.7109375,18.09000015258789,587.7315673828125,82.6240234375,207.2188262939453,50.81916046142578,40.52125549316406
2025-05-21,5844.60986328125,18872.640625,20.8700008392334,577.8278198242188,81.21198272705078,201.40110778808594,49.77981185913086,39.78201675415039
2025-05-22,5842.009765625,18925.740234375,20.280000686645508,578.055908203125,81.63753509521484,201.3911895751953,49.720420837402344,39.2141227722168
2025-05-23,5802.81982421875,18737.2109375,22.290000915527344,574.1101684570312,81.77293395996094,200.7568817138672,49.5422477722168,39.68410110473633
2025-05-27,5921.5400390625,19199.16015625,18.959999084472656,586.0463256835938,82.91419219970703,205.8511199951172,50.4133186340332,39.98273849487305
2025-05-28,5888.5498046875,19100.939453125,19.309999465942383,582.6558227539062,82.55632781982422,203.68060302734375,50.07676696777344,39.42463302612305
2025-05-29,5912.169921875,19175.869140625,19.18000030517578,584.9557495117188,83.32037353515625,204.28518676757812,50.33413314819336,39.698787689208984
2025-05-30,5911.68994140625,19113.76953125,18.56999969482422,584.301513671875,83.44610595703125,203.24453735351562,50.443016052246094,40.10512924194336
2025-06-02,5935.93994140625,19242.609375,18.360000610351562,587.5928344726562,82.66950225830078,203.87884521484375,50.46281051635742,40.232418060302734
2025-06-03,5970.3701171875,19398.9609375,17.690000534057617,590.943603515625,82.52389526367188,207.16928100585938,50.561798095703125,40.34012222290039
2025-06-04,5970.81005859375,19460.490234375,17.610000610351562,590.7850341796875,83.863525390625,206.58453369140625,50.27473831176758,39.63514709472656
2025-06-05,5939.2998046875,19298.44921875,18.479999542236328,587.9298706054688,83.92176818847656,206.67373657226562,50.136165618896484,39.57150650024414
2025-06-06,6000.35986328125,19529.94921875,16.770000457763672,593.96728515625,82.85395050048828,210.0137176513672,50.759769439697266,39.747745513916016
2025-06-09,6005.8798828125,19591.240234375,17.15999984741211,594.5026245117188,82.94132232666016,211.46075439453125,50.482608795166016,39.4931755065918
2025-06-10,6038.81005859375,19714.990234375,16.950000762939453,597.873291015625,83.36845397949219,212.60049438476562,50.5420036315918,39.5861930847168
2025-06-11,6022.240234375,19615.880859375,17.260000228881836,596.1681518554688,83.62084197998047,211.7283477783203,50.482608795166016,39.61067199707031
2025-06-12,6045.259765625,19662.490234375,18.020000457763672,598.5374755859375,84.62071990966797,210.88589477539062,50.482608795166016,40.0904426574707
2025-06-13,5976.97021484375,19406.830078125,20.81999969482422,591.845703125,83.8052978515625,207.030517578125,49.45315933227539,39.86034393310547
2025-06-16,6033.10986328125,19701.2109375,19.110000610351562,597.4767456054688,82.96072387695312,209.47140502929688,50.01737594604492,39.664520263671875
2025-06-17,5982.72021484375,19521.08984375,21.600000381469727,592.3712158203125,83.97030639648438,207.26507568359375,49.730323791503906,39.33651351928711
2025-06-18,5980.8701171875,19546.26953125,20.139999389648438,592.281982421875,84.11592102050781,208.35829162597656,49.71052551269531,39.43932342529297
2025-06-20,5967.83984375,19447.41015625,20.6200008392334,590.8909912109375,83.9605941772461,207.9210205078125,49.84910202026367,39.547027587890625
2025-06-23,6025.169921875,19630.970703125,19.829999923706055,596.7274780273438,84.23241424560547,210.46524047851562,50.476837158203125,40.048370361328125
2025-06-24,6092.18017578125,19912.529296875,17.479999542236328,603.3196411132812,84.843994140625,213.1486053466797,51.23170471191406,40.22090530395508
2025-06-25,6092.16015625,19973.55078125,16.760000228881836,603.65771484375,84.95077514648438,210.66400146484375,51.06285095214844,39.68357467651367
2025-06-26,6141.02001953125,20167.91015625,16.59000015258789,608.380615234375,85.37789916992188,214.08282470703125,51.440284729003906,40.013858795166016
2025-06-27,6173.06982421875,20273.4609375,16.31999969482422,611.4032592773438,84.83428955078125,214.15237426757812,51.589271545410156,40.09273910522461
2025-06-30,6204.9501953125,20369.73046875,16.729999542236328,614.3264770507812,85.66912841796875,214.46044921875,52.01636505126953,40.25541687011719
2025-07-01,6198.009765625,20202.890625,16.829999923706055,614.127685546875,85.88154602050781,216.66677856445312,52.304412841796875,40.3934440612793
2025-07-02,6227.419921875,20393.130859375,16.639999389648438,616.9117431640625,85.33590698242188,219.66818237304688,52.264678955078125,40.04343795776367
2025-07-03,6279.35009765625,20601.099609375,16.3799991607666,621.7738647460938,84.74153137207031,221.70555114746094,52.83082962036133,40.344146728515625
2025-07-07,6229.97998046875,20412.51953125,17.790000915527344,617.1403198242188,83.93279266357422,218.3761749267578,52.32427215576172,40.42795181274414
2025-07-08,6225.52001953125,20418.4609375,16.809999465942383,616.8023681640625,83.82561492919922,219.88682556152344,51.857444763183594,39.99907302856445
2025-07-09,6263.259765625,20611.33984375,15.9399995803833,620.5010986328125,84.70255279541016,222.27203369140625,52.046165466308594,40.37372589111328
2025-07-10,6280.4599609375,20630.66015625,15.779999732971191,622.2510375976562,84.7610092163086,223.4149627685547,52.35407257080078,40.704010009765625
2025-07-11,6259.75,20585.529296875,16.399999618530273,620.0636596679688,83.59176635742188,220.33404541015625,51.80778503417969,40.64485168457031
2025-07-14,6268.56005859375,20640.330078125,17.200000762939453,621.246826171875,83.4163818359375,221.81488037109375,52.195152282714844,40.807533264160156
2025-07-15,6243.759765625,20677.80078125,17.3799991607666,618.592041015625,82.83174896240234,217.47181701660156,51.301231384277344,40.4180908203125
2025-07-16,6263.7001953125,20730.490234375,17.15999984741211,620.66015625,82.94866180419922,219.6582489013672,51.65879821777344,40.437808990478516
2025-07-17,6297.35986328125,20885.650390625,16.520000457763672,624.4583740234375,82.9291763305664,222.54037475585938,52.15542221069336,40.60541915893555
2025-07-18,6296.7900390625,20895.650390625,16.40999984741211,624.0010375976562,83.05585479736328,220.96017456054688,52.185218811035156,41.285709381103516
2025-07-21,6305.60009765625,20974.1796875,16.649999618530273,625.1842651367188,83.79637908935547,220.06570434570312,52.036231994628906,41.41880416870117
2025-07-22,6309.6201171875,20892.689453125,16.5,625.2737426757812,84.30306243896484,221.89437866210938,52.32427215576172,41.92656326293945
2025-07-23,6358.91015625,21020.01953125,15.369999885559082,630.5932006835938,83.83536529541016,225.28335571289062,52.74143600463867,41.61106872558594
2025-07-24,6363.35009765625,21057.9609375,15.390000343322754,630.802001953125,83.68919372558594,222.17266845703125,52.711639404296875,41.55683898925781
2025-07-25,6388.64013671875,21108.3203125,14.930000305175781,633.4667358398438,84.21537017822266,222.99754333496094,53.079139709472656,41.665287017822266
2025-07-28,6389.77001953125,21178.580078125,15.029999732971191,633.3076782226562,83.66972351074219,222.7391357421875,52.711639404296875,41.22162628173828
2025-07-29,6370.85986328125,21098.2890625,15.979999542236328,631.6372680664062,85.08256530761719,221.31796264648438,52.44346618652344,41.69486999511719
2025-07-30,6362.89990234375,21129.669921875,15.479999542236328,630.841796875,84.64409637451172,220.19491577148438,52.344139099121094,42.00543212890625
2025-07-31,6339.39013671875,21122.44921875,16.719999313354492,628.475341796875,84.69280242919922,218.0382843017578,52.01636505126953,42.23219680786133
2025-08-01,6238.009765625,20650.130859375,20.3799991607666,618.1743774414062,85.8968505859375,213.5958251953125,51.052921295166016,42.29628372192383
2025-08-04,6329.93994140625,21053.580078125,17.520000457763672,627.570556640625,86.13159942626953,218.3761749267578,51.559471130371094,43.04558563232422
2025-08-05,6299.18994140625,20916.55078125,17.850000381469727,624.3887939453125,86.39568328857422,219.48928833007812,51.35089111328125,42.58713150024414
2025-08-06,6345.06005859375,21169.419921875,16.770000457763672,629.17138671875,85.8968505859375,219.20108032226562,51.599205017089844,42.207550048828125
2025-08-07,6340.0,21242.69921875,16.56999969482422,628.6444091796875,85.75012969970703,218.48550415039062,51.02311706542969,42.66600799560547
2025-08-08,6389.4501953125,21450.01953125,15.149999618530273,633.5462646484375,85.37846374511719,218.96255493164062,51.4998779296875,42.48360824584961
2025-08-11,6373.4501953125,21385.400390625,16.25,632.29345703125,85.47628021240234,218.91287231445312,51.48001480102539,42.35050964355469
2025-08-12,6445.759765625,21681.900390625,14.729999542236328,639.0248413085938,85.0458984375,225.41256713867188,52.10575866699219,42.53290557861328
2025-08-13,6466.580078125,21713.140625,14.489999771118164,641.2123413085938,85.75012969970703,229.79541015625,52.40373229980469,42.62656784057617
2025-08-14,6468.5400390625,21710.669921875,14.829999923706055,641.27197265625,85.11436462402344,226.83375549316406,52.65204620361328,42.33079147338867
2025-08-15,6449.7998046875,21622.98046875,15.09000015258789,639.7705688476562,84.50794982910156,225.73060607910156,52.10575866699219,42.207550048828125
2025-08-18,6449.14990234375,21629.76953125,14.989999771118164,639.6314086914062,84.26342010498047,226.5554962158203,52.14549255371094,42.025150299072266
2025-08-19,6411.3701171875,21314.94921875,15.569999694824219,636.1612548828125,84.75247192382812,224.81626892089844,52.24481201171875,42.4343147277832
2025-08-20,6395.77978515625,21172.859375,15.6899995803833,634.470947265625,84.93830871582031,224.0211944580078,52.51299285888672,42.47867965698242
2025-08-21,6370.169921875,21100.310546875,16.600000381469727,631.9255981445312,84.51773071289062,224.5777587890625,52.344139099121094,42.18783187866211
2025-08-22,6466.91015625,21496.5390625,14.220000267028809,641.6299438476562,85.14372253417969,233.38316345214844,53.20826721191406,42.41459655761719
2025-08-25,6439.31982421875,21449.2890625,14.789999961853027,638.8060913085938,84.8991928100586,230.92837524414062,52.90035629272461,41.93642044067383
2025-08-26,6465.93994140625,21544.26953125,14.619999885559082,641.4807739257812,84.85028839111328,232.83653259277344,53.307586669921875,42.030086517333984
2025-08-27,6481.39990234375,21590.140625,14.850000381469727,642.9423828125,84.75247192382812,234.486328125,53.416847229003906,42.039939880371094
2025-08-28,6501.85986328125,21705.16015625,14.430000305175781,645.2192993164062,85.30998992919922,234.7646026611328,53.48637390136719,41.71951675415039
2025-08-29,6460.259765625,21455.55078125,15.359999656677246,641.3713989257812,84.70355987548828,233.7210693359375,53.625431060791016,41.56669616699219
2025-09-02,6415.5400390625,21279.630859375,17.170000076293945,636.6187133789062,84.07323455810547,232.45889282226562,53.228126525878906,41.42866897583008
2025-09-03,6448.259765625,21497.73046875,16.350000381469727,640.06884765625,84.99614715576172,232.2303009033203,53.13874053955078,41.32514572143555
2025-09-04,6502.080078125,21707.689453125,15.300000190734863,645.418212890625,85.64414978027344,235.13230895996094,53.6949577331543,41.275848388671875
2025-09-05,6481.5,21700.390625,15.180000305175781,643.5488891601562,86.9499740600586,236.3050537109375,52.711639404296875,41.14767837524414
2025-09-08,6495.14990234375,21798.69921875,15.109999656677246,645.1298828125,88.1085205078125,236.78208923339844,52.751373291015625,40.728660583496094
2025-09-09,6512.60986328125,21879.490234375,15.039999961853027,646.6212768554688,87.60779571533203,235.39073181152344,52.979820251464844,41.00965118408203
2025-09-10,6532.0400390625,21886.060546875,15.350000381469727,648.4905395507812,88.1085205078125,234.97329711914062,52.80103302001953,41.71458435058594
2025-09-11,6587.47021484375,22043.0703125,14.710000038146973,653.8796997070312,88.6976089477539,239.31637573242188,53.665157318115234,41.93642044067383
2025-09-12,6584.2900390625,22141.099609375,14.760000228881836,653.6608276367188,88.31470489501953,236.87152099609375,53.436710357666016,42.14839172363281
2025-09-15,6615.27978515625,22348.75,15.6899995803833,657.1409301757812,88.52088928222656,237.8753204345703,53.31752014160156,42.246986389160156
2025-09-16,6606.759765625,22333.9609375,16.360000610351562,656.2361450195312,88.70742797851562,237.48361206054688,53.198333740234375,41.477962493896484
2025-09-17,6600.35009765625,22261.330078125,15.720000267028809,655.4208374023438,88.48161315917969,238.09158325195312,53.714820861816406,41.581485748291016
2025-09-18,6631.9599609375,22470.720703125,15.699999809265137,658.4832153320312,87.56851196289062,244.0216827392578,53.76448440551758,41.61106872558594
2025-09-19,6664.35986328125,22631.48046875,15.449999809265137,661.74462890625,87.40160369873047,242.16790771484375,53.88367462158203,41.877262115478516
2025-09-22,6693.75,22788.98046875,16.100000381469727,664.8753662109375,87.0874252319336,243.5731964111328,53.81192398071289,42.28322219848633
2025-09-23,6656.919921875,22573.470703125,16.639999389648438,661.256103515625,87.69615173339844,243.0250244140625,53.572757720947266,42.5015869140625
2025-09-24,6637.97021484375,22497.859375,16.18000030517578,659.1522216796875,87.36234283447266,240.7925262451172,53.423282623291016,42.804317474365234
2025-09-25,6604.72021484375,22384.69921875,16.739999771118164,656.1112670898438,87.36234283447266,238.490234375,53.28377151489258,42.39240264892578
2025-09-26,6643.7001953125,22484.0703125,15.289999961853027,659.8701782226562,87.2837905883789,240.53338623046875,53.67241287231445,43.08223342895508
2025-09-29,6661.2099609375,22591.150390625,16.1200008392334,661.7246704101562,88.0005111694336,240.8124542236328,53.941471099853516,43.20630645751953
2025-09-30,6688.4599609375,22660.009765625,16.280000686645508,664.21728515625,87.74525451660156,241.1513214111328,53.682376861572266,43.2807502746582
2025-10-01,6711.2001953125,22755.16015625,16.290000915527344,666.4806518554688,87.97185516357422,241.67955017089844,53.20404815673828,43.697628021240234
2025-10-02,6715.35009765625,22844.05078125,16.6299991607666,667.248291015625,88.22801971435547,243.20443725585938,53.164188385009766,43.618221282958984
2025-10-03,6715.7900390625,22780.509765625,16.649999618530273,667.2384033203125,88.0605239868164,245.00839233398438,53.532901763916016,44.12443161010742
2025-10-06,6740.27978515625,22941.669921875,16.3700008392334,669.6312866210938,87.36100006103516,245.985107421875,53.512969970703125,44.55122756958008
2025-10-07,6714.58984375,22788.359375,17.239999771118164,667.1486206054688,87.86347198486328,243.34396362304688,53.582725524902344,44.75470733642578
2025-10-08,6753.72021484375,23043.380859375,16.299999237060547,671.1268920898438,87.93244171142578,245.89541625976562,53.323631286621094,45.06240463256836
2025-10-09,6735.10986328125,23024.630859375,16.43000030517578,669.1826171875,87.86347198486328,244.31072998046875,53.13429260253906,44.94825744628906
2025-10-10,6552.509765625,22204.4296875,21.65999984741211,651.0960693359375,89.28221893310547,236.99525451660156,51.97833251953125,44.76462936401367
2025-10-13,6654.72021484375,22694.609375,19.030000686645508,661.0865478515625,89.23294830322266,243.5931396484375,52.476593017578125,45.1070671081543
2025-10-14,6644.31005859375,22521.69921875,20.809999465942383,660.2789306640625,89.5186767578125,247.0714569091797,53.05457305908203,45.50905227661133
2025-10-15,6671.06005859375,22670.080078125,20.639999389648438,663.2102661132812,89.3216323852539,249.49334716796875,53.05457305908203,46.10459518432617
2025-10-16,6629.06982421875,22562.5390625,25.309999465942383,658.6936645507812,89.99158477783203,244.24095153808594,51.5797233581543,45.60334777832031
2025-10-17,6664.009765625,22679.970703125,20.780000686645508,662.4326171875,89.85365295410156,242.5964813232422,51.99826431274414,45.44453811645508
2025-10-20,6735.1298828125,22990.5390625,18.229999542236328,669.3222045898438,90.198486328125,247.33059692382812,52.60614013671875,45.429649353027344
2025-10-21,6735.35009765625,22953.669921875,17.8700008392334,669.3121948242188,90.641845703125,246.16452026367188,52.546348571777344,44.968109130859375
2025-10-22,6699.39990234375,22740.400390625,18.600000381469727,665.83251953125,90.7009506225586,242.52670288085938,52.24739456176758,44.863887786865234
2025-10-23,6738.43994140625,22941.80078125,17.299999237060547,669.7808837890625,90.08026885986328,245.59640502929688,52.35700988769531,44.82915115356445
2025-10-24,6791.68994140625,23204.869140625,16.3700008392334,675.2546997070312,90.11967468261719,248.59634399414062,52.925025939941406,45.35520553588867
2025-10-27,6875.16015625,23637.4609375,15.789999961853027,683.2211303710938,90.42508697509766,249.46343994140625,53.14426040649414,45.479278564453125
2025-10-28,6890.89013671875,23827.490234375,16.420000076293945,685.0357666015625,90.66154479980469,248.1279296875,52.805442810058594,44.72989273071289
2025-10-29,6890.58984375,23958.470703125,16.920000076293945,685.3648071289062,89.74526977539062,246.01499938964844,51.90857696533203,44.715003967285156
2025-10-30,6822.33984375,23581.140625,16.90999984741211,677.8270874023438,89.22310638427734,244.0316619873047,52.04808807373047,44.52641677856445
2025-10-31,6840.2001953125,23724.9609375,17.440000534057617,680.050537109375,88.95708465576172,245.40704345703125,52.187599182128906,44.218719482421875
2025-11-03,6851.97021484375,23834.720703125,17.170000076293945,681.3267822265625,88.73461151123047,244.61968994140625,51.96836853027344,44.24353790283203
2025-11-04,6771.5498046875,23348.640625,19.0,673.2506103515625,88.932373046875,240.39385986328125,52.2374267578125,44.0847282409668
2025-11-05,6796.2900390625,23499.80078125,18.010000228881836,675.583740234375,87.96334838867188,243.86221313476562,52.41679763793945,44.09465026855469
2025-11-06,6720.31982421875,23053.990234375,19.5,668.3351440429688,88.75437927246094,239.5467071533203,52.22746276855469,43.901100158691406
2025-11-07,6728.7998046875,23004.5390625,19.079999923706055,668.9931640625,88.56651306152344,240.802490234375,52.59617233276367,44.51152801513672
2025-11-10,6832.43017578125,23527.169921875,17.600000381469727,679.432373046875,88.54673767089844,243.2144012451172,52.78551483154297,44.49664306640625
2025-11-11,6846.60986328125,23468.30078125,17.280000686645508,680.9877319335938,88.9521484375,243.4237060546875,53.02467346191406,44.521453857421875
2025-11-12,6850.919921875,23406.4609375,17.510000228881836,681.3666381835938,89.11035919189453,242.82569885253906,53.483070373535156,44.62567138671875
2025-11-13,6737.490234375,22870.359375,20.0,670.0599975585938,88.3786392211914,235.99859619140625,52.795475006103516,44.010284423828125
2025-11-14,6734.10986328125,22900.58984375,19.829999923706055,669.9503784179688,87.87435913085938,236.68629455566406,52.2673225402832,44.04998779296875
2025-11-17,6672.41015625,22708.0703125,22.3799991607666,663.7088012695312,88.09188842773438,231.9820556640625,51.27080535888672,44.4470100402832
2025-11-18,6617.31982421875,22432.849609375,24.690000534057617,658.1353149414062,88.06222534179688,232.689697265625,51.19108200073242,44.27827453613281
2025-11-19,6642.16015625,22564.23046875,23.65999984741211,660.6777954101562,87.88424682617188,232.6498260498047,51.38042449951172,43.906063079833984
2025-11-20,6538.759765625,22078.05078125,26.420000076293945,650.6075439453125,88.23033142089844,228.34426879882812,50.93199157714844,43.682735443115234
2025-11-21,6602.990234375,22273.080078125,23.43000030517578,657.08837890625,88.49729919433594,234.8125762939453,51.49003601074219,43.74725341796875
2025-11-24,6705.1201171875,22872.009765625,20.520000457763672,666.759765625,89.00159454345703,239.0981903076172,51.70927429199219,44.24353790283203
2025-11-25,6765.8798828125,23025.58984375,18.559999465942383,673.03125,89.22901153564453,244.31072998046875,52.35700988769531,44.074798583984375
2025-11-26,6812.60986328125,23214.689453125,17.190000534057617,677.6775512695312,89.62452697753906,246.47348022460938,52.76558303833008,44.6604118347168
2025-11-28,6849.08984375,23365.689453125,16.350000381469727,681.3765869140625,89.19934844970703,247.9186248779297,53.14426040649414,44.978031158447266
2025-12-01,6812.6298828125,23275.919921875,17.239999771118164,678.2658081054688,88.08892822265625,244.79908752441406,52.70579147338867,43.9259147644043
2025-12-02,6829.3701171875,23413.669921875,16.59000015258789,679.5220947265625,88.12861633300781,244.3505859375,52.65596389770508,43.613258361816406
2025-12-03,6849.72021484375,23454.08984375,16.079999923706055,681.8751220703125,88.37670135498047,248.79568481445312,53.36349105834961,43.47429656982422
2025-12-04,6857.1201171875,23505.140625,15.779999732971191,682.3736572265625,87.900390625,250.97837829589844,53.47311019897461,43.38496780395508
2025-12-05,6870.39990234375,23578.130859375,15.40999984741211,683.6697998046875,87.4935302734375,249.931884765625,53.493038177490234,42.9780158996582
2025-12-08,6846.509765625,23545.900390625,16.65999984741211,681.6159057617188,87.20574951171875,250.0315399169922,53.29373550415039,42.4023323059082
2025-12-09,6840.509765625,23576.490234375,16.93000030517578,681.027587890625,87.2950668334961,250.5498046875,53.09443283081055,42.432106018066406
2025-12-10,6886.68017578125,23654.150390625,15.770000457763672,685.5443115234375,87.63245391845703,253.9583740234375,53.702308654785156,42.412254333496094
2025-12-11,6901.0,23593.859375,14.850000381469727,687.1395263671875,87.51338195800781,256.9383544921875,54.67889404296875,42.71995162963867
2025-12-12,6827.41015625,23195.169921875,15.739999771118164,679.7514038085938,86.66989135742188,253.0015869140625,54.75861740112305,42.511512756347656
2025-12-15,6816.509765625,23057.41015625,16.5,678.7244262695312,86.72943878173828,251.08798217773438,54.79847717285156,42.89861297607422
2025-12-16,6800.259765625,23111.4609375,16.479999542236328,676.8699340820312,87.20574951171875,249.89999389648438,54.4496955871582,42.71995162963867
2025-12-17,6721.43017578125,22693.3203125,17.6200008392334,669.4219360351562,87.12637329101562,247.24000549316406,54.43973159790039,42.44203186035156
2025-12-18,6774.759765625,23006.359375,16.8700008392334,674.4769287109375,87.54315185546875,248.7100067138672,54.35004425048828,42.858909606933594
2025-12-19,6834.5,23307.619140625,14.90999984741211,680.5900268554688,87.21640014648438,250.7899932861328,54.64899826049805,42.3129997253418
2025-12-22,6878.490234375,23428.830078125,14.079999923706055,684.8300170898438,87.0271224975586,253.5800018310547,55.31999969482422,42.470001220703125
2025-12-23,6909.7900390625,23561.83984375,14.0,687.9600219726562,87.16658782958984,252.0800018310547,55.43000030517578,42.619998931884766
2025-12-24,6932.0498046875,23613.310546875,13.470000267028809,690.3800048828125,87.69457244873047,252.7100067138672,55.72999954223633,42.810001373291016
2025-12-26,6929.93994140625,23593.099609375,13.600000381469727,690.3099975585938,87.40567016601562,251.4199981689453,55.619998931884766,42.779998779296875
2025-12-29,6905.740234375,23474.349609375,14.199999809265137,687.8499755859375,87.73442077636719,249.8800048828125,55.31999969482422,42.86000061035156
2025-12-30,6896.240234375,23419.080078125,14.329999923706055,687.010009765625,87.52521514892578,248.02999877929688,55.18000030517578,42.959999084472656
2025-12-31,6845.5,23241.990234375,14.949999809265137,681.9199829101562,86.82788848876953,246.16000366210938,54.77000045776367,42.689998626708984
2026-01-02,6858.47021484375,23235.630859375,14.510000228881836,683.1699829101562,86.69837951660156,248.77999877929688,54.93000030517578,43.18000030517578
2026-01-05,6902.0498046875,23395.8203125,14.899999618530273,687.719970703125,87.12673950195312,252.72999572753906,56.130001068115234,42.70000076293945
2026-01-06,6944.81982421875,23547.169921875,14.75,691.8099975585938,86.94742584228516,256.0799865722656,56.400001525878906,42.90999984741211
2026-01-07,6920.93017578125,23584.279296875,15.380000114440918,689.5800170898438,87.45548248291016,255.47999572753906,55.61000061035156,41.869998931884766
2026-01-08,6921.4599609375,23480.01953125,15.449999809265137,689.510009765625,87.01715850830078,258.2699890136719,55.900001525878906,41.9900016784668
2026-01-09,6966.27978515625,23671.349609375,14.489999771118164,694.0700073242188,87.5949478149414,260.2300109863281,55.72999954223633,42.5099983215332
2026-01-12,6977.27001953125,23733.900390625,15.119999885559082,695.1599731445312,87.3359375,261.5,55.290000915527344,42.58000183105469
2026-01-13,6963.740234375,23709.869140625,15.979999542236328,693.77001953125,87.48536682128906,261.3500061035156,54.22999954223633,42.849998474121094
2026-01-14,6926.60009765625,23471.75,16.75,690.3599853515625,87.9934310913086,263.19000244140625,54.150001525878906,43.16999816894531
2026-01-15,6944.47021484375,23530.01953125,15.84000015258789,692.239990234375,87.97350311279297,265.510009765625,54.369998931884766,43.61000061035156
2026-01-16,6940.009765625,23515.390625,15.859999656677246,691.6599731445312,87.46544647216797,265.760009765625,54.439998626708984,43.38999938964844
2026-01-20,6796.85986328125,22954.3203125,20.09000015258789,677.5800170898438,86.31983184814453,262.5799865722656,53.20000076293945,42.959999084472656
2026-01-21,6875.6201171875,23224.8203125,16.899999618530273,685.4000244140625,86.97731018066406,267.7900085449219,53.459999084472656,43.02000045776367
2026-01-22,6913.35009765625,23436.01953125,15.640000343322754,688.97998046875,87.35586547851562,269.7900085449219,53.810001373291016,42.709999084472656
2026-01-23,6915.60986328125,23501.240234375,16.09000015258789,689.22998046875,87.5949478149414,264.80999755859375,53.06999969482422,42.560001373291016
2026-01-26,6950.22998046875,23601.359375,16.149999618530273,692.72998046875,88.01335144042969,263.9800109863281,53.40999984741211,42.869998931884766
2026-01-27,6978.60009765625,23817.099609375,16.350000381469727,695.489990234375,87.46544647216797,264.7300109863281,53.0,43.43000030517578
2026-01-28,6978.02978515625,23857.44921875,16.350000381469727,695.4199829101562,87.26620483398438,263.29998779296875,52.9900016784668,43.33000183105469
2026-01-29,6969.009765625,23685.119140625,16.8799991607666,694.0399780273438,87.2861328125,263.3699951171875,53.54999923706055,43.33000183105469
2026-01-30,6939.02978515625,23461.8203125,17.440000534057617,691.969970703125,86.7979965209961,259.6499938964844,53.439998626708984,43.25
2026-02-02,6976.43994140625,23592.109375,16.34000015258789,695.4099731445312,86.55000305175781,262.17999267578125,54.029998779296875,42.619998931884766
2026-02-03,,,16.309999465942383,,,,,
