date,symbol,ticker,open,high,low,close,volume
2021-12-28,BTC,BTC-USD,50679.86,50679.86,47414.21,47588.86,33430376883
2021-12-29,BTC,BTC-USD,47623.87,48119.74,46201.5,46444.71,30049226299
2021-12-30,BTC,BTC-USD,46490.61,47879.96,46060.31,47178.12,26686491018
2021-12-31,BTC,BTC-USD,47169.37,48472.53,45819.95,46306.45,36974172400
2022-01-01,BTC,BTC-USD,46311.75,47827.31,46288.48,47686.81,24582667004
2022-01-02,BTC,BTC-USD,47680.93,47881.41,46856.94,47345.22,27951569547
2022-01-03,BTC,BTC-USD,47343.54,47510.73,45835.96,46458.12,33071628362
2022-01-04,BTC,BTC-USD,46458.85,47406.55,45752.46,45897.57,42494677905
2022-01-05,BTC,BTC-USD,45899.36,46929.05,42798.22,43569.0,36851084859
2022-01-06,BTC,BTC-USD,43565.51,43748.72,42645.54,43160.93,30208048289
2022-01-07,BTC,BTC-USD,43153.57,43153.57,41077.45,41557.9,84196607520
2022-01-08,BTC,BTC-USD,41561.46,42228.94,40672.28,41733.94,28066355845
2022-01-09,BTC,BTC-USD,41734.73,42663.95,41338.16,41911.6,21294384372
2022-01-10,BTC,BTC-USD,41910.23,42199.48,39796.57,41821.26,32104232331
2022-01-11,BTC,BTC-USD,41819.51,43001.16,41407.75,42735.86,26327648900
2022-01-12,BTC,BTC-USD,42742.18,44135.37,42528.99,43949.1,33499938689
2022-01-13,BTC,BTC-USD,43946.74,44278.42,42447.04,42591.57,47691135082
2022-01-14,BTC,BTC-USD,42598.87,43346.69,41982.62,43099.7,23577403399
2022-01-15,BTC,BTC-USD,43101.9,43724.67,42669.04,43177.4,18371348298
2022-01-16,BTC,BTC-USD,43172.04,43436.81,42691.02,43113.88,17902097845
2022-01-17,BTC,BTC-USD,43118.12,43179.39,41680.32,42250.55,21690904261
2022-01-18,BTC,BTC-USD,42250.07,42534.4,41392.21,42375.63,22417209227
2022-01-19,BTC,BTC-USD,42374.04,42478.3,41242.91,41744.33,23091543258
2022-01-20,BTC,BTC-USD,41744.03,43413.02,40672.82,40680.42,20382033940
2022-01-21,BTC,BTC-USD,40699.61,41060.53,35791.43,36457.32,43011992031
2022-01-22,BTC,BTC-USD,36471.59,36688.81,34349.25,35030.25,39714385405
2022-01-23,BTC,BTC-USD,35047.36,36433.31,34784.97,36276.8,26017975951
2022-01-24,BTC,BTC-USD,36275.73,37247.52,33184.06,36654.33,41856658597
2022-01-25,BTC,BTC-USD,36654.8,37444.57,35779.43,36954.0,26428189594
2022-01-26,BTC,BTC-USD,36950.52,38825.41,36374.91,36852.12,31324598034
2022-01-27,BTC,BTC-USD,36841.88,37148.32,35629.28,37138.23,25041426629
2022-01-28,BTC,BTC-USD,37128.45,37952.88,36211.11,37784.33,22238830523
2022-01-29,BTC,BTC-USD,37780.71,38576.26,37406.47,38138.18,17194183075
2022-01-30,BTC,BTC-USD,38151.92,38266.34,37437.71,37917.6,14643548444
2022-01-31,BTC,BTC-USD,37920.28,38647.26,36733.57,38483.12,20734730465
2022-02-01,BTC,BTC-USD,38481.77,39115.13,38113.66,38743.27,20288500328
2022-02-02,BTC,BTC-USD,38743.71,38834.62,36832.73,36952.98,19155189416
2022-02-03,BTC,BTC-USD,36944.8,37154.6,36375.54,37154.6,18591534769
2022-02-04,BTC,BTC-USD,37149.27,41527.79,37093.63,41500.88,29412210792
2022-02-05,BTC,BTC-USD,41501.48,41847.16,41038.1,41441.16,19652846215
2022-02-06,BTC,BTC-USD,41441.12,42500.79,41244.91,42412.43,16142097334
2022-02-07,BTC,BTC-USD,42406.78,44401.86,41748.16,43840.29,28641855926
2022-02-08,BTC,BTC-USD,43854.65,45293.87,42807.84,44118.45,33079398868
2022-02-09,BTC,BTC-USD,44096.7,44727.8,43232.97,44338.8,23245887300
2022-02-10,BTC,BTC-USD,44347.8,45661.17,43402.81,43565.11,32142048537
2022-02-11,BTC,BTC-USD,43571.13,43810.83,42114.54,42407.94,26954925781
2022-02-12,BTC,BTC-USD,42412.3,42992.55,41852.57,42244.47,18152390304
2022-02-13,BTC,BTC-USD,42236.57,42693.05,41950.94,42197.52,14741589015
2022-02-14,BTC,BTC-USD,42157.4,42775.78,41681.96,42586.92,20827783012
2022-02-15,BTC,BTC-USD,42586.46,44667.22,42491.04,44575.2,22721659051
2022-02-16,BTC,BTC-USD,44578.28,44578.28,43456.69,43961.86,19792547657
2022-02-17,BTC,BTC-USD,43937.07,44132.97,40249.37,40538.01,26246662813
2022-02-18,BTC,BTC-USD,40552.13,40929.15,39637.62,40030.98,23310007704
2022-02-19,BTC,BTC-USD,40026.02,40418.88,39713.06,40122.16,13736557863
2022-02-20,BTC,BTC-USD,40118.1,40119.89,38112.81,38431.38,18340576452
2022-02-21,BTC,BTC-USD,38423.21,39394.44,36950.48,37075.28,29280402798
2022-02-22,BTC,BTC-USD,37068.77,38359.86,36488.93,38286.03,25493150450
2022-02-23,BTC,BTC-USD,38285.28,39122.39,37201.82,37296.57,21849073843
2022-02-24,BTC,BTC-USD,37278.57,38968.84,34459.22,38332.61,46383802093
2022-02-25,BTC,BTC-USD,38333.75,39630.32,38111.34,39214.22,26545599159
2022-02-26,BTC,BTC-USD,39213.08,40005.35,38702.54,39105.15,17467554129
2022-02-27,BTC,BTC-USD,39098.7,39778.94,37268.98,37709.79,23450127612
2022-02-28,BTC,BTC-USD,37706.0,43760.46,37518.21,43193.23,35690014104
2022-03-01,BTC,BTC-USD,43194.5,44793.6,42952.59,44354.64,32479047645
2022-03-02,BTC,BTC-USD,44357.62,45077.58,43432.85,43924.12,29183112630
2022-03-03,BTC,BTC-USD,43925.2,44021.58,41914.75,42451.79,24967782593
2022-03-04,BTC,BTC-USD,42458.14,42479.61,38805.85,39137.61,28516271427
2022-03-05,BTC,BTC-USD,39148.45,39566.34,38777.04,39400.59,16975917450
2022-03-06,BTC,BTC-USD,39404.2,39640.18,38211.65,38419.98,19745229902
2022-03-07,BTC,BTC-USD,38429.3,39430.23,37260.2,38062.04,28546143503
2022-03-08,BTC,BTC-USD,38059.9,39304.44,37957.39,38737.27,25776583476
2022-03-09,BTC,BTC-USD,38742.82,42465.67,38706.09,41982.93,32284121034
2022-03-10,BTC,BTC-USD,41974.07,42004.73,38832.94,39437.46,31078064711
2022-03-11,BTC,BTC-USD,39439.97,40081.68,38347.43,38794.97,26364890465
2022-03-12,BTC,BTC-USD,38794.46,39308.6,38772.54,38904.01,14616450657
2022-03-13,BTC,BTC-USD,38884.73,39209.35,37728.14,37849.66,17300745310
2022-03-14,BTC,BTC-USD,37846.32,39742.5,37680.73,39666.75,24322159070
2022-03-15,BTC,BTC-USD,39664.25,39794.63,38310.21,39338.79,23934000868
2022-03-16,BTC,BTC-USD,39335.57,41465.45,39022.35,41143.93,39616916192
2022-03-17,BTC,BTC-USD,41140.84,41287.54,40662.87,40951.38,22009601093
2022-03-18,BTC,BTC-USD,40944.84,42195.75,40302.4,41801.16,34421564942
2022-03-19,BTC,BTC-USD,41794.65,42316.55,41602.67,42190.65,19664853187
2022-03-20,BTC,BTC-USD,42191.41,42241.16,41004.76,41247.82,20127946682
2022-03-21,BTC,BTC-USD,41246.13,41454.41,40668.04,41078.0,24615543271
2022-03-22,BTC,BTC-USD,41074.11,43124.71,40948.28,42358.81,32004652376
2022-03-23,BTC,BTC-USD,42364.38,42893.51,41877.51,42892.96,25242943069
2022-03-24,BTC,BTC-USD,42886.65,44131.86,42726.16,43960.93,31042992291
2022-03-25,BTC,BTC-USD,43964.55,44999.49,43706.29,44348.73,30574413034
2022-03-26,BTC,BTC-USD,44349.86,44736.0,44166.27,44500.83,16950455995
2022-03-27,BTC,BTC-USD,44505.36,46827.55,44437.29,46820.49,28160889722
2022-03-28,BTC,BTC-USD,46821.85,48086.84,46690.2,47128.0,36362175703
2022-03-29,BTC,BTC-USD,47100.44,48022.29,47100.44,47465.73,31397059069
2022-03-30,BTC,BTC-USD,47456.9,47655.15,46746.21,47062.66,29333883962
2022-03-31,BTC,BTC-USD,47062.15,47512.03,45390.54,45538.68,33327427106
2022-04-01,BTC,BTC-USD,45554.16,46616.24,44403.14,46281.64,38162644287
2022-04-02,BTC,BTC-USD,46285.5,47028.28,45782.51,45868.95,29336594194
2022-04-03,BTC,BTC-USD,45859.13,47313.48,45634.11,46453.57,25414397610
2022-04-04,BTC,BTC-USD,46445.27,46791.09,45235.82,46622.68,32499785455
2022-04-05,BTC,BTC-USD,46624.51,47106.14,45544.81,45555.99,29640604055
2022-04-06,BTC,BTC-USD,45544.36,45544.36,43193.95,43206.74,39393395788
2022-04-07,BTC,BTC-USD,43207.5,43860.7,42899.91,43503.85,26101973106
2022-04-08,BTC,BTC-USD,43505.14,43903.02,42183.29,42287.66,27215995394
2022-04-09,BTC,BTC-USD,42282.08,42786.82,42183.25,42782.14,16050772496
2022-04-10,BTC,BTC-USD,42781.09,43376.38,42021.21,42207.67,17654475582
2022-04-11,BTC,BTC-USD,42201.04,42424.59,39373.06,39521.9,33949912166
2022-04-12,BTC,BTC-USD,39533.71,40617.59,39388.33,40127.18,30991500854
2022-04-13,BTC,BTC-USD,40123.57,41430.05,39712.75,41166.73,27691105228
2022-04-14,BTC,BTC-USD,41160.22,41451.48,39695.75,39935.52,24342001973
2022-04-15,BTC,BTC-USD,39939.4,40617.72,39866.83,40553.46,21756855753
2022-04-16,BTC,BTC-USD,40552.32,40633.68,40078.43,40424.48,16833150693
2022-04-17,BTC,BTC-USD,40417.78,40570.73,39620.89,39716.95,19087633042
2022-04-18,BTC,BTC-USD,39721.2,40986.32,38696.19,40826.21,33705182072
2022-04-19,BTC,BTC-USD,40828.18,41672.96,40618.63,41502.75,25303206547
2022-04-20,BTC,BTC-USD,41501.75,42126.3,40961.1,41374.38,27819532341
2022-04-21,BTC,BTC-USD,41371.52,42893.58,40063.83,40527.36,35372786395
2022-04-22,BTC,BTC-USD,40525.86,40777.76,39315.42,39740.32,28011716745
2022-04-23,BTC,BTC-USD,39738.72,39935.86,39352.2,39486.73,16138021249
2022-04-24,BTC,BTC-USD,39478.38,39845.93,39233.54,39469.29,17964398167
2022-04-25,BTC,BTC-USD,39472.61,40491.75,38338.38,40458.31,35445730570
2022-04-26,BTC,BTC-USD,40448.42,40713.89,37884.98,38117.46,34569088416
2022-04-27,BTC,BTC-USD,38120.3,39397.92,37997.31,39241.12,30981015184
2022-04-28,BTC,BTC-USD,39241.43,40269.46,38941.42,39773.83,33903704907
2022-04-29,BTC,BTC-USD,39768.62,39887.27,38235.54,38609.82,30882994649
2022-04-30,BTC,BTC-USD,38605.86,38771.21,37697.94,37714.88,23895713731
2022-05-01,BTC,BTC-USD,37713.27,38627.86,37585.79,38469.09,27002760110
2022-05-02,BTC,BTC-USD,38472.19,39074.97,38156.56,38529.33,32922642426
2022-05-03,BTC,BTC-USD,38528.11,38630.0,37585.62,37750.45,27326943244
2022-05-04,BTC,BTC-USD,37748.01,39902.95,37732.06,39698.37,36754404490
2022-05-05,BTC,BTC-USD,39695.75,39789.28,35856.52,36575.14,43106256317
2022-05-06,BTC,BTC-USD,36573.18,36624.36,35482.13,36040.92,37795577489
2022-05-07,BTC,BTC-USD,36042.5,36129.93,34940.82,35501.95,24375896406
2022-05-08,BTC,BTC-USD,35502.94,35502.94,33878.96,34059.27,36763041910
2022-05-09,BTC,BTC-USD,34060.02,34222.07,30296.95,30296.95,63355494961
2022-05-10,BTC,BTC-USD,30273.65,32596.31,29944.8,31022.91,59811038817
2022-05-11,BTC,BTC-USD,31016.18,32013.4,28170.41,28936.36,70388855818
2022-05-12,BTC,BTC-USD,28936.73,30032.44,26350.49,29047.75,66989173272
2022-05-13,BTC,BTC-USD,29030.91,30924.8,28782.33,29283.1,42841124537
2022-05-14,BTC,BTC-USD,29285.64,30192.8,28702.91,30101.27,28579868620
2022-05-15,BTC,BTC-USD,30098.59,31308.19,29527.74,31305.11,25835372065
2022-05-16,BTC,BTC-USD,31304.38,31305.34,29251.88,29862.92,32613897286
2022-05-17,BTC,BTC-USD,29862.41,30694.49,29570.3,30425.86,29101473475
2022-05-18,BTC,BTC-USD,30424.48,30618.72,28720.27,28720.27,31285268319
2022-05-19,BTC,BTC-USD,28720.36,30430.75,28708.96,30314.33,33773447707
2022-05-20,BTC,BTC-USD,30311.12,30664.98,28793.61,29200.74,30749382605
2022-05-21,BTC,BTC-USD,29199.86,29588.87,29027.39,29432.23,17274840442
2022-05-22,BTC,BTC-USD,29432.47,30425.86,29275.18,30323.72,21631532270
2022-05-23,BTC,BTC-USD,30309.4,30590.59,28975.56,29098.91,31483454557
2022-05-24,BTC,BTC-USD,29101.12,29774.36,28786.59,29655.59,26616506245
2022-05-25,BTC,BTC-USD,29653.13,30157.79,29384.95,29562.36,27525063551
2022-05-26,BTC,BTC-USD,29564.78,29834.16,28261.91,29267.22,36774325352
2022-05-27,BTC,BTC-USD,29251.14,29346.94,28326.61,28627.57,36582005748
2022-05-28,BTC,BTC-USD,28622.62,28814.9,28554.57,28814.9,35519577634
2022-05-29,BTC,BTC-USD,29019.87,29498.01,28841.11,29445.96,18093886409
2022-05-30,BTC,BTC-USD,29443.37,31949.63,29303.57,31726.39,39277993274
2022-05-31,BTC,BTC-USD,31723.87,32249.86,31286.15,31792.31,33538210634
2022-06-01,BTC,BTC-USD,31792.55,31957.29,29501.59,29799.08,41135817341
2022-06-02,BTC,BTC-USD,29794.89,30604.73,29652.71,30467.49,29083562061
2022-06-03,BTC,BTC-USD,30467.81,30633.04,29375.69,29704.39,26175547452
2022-06-04,BTC,BTC-USD,29706.14,29930.56,29500.01,29832.91,16588370958
2022-06-05,BTC,BTC-USD,29835.12,30117.74,29574.45,29906.66,17264085441
2022-06-06,BTC,BTC-USD,29910.28,31693.29,29894.19,31370.67,31947336829
2022-06-07,BTC,BTC-USD,31371.74,31489.68,29311.68,31155.48,40770974039
2022-06-08,BTC,BTC-USD,31151.48,31253.69,29944.4,30214.36,30242059107
2022-06-09,BTC,BTC-USD,30215.28,30609.31,30020.27,30112.0,21692004719
2022-06-10,BTC,BTC-USD,30110.33,30245.81,28978.15,29083.8,29867476527
2022-06-11,BTC,BTC-USD,29084.67,29401.92,28236.21,28360.81,27246574439
2022-06-12,BTC,BTC-USD,28373.51,28502.69,26762.65,26762.65,34163220274
2022-06-13,BTC,BTC-USD,26737.58,26795.59,22141.26,22487.39,68204556440
2022-06-14,BTC,BTC-USD,22487.99,23018.95,20950.82,22206.79,50913575242
2022-06-15,BTC,BTC-USD,22196.73,22642.67,20178.38,22572.84,54912007015
2022-06-16,BTC,BTC-USD,22576.3,22868.92,20265.23,20381.65,31183975654
2022-06-17,BTC,BTC-USD,20385.72,21243.31,20326.52,20471.48,27132421514
2022-06-18,BTC,BTC-USD,20473.43,20736.04,17708.62,19017.64,42009436760
2022-06-19,BTC,BTC-USD,19010.9,20683.82,18067.15,20553.27,35329942625
2022-06-20,BTC,BTC-USD,20553.37,20913.32,19689.17,20599.54,30818458597
2022-06-21,BTC,BTC-USD,20594.29,21620.63,20415.06,20710.6,28970212744
2022-06-22,BTC,BTC-USD,20719.41,20835.75,19848.08,19987.03,28574793478
2022-06-23,BTC,BTC-USD,19986.61,21135.76,19950.12,21085.88,26188097173
2022-06-24,BTC,BTC-USD,21084.65,21472.92,20777.51,21231.66,24957784918
2022-06-25,BTC,BTC-USD,21233.61,21520.91,20964.59,21502.34,18372538715
2022-06-26,BTC,BTC-USD,21496.49,21783.72,21016.27,21027.29,18027170497
2022-06-27,BTC,BTC-USD,21028.24,21478.09,20620.2,20735.48,20965695707
2022-06-28,BTC,BTC-USD,20731.54,21164.42,20228.81,20280.63,21381535161
2022-06-29,BTC,BTC-USD,20281.17,20364.16,19937.79,20104.02,23552740328
2022-06-30,BTC,BTC-USD,20108.31,20141.16,18729.66,19784.73,26267239923
2022-07-01,BTC,BTC-USD,19820.47,20632.67,19073.71,19269.37,30767551159
2022-07-02,BTC,BTC-USD,19274.84,19371.75,19027.08,19242.26,18100418740
2022-07-03,BTC,BTC-USD,19242.1,19558.27,18966.95,19297.08,16390821947
2022-07-04,BTC,BTC-USD,19297.31,20258.75,19063.07,20231.26,21594638208
2022-07-05,BTC,BTC-USD,20225.35,20635.47,19341.23,20190.12,26715546990
2022-07-06,BTC,BTC-USD,20194.62,20595.53,19823.51,20548.25,24598943708
2022-07-07,BTC,BTC-USD,20547.81,21771.82,20296.1,21637.59,25814972520
2022-07-08,BTC,BTC-USD,21637.15,22314.94,21257.45,21731.12,49899834488
2022-07-09,BTC,BTC-USD,21716.83,21877.14,21445.96,21592.21,29641127858
2022-07-10,BTC,BTC-USD,21591.08,21591.08,20727.12,20860.45,28688807249
2022-07-11,BTC,BTC-USD,20856.35,20856.35,19924.54,19970.56,24150249025
2022-07-12,BTC,BTC-USD,19970.47,20043.45,19308.53,19323.91,25810220018
2022-07-13,BTC,BTC-USD,19325.97,20223.05,18999.95,20212.07,33042430345
2022-07-14,BTC,BTC-USD,20211.47,20789.89,19689.26,20569.92,31158743333
2022-07-15,BTC,BTC-USD,20573.16,21138.24,20397.0,20836.33,25905575359
2022-07-16,BTC,BTC-USD,20834.1,21514.4,20518.9,21190.32,24302954056
2022-07-17,BTC,BTC-USD,21195.04,21600.64,20778.18,20779.34,22927802083
2022-07-18,BTC,BTC-USD,20781.91,22633.03,20781.91,22485.69,39974475562
2022-07-19,BTC,BTC-USD,22467.85,23666.96,21683.41,23389.43,48765202697
2022-07-20,BTC,BTC-USD,23393.19,24196.82,23009.95,23231.73,42932549127
2022-07-21,BTC,BTC-USD,23233.2,23388.32,22431.15,23164.63,33631012204
2022-07-22,BTC,BTC-USD,23163.75,23671.93,22603.42,22714.98,31421555646
2022-07-23,BTC,BTC-USD,22706.98,22977.21,22002.91,22465.48,24021799169
2022-07-24,BTC,BTC-USD,22465.51,22974.0,22306.84,22609.16,23565495303
2022-07-25,BTC,BTC-USD,22607.16,22649.12,21361.64,21361.7,35574561406
2022-07-26,BTC,BTC-USD,21361.12,21361.12,20776.82,21239.75,28624673855
2022-07-27,BTC,BTC-USD,21244.17,22986.53,21070.81,22930.55,31758955233
2022-07-28,BTC,BTC-USD,22933.64,24110.47,22722.27,23843.89,40212386158
2022-07-29,BTC,BTC-USD,23845.21,24294.79,23481.17,23804.63,35887249746
2022-07-30,BTC,BTC-USD,23796.82,24572.58,23580.51,23656.21,28148218301
2022-07-31,BTC,BTC-USD,23652.07,24121.64,23275.7,23336.9,23553591896
2022-08-01,BTC,BTC-USD,23336.72,23464.79,22890.8,23314.2,25849159141
2022-08-02,BTC,BTC-USD,23308.43,23415.04,22710.08,22978.12,28389250717
2022-08-03,BTC,BTC-USD,22981.3,23578.65,22747.84,22846.51,26288169966
2022-08-04,BTC,BTC-USD,22848.21,23198.01,22485.7,22630.96,25120229769
2022-08-05,BTC,BTC-USD,22626.83,23422.83,22612.18,23289.31,28881249043
2022-08-06,BTC,BTC-USD,23291.42,23326.56,22961.28,22961.28,15978259885
2022-08-07,BTC,BTC-USD,22963.51,23359.01,22894.56,23175.89,15886817043
2022-08-08,BTC,BTC-USD,23179.53,24203.69,23176.55,23809.49,28575544847
2022-08-09,BTC,BTC-USD,23811.48,23898.62,22982.0,23164.32,23555719219
2022-08-10,BTC,BTC-USD,23162.9,24127.41,22771.52,23947.64,32837431722
2022-08-11,BTC,BTC-USD,23948.35,24822.63,23901.0,23957.53,37127036580
2022-08-12,BTC,BTC-USD,23957.2,24412.57,23657.27,24402.82,27265804688
2022-08-13,BTC,BTC-USD,24402.19,24860.05,24346.12,24424.07,22987346289
2022-08-14,BTC,BTC-USD,24429.06,24974.91,24206.26,24319.33,22994133555
2022-08-15,BTC,BTC-USD,24318.32,25135.59,23839.78,24136.97,35123501685
2022-08-16,BTC,BTC-USD,24126.14,24228.42,23733.5,23883.29,27753685646
2022-08-17,BTC,BTC-USD,23881.32,24407.06,23243.35,23336.0,30931623076
2022-08-18,BTC,BTC-USD,23341.04,23563.83,23177.6,23212.74,23747613147
2022-08-19,BTC,BTC-USD,23213.31,23213.31,20868.85,20877.55,40509610260
2022-08-20,BTC,BTC-USD,20872.84,21350.81,20856.73,21166.06,27595671000
2022-08-21,BTC,BTC-USD,21160.39,21668.85,21103.2,21534.12,23102307723
2022-08-22,BTC,BTC-USD,21531.46,21531.46,20939.18,21398.91,31666498758
2022-08-23,BTC,BTC-USD,21401.04,21646.2,20955.14,21528.09,31878280659
2022-08-24,BTC,BTC-USD,21526.46,21783.08,21195.01,21395.02,31962253368
2022-08-25,BTC,BTC-USD,21395.46,21789.64,21362.44,21600.9,31028679593
2022-08-26,BTC,BTC-USD,21596.09,21804.91,20199.48,20260.02,42326789564
2022-08-27,BTC,BTC-USD,20262.48,20340.78,19890.52,20041.74,30116729776
2022-08-28,BTC,BTC-USD,20041.04,20139.05,19616.81,19616.81,24366810591
2022-08-29,BTC,BTC-USD,19615.15,20357.46,19600.79,20297.99,32637854078
2022-08-30,BTC,BTC-USD,20298.61,20542.64,19617.64,19796.81,34483360283
2022-08-31,BTC,BTC-USD,19799.58,20420.99,19799.58,20049.76,33225232872
2022-09-01,BTC,BTC-USD,20050.5,20198.39,19653.97,20127.14,30182031010
2022-09-02,BTC,BTC-USD,20126.07,20401.57,19814.77,19969.77,29123998928
2022-09-03,BTC,BTC-USD,19969.72,20037.01,19698.36,19832.09,23613051457
2022-09-04,BTC,BTC-USD,19832.47,19999.69,19636.82,19986.71,25245861652
2022-09-05,BTC,BTC-USD,19988.79,20031.16,19673.05,19812.37,28813460025
2022-09-06,BTC,BTC-USD,19817.72,20155.27,18800.17,18837.67,43403978910
2022-09-07,BTC,BTC-USD,18837.68,19427.17,18644.47,19290.32,35239757134
2022-09-08,BTC,BTC-USD,19289.94,19417.35,19076.71,19329.83,32194477850
2022-09-09,BTC,BTC-USD,19328.14,21439.41,19310.96,21381.15,48469528171
2022-09-10,BTC,BTC-USD,21376.91,21760.28,21168.72,21680.54,36913738894
2022-09-11,BTC,BTC-USD,21678.54,21770.55,21406.95,21769.26,34493951963
2022-09-12,BTC,BTC-USD,21770.15,22439.18,21603.9,22370.45,50212088965
2022-09-13,BTC,BTC-USD,22371.48,22673.82,20062.67,20296.71,51091116622
2022-09-14,BTC,BTC-USD,20184.55,20467.2,19793.4,20241.09,37872380889
2022-09-15,BTC,BTC-USD,20242.29,20318.17,19636.73,19701.21,36389011503
2022-09-16,BTC,BTC-USD,19704.01,19870.63,19400.08,19772.58,30123362273
2022-09-17,BTC,BTC-USD,19777.03,20162.53,19777.03,20127.58,24957448100
2022-09-18,BTC,BTC-USD,20127.23,20127.23,19387.49,19419.51,31254779144
2022-09-19,BTC,BTC-USD,19418.57,19639.48,18390.32,19544.13,40177002624
2022-09-20,BTC,BTC-USD,19545.59,19602.46,18813.46,18890.79,36791346508
2022-09-21,BTC,BTC-USD,18891.28,19674.63,18290.31,18547.4,46363793975
2022-09-22,BTC,BTC-USD,18534.65,19456.91,18415.59,19413.55,41135767926
2022-09-23,BTC,BTC-USD,19412.4,19464.67,18617.55,19297.64,38896078052
2022-09-24,BTC,BTC-USD,19296.99,19310.2,18861.97,18937.01,26149643168
2022-09-25,BTC,BTC-USD,18936.31,19134.73,18696.47,18802.1,23359966112
2022-09-26,BTC,BTC-USD,18803.9,19274.87,18721.29,19222.67,44148798321
2022-09-27,BTC,BTC-USD,19221.84,20338.46,18915.67,19110.55,58571439619
2022-09-28,BTC,BTC-USD,19104.62,19688.34,18553.3,19426.72,53071298734
2022-09-29,BTC,BTC-USD,19427.78,19589.27,18924.35,19573.05,41037843771
2022-09-30,BTC,BTC-USD,19573.43,20109.85,19265.66,19431.79,43975248085
2022-10-01,BTC,BTC-USD,19431.11,19471.15,19231.08,19312.1,18719537670
2022-10-02,BTC,BTC-USD,19311.85,19370.31,18970.62,19044.11,20765955327
2022-10-03,BTC,BTC-USD,19044.07,19653.54,19025.23,19623.58,30484729489
2022-10-04,BTC,BTC-USD,19623.58,20380.34,19523.84,20336.84,35887278685
2022-10-05,BTC,BTC-USD,20335.9,20343.75,19801.8,20160.72,33223790572
2022-10-06,BTC,BTC-USD,20161.04,20408.39,19900.09,19955.44,34711412966
2022-10-07,BTC,BTC-USD,19957.56,20041.09,19395.79,19546.85,29227315390
2022-10-08,BTC,BTC-USD,19546.33,19601.7,19299.41,19416.57,16437423167
2022-10-09,BTC,BTC-USD,19417.48,19542.54,19349.26,19446.43,16837262532
2022-10-10,BTC,BTC-USD,19446.42,19515.47,19102.98,19141.48,27425022774
2022-10-11,BTC,BTC-USD,19139.0,19241.96,18925.6,19051.42,28711532910
2022-10-12,BTC,BTC-USD,19052.65,19203.2,19029.76,19157.45,24950173846
2022-10-13,BTC,BTC-USD,19156.97,19453.33,18319.82,19382.9,44219840004
2022-10-14,BTC,BTC-USD,19382.53,19889.15,19115.41,19185.66,38452356727
2022-10-15,BTC,BTC-USD,19185.44,19212.54,19019.25,19067.63,16192235532
2022-10-16,BTC,BTC-USD,19068.91,19389.6,19068.91,19268.09,17988916650
2022-10-17,BTC,BTC-USD,19268.56,19635.8,19173.33,19550.76,27472552998
2022-10-18,BTC,BTC-USD,19550.47,19666.99,19144.77,19334.42,30580012344
2022-10-19,BTC,BTC-USD,19335.03,19348.42,19127.69,19139.54,22425387184
2022-10-20,BTC,BTC-USD,19138.09,19315.2,18971.46,19053.74,24493974420
2022-10-21,BTC,BTC-USD,19053.2,19237.38,18770.97,19172.47,32459287866
2022-10-22,BTC,BTC-USD,19172.38,19248.07,19132.24,19208.19,16104440957
2022-10-23,BTC,BTC-USD,19207.73,19646.65,19124.2,19567.01,22128794335
2022-10-24,BTC,BTC-USD,19567.77,19589.12,19206.32,19345.57,30202235805
2022-10-25,BTC,BTC-USD,19344.96,20348.41,19261.45,20095.86,47761524910
2022-10-26,BTC,BTC-USD,20092.24,20938.13,20076.12,20770.44,58895950537
2022-10-27,BTC,BTC-USD,20772.8,20854.04,20255.37,20285.84,49625110402
2022-10-28,BTC,BTC-USD,20287.96,20724.98,20086.07,20595.35,43994715910
2022-10-29,BTC,BTC-USD,20595.1,20988.39,20566.48,20818.48,40369840645
2022-10-30,BTC,BTC-USD,20817.98,20917.01,20547.46,20635.6,31486345556
2022-10-31,BTC,BTC-USD,20633.7,20795.32,20287.46,20495.77,45668466815
2022-11-01,BTC,BTC-USD,20494.9,20647.29,20359.85,20485.27,39819303159
2022-11-02,BTC,BTC-USD,20482.96,20742.81,20087.13,20159.5,55552169483
2022-11-03,BTC,BTC-USD,20162.69,20382.1,20086.24,20209.99,43228750179
2022-11-04,BTC,BTC-USD,20208.77,21209.56,20188.02,21147.23,64072727950
2022-11-05,BTC,BTC-USD,21144.83,21446.89,21097.63,21282.69,37846047609
2022-11-06,BTC,BTC-USD,21285.06,21345.38,20920.19,20926.49,35082693210
2022-11-07,BTC,BTC-USD,20924.62,21053.25,20489.97,20602.82,53510852236
2022-11-08,BTC,BTC-USD,20600.67,20664.61,17603.54,18541.27,118992465607
2022-11-09,BTC,BTC-USD,18543.76,18590.46,15682.69,15880.78,102905151606
2022-11-10,BTC,BTC-USD,15883.16,18054.31,15834.02,17586.77,83202283721
2022-11-11,BTC,BTC-USD,17583.25,17650.94,16543.48,17034.29,55871616488
2022-11-12,BTC,BTC-USD,17036.88,17066.68,16651.78,16799.19,29717699419
2022-11-13,BTC,BTC-USD,16799.72,16920.77,16320.63,16353.37,27209183682
2022-11-14,BTC,BTC-USD,16352.03,17109.32,15872.94,16618.2,49630243054
2022-11-15,BTC,BTC-USD,16617.48,17051.96,16542.55,16884.61,36599436183
2022-11-16,BTC,BTC-USD,16884.34,16960.29,16430.11,16669.44,33925512989
2022-11-17,BTC,BTC-USD,16670.43,16726.44,16460.68,16687.52,27868914022
2022-11-18,BTC,BTC-USD,16687.91,16947.06,16564.61,16697.78,26862218609
2022-11-19,BTC,BTC-USD,16696.22,16797.88,16570.41,16711.55,16106223492
2022-11-20,BTC,BTC-USD,16712.92,16746.78,16248.69,16291.83,21313378652
2022-11-21,BTC,BTC-USD,16291.22,16291.22,15599.05,15787.28,37429485518
2022-11-22,BTC,BTC-USD,15782.3,16253.05,15656.61,16189.77,30726828760
2022-11-23,BTC,BTC-USD,16195.59,16638.19,16170.5,16610.71,32958875628
2022-11-24,BTC,BTC-USD,16611.64,16771.47,16501.77,16604.46,26129037414
2022-11-25,BTC,BTC-USD,16602.27,16603.32,16388.4,16521.84,18678255976
2022-11-26,BTC,BTC-USD,16521.58,16666.86,16416.23,16464.28,18000008764
2022-11-27,BTC,BTC-USD,16463.88,16594.41,16437.03,16444.63,20443898509
2022-11-28,BTC,BTC-USD,16440.22,16482.93,16054.53,16217.32,27743025156
2022-11-29,BTC,BTC-USD,16217.64,16522.26,16139.4,16444.98,23581685468
2022-11-30,BTC,BTC-USD,16445.48,17190.94,16445.48,17168.57,29523576583
2022-12-01,BTC,BTC-USD,17168.0,17197.5,16888.39,16967.13,22895392882
2022-12-02,BTC,BTC-USD,16968.68,17088.66,16877.88,17088.66,19539705127
2022-12-03,BTC,BTC-USD,17090.1,17116.04,16888.14,16908.24,16217776704
2022-12-04,BTC,BTC-USD,16908.17,17157.77,16903.44,17130.49,16824520830
2022-12-05,BTC,BTC-USD,17128.89,17378.15,16922.43,16974.83,22209086834
2022-12-06,BTC,BTC-USD,16975.24,17091.86,16939.92,17089.5,19889922369
2022-12-07,BTC,BTC-USD,17089.51,17109.38,16750.56,16848.13,19675404389
2022-12-08,BTC,BTC-USD,16847.35,17267.92,16788.78,17233.47,20496603770
2022-12-09,BTC,BTC-USD,17232.15,17280.55,17100.84,17133.15,20328426366
2022-12-10,BTC,BTC-USD,17134.22,17216.83,17120.68,17128.72,12706781969
2022-12-11,BTC,BTC-USD,17129.71,17245.63,17091.82,17104.19,14122486832
2022-12-12,BTC,BTC-USD,17102.5,17212.56,16899.39,17206.44,19617581341
2022-12-13,BTC,BTC-USD,17206.44,17930.09,17111.76,17781.32,26634741631
2022-12-14,BTC,BTC-USD,17782.07,18318.53,17739.51,17815.65,25534481470
2022-12-15,BTC,BTC-USD,17813.64,17846.74,17322.59,17364.87,20964448341
2022-12-16,BTC,BTC-USD,17364.55,17505.53,16584.7,16647.48,24031608960
2022-12-17,BTC,BTC-USD,16646.98,16800.59,16614.03,16795.09,14463581825
2022-12-18,BTC,BTC-USD,16795.61,16815.39,16697.82,16757.98,10924354698
2022-12-19,BTC,BTC-USD,16759.04,16807.53,16398.14,16439.68,17221074814
2022-12-20,BTC,BTC-USD,16441.79,17012.98,16427.87,16906.3,22722096615
2022-12-21,BTC,BTC-USD,16904.53,16916.8,16755.91,16817.54,14882945045
2022-12-22,BTC,BTC-USD,16818.38,16866.67,16592.41,16830.34,16441573050
2022-12-23,BTC,BTC-USD,16829.64,16905.22,16794.46,16796.95,15329265213
2022-12-24,BTC,BTC-USD,16796.98,16864.7,16793.53,16847.76,9744636213
2022-12-25,BTC,BTC-USD,16847.51,16860.55,16755.25,16841.99,11656379938
2022-12-26,BTC,BTC-USD,16842.25,16920.12,16812.37,16919.8,11886957804
2022-12-27,BTC,BTC-USD,16919.29,16959.85,16642.07,16717.17,15748580239
2022-12-28,BTC,BTC-USD,16716.4,16768.17,16497.56,16552.57,17005713920
2022-12-29,BTC,BTC-USD,16552.32,16651.76,16508.68,16642.34,14472237479
2022-12-30,BTC,BTC-USD,16641.33,16643.43,16408.47,16602.59,15929162910
2022-12-31,BTC,BTC-USD,16603.67,16628.99,16517.52,16547.5,11239186456
2023-01-01,BTC,BTC-USD,16547.91,16630.44,16521.23,16625.08,9244361700
2023-01-02,BTC,BTC-USD,16625.51,16759.34,16572.23,16688.47,12097775227
2023-01-03,BTC,BTC-USD,16688.85,16760.45,16622.37,16679.86,13903079207
2023-01-04,BTC,BTC-USD,16680.21,16964.59,16667.76,16863.24,18421743322
2023-01-05,BTC,BTC-USD,16863.47,16884.02,16790.28,16836.74,13692758566
2023-01-06,BTC,BTC-USD,16836.47,16991.99,16716.42,16951.97,14413662913
2023-01-07,BTC,BTC-USD,16952.12,16975.02,16914.19,16955.08,7714767174
2023-01-08,BTC,BTC-USD,16954.15,17091.14,16924.05,17091.14,9768827914
2023-01-09,BTC,BTC-USD,17093.99,17389.96,17093.99,17196.55,18624736866
2023-01-10,BTC,BTC-USD,17192.95,17484.72,17162.99,17446.29,15808338949
2023-01-11,BTC,BTC-USD,17446.36,17934.9,17337.99,17934.9,18372283782
2023-01-12,BTC,BTC-USD,18117.59,19030.09,17995.2,18869.59,34971338710
2023-01-13,BTC,BTC-USD,18868.91,19964.32,18753.16,19909.57,29225029694
2023-01-14,BTC,BTC-USD,19910.54,21075.14,19907.83,20976.3,38967784639
2023-01-15,BTC,BTC-USD,20977.48,20993.75,20606.99,20880.8,19298407543
2023-01-16,BTC,BTC-USD,20882.22,21360.88,20715.75,21169.63,26792494050
2023-01-17,BTC,BTC-USD,21175.83,21438.66,20978.53,21161.52,24999983362
2023-01-18,BTC,BTC-USD,21161.05,21564.5,20541.54,20688.78,30005625418
2023-01-19,BTC,BTC-USD,20686.75,21163.01,20685.38,21086.79,21152848261
2023-01-20,BTC,BTC-USD,21085.37,22692.36,20919.13,22676.55,28799154319
2023-01-21,BTC,BTC-USD,22677.43,23282.35,22511.83,22777.62,32442278429
2023-01-22,BTC,BTC-USD,22777.99,23056.73,22387.9,22720.42,24746386230
2023-01-23,BTC,BTC-USD,22721.09,23126.49,22654.3,22934.43,26518700512
2023-01-24,BTC,BTC-USD,22929.63,23134.01,22549.74,22636.47,26405069715
2023-01-25,BTC,BTC-USD,22639.27,23722.1,22406.08,23117.86,30685366709
2023-01-26,BTC,BTC-USD,23108.96,23237.08,22911.37,23032.78,26357839322
2023-01-27,BTC,BTC-USD,23030.72,23417.72,22654.59,23078.73,25383335641
2023-01-28,BTC,BTC-USD,23079.96,23165.9,22908.85,23031.09,14712928379
2023-01-29,BTC,BTC-USD,23031.45,23919.89,22985.07,23774.57,27423687259
2023-01-30,BTC,BTC-USD,23774.65,23789.35,22657.58,22840.14,27205595568
2023-01-31,BTC,BTC-USD,22840.8,23225.02,22765.57,23139.28,22837828665
2023-02-01,BTC,BTC-USD,23137.84,23764.54,22877.75,23723.77,26683255504
2023-02-02,BTC,BTC-USD,23720.82,24167.21,23468.6,23471.87,32066936882
2023-02-03,BTC,BTC-USD,23469.41,23678.1,23279.96,23449.32,27083066007
2023-02-04,BTC,BTC-USD,23446.32,23556.95,23291.79,23331.85,15639298538
2023-02-05,BTC,BTC-USD,23332.25,23423.44,22841.76,22955.67,19564262605
2023-02-06,BTC,BTC-USD,22954.02,23119.28,22692.03,22760.11,23825006542
2023-02-07,BTC,BTC-USD,22757.27,23310.97,22756.26,23264.29,27187964471
2023-02-08,BTC,BTC-USD,23263.42,23367.96,22731.1,22939.4,25371367758
2023-02-09,BTC,BTC-USD,22946.57,22996.44,21773.97,21819.04,32572572185
2023-02-10,BTC,BTC-USD,21819.01,21941.19,21539.39,21651.18,27078406594
2023-02-11,BTC,BTC-USD,21651.84,21891.41,21618.45,21870.88,16356226232
2023-02-12,BTC,BTC-USD,21870.9,22060.99,21682.83,21788.2,17821046406
2023-02-13,BTC,BTC-USD,21787.0,21898.41,21460.09,21808.1,23918742607
2023-02-14,BTC,BTC-USD,21801.82,22293.14,21632.39,22220.8,26792596581
2023-02-15,BTC,BTC-USD,22220.59,24307.84,22082.77,24307.84,32483312909
2023-02-16,BTC,BTC-USD,24307.35,25134.12,23602.52,23623.47,39316664596
2023-02-17,BTC,BTC-USD,23621.28,24924.04,23460.76,24565.6,41358451255
2023-02-18,BTC,BTC-USD,24565.3,24798.84,24468.37,24641.28,19625427158
2023-02-19,BTC,BTC-USD,24640.03,25093.05,24327.64,24327.64,25555105670
2023-02-20,BTC,BTC-USD,24336.62,25020.46,23927.91,24829.15,28987376573
2023-02-21,BTC,BTC-USD,24833.05,25126.85,24200.36,24436.35,31252098714
2023-02-22,BTC,BTC-USD,24437.42,24472.34,23644.32,24188.84,30199996781
2023-02-23,BTC,BTC-USD,24190.72,24572.09,23693.92,23947.49,30476264066
2023-02-24,BTC,BTC-USD,23946.01,24103.71,23007.07,23198.13,26811744928
2023-02-25,BTC,BTC-USD,23200.12,23210.21,22861.56,23175.38,16100721565
2023-02-26,BTC,BTC-USD,23174.15,23654.37,23084.22,23561.21,16644534842
2023-02-27,BTC,BTC-USD,23561.45,23857.89,23205.88,23522.87,22660763494
2023-02-28,BTC,BTC-USD,23521.84,23585.38,23077.65,23147.35,20535363434
2023-03-01,BTC,BTC-USD,23150.93,23880.63,23088.63,23646.55,24662841200
2023-03-02,BTC,BTC-USD,23647.02,23739.14,23245.02,23475.47,20386398516
2023-03-03,BTC,BTC-USD,23476.63,23479.35,22213.24,22362.68,26062404610
2023-03-04,BTC,BTC-USD,22362.92,22405.18,22198.98,22353.35,11166012913
2023-03-05,BTC,BTC-USD,22354.14,22613.69,22307.14,22435.51,13317001733
2023-03-06,BTC,BTC-USD,22436.82,22584.29,22331.31,22429.76,17353192895
2023-03-07,BTC,BTC-USD,22428.32,22527.42,22011.26,22219.77,22765452204
2023-03-08,BTC,BTC-USD,22216.44,22268.9,21708.05,21718.08,22536575684
2023-03-09,BTC,BTC-USD,21720.08,21802.72,20210.31,20363.02,30364664171
2023-03-10,BTC,BTC-USD,20367.0,20370.6,19628.25,20187.24,39578257695
2023-03-11,BTC,BTC-USD,20187.88,20792.53,20068.66,20632.41,30180288176
2023-03-12,BTC,BTC-USD,20628.03,22185.03,20448.81,22163.95,29279035521
2023-03-13,BTC,BTC-USD,22156.41,24550.84,21918.2,24197.53,49466362688
2023-03-14,BTC,BTC-USD,24201.77,26514.72,24081.18,24746.07,54622230164
2023-03-15,BTC,BTC-USD,24770.93,25240.62,23964.91,24375.96,43655701450
2023-03-16,BTC,BTC-USD,24373.46,25190.33,24225.11,25052.79,33866061747
2023-03-17,BTC,BTC-USD,25055.12,27787.81,24955.17,27423.93,50730261335
2023-03-18,BTC,BTC-USD,27448.12,27725.95,26636.26,26965.88,35723036817
2023-03-19,BTC,BTC-USD,26969.5,28440.56,26907.72,28038.68,37769448859
2023-03-20,BTC,BTC-USD,28041.6,28527.72,27242.88,27767.24,44774027664
2023-03-21,BTC,BTC-USD,27768.39,28439.56,27439.65,28175.82,36102192830
2023-03-22,BTC,BTC-USD,28158.72,28803.34,26760.0,27307.44,33382021890
2023-03-23,BTC,BTC-USD,27301.96,28729.84,27183.36,28333.97,24220433689
2023-03-24,BTC,BTC-USD,28324.11,28388.44,27039.27,27493.29,25980310960
2023-03-25,BTC,BTC-USD,27487.34,27791.83,27196.23,27494.71,13383005987
2023-03-26,BTC,BTC-USD,27495.52,28178.14,27445.05,27994.33,13878363192
2023-03-27,BTC,BTC-USD,27994.07,28037.93,26606.69,27139.89,18188895178
2023-03-28,BTC,BTC-USD,27132.89,27460.72,26677.82,27268.13,17783600385
2023-03-29,BTC,BTC-USD,27267.03,28619.54,27259.66,28348.44,20684945906
2023-03-30,BTC,BTC-USD,28350.14,29159.9,27720.16,28033.56,22435349951
2023-03-31,BTC,BTC-USD,28032.26,28639.9,27583.71,28478.48,19001327598
2023-04-01,BTC,BTC-USD,28473.33,28802.46,28297.17,28411.04,10876469901
2023-04-02,BTC,BTC-USD,28462.85,28518.96,27884.09,28199.31,12284641999
2023-04-03,BTC,BTC-USD,28183.08,28475.62,27276.72,27790.22,19556501327
2023-04-04,BTC,BTC-USD,27795.27,28433.74,27681.3,28168.09,15284538859
2023-04-05,BTC,BTC-USD,28169.73,28739.24,27843.76,28177.98,17052315986
2023-04-06,BTC,BTC-USD,28175.23,28178.38,27738.76,28044.14,13837809380
2023-04-07,BTC,BTC-USD,28038.97,28111.59,27794.03,27925.86,10861680497
2023-04-08,BTC,BTC-USD,27920.51,28159.86,27883.39,27947.79,9373255556
2023-04-09,BTC,BTC-USD,27952.37,28532.83,27828.48,28333.05,12175322951
2023-04-10,BTC,BTC-USD,28336.03,29771.46,28189.27,29652.98,19282400094
2023-04-11,BTC,BTC-USD,29653.68,30509.08,29609.3,30235.06,20121259843
2023-04-12,BTC,BTC-USD,30231.58,30462.48,29725.57,30139.05,18651929926
2023-04-13,BTC,BTC-USD,29892.74,30539.85,29878.62,30399.07,17487721001
2023-04-14,BTC,BTC-USD,30409.56,31005.61,30044.5,30485.7,22659995079
2023-04-15,BTC,BTC-USD,30490.75,30601.74,30245.88,30318.5,11940685378
2023-04-16,BTC,BTC-USD,30315.98,30555.54,30157.83,30315.36,12854816417
2023-04-17,BTC,BTC-USD,30317.15,30319.2,29275.37,29445.04,17872186762
2023-04-18,BTC,BTC-USD,29449.09,30470.3,29154.85,30397.55,19480529496
2023-04-19,BTC,BTC-USD,30394.19,30411.05,28669.9,28822.68,24571565421
2023-04-20,BTC,BTC-USD,28823.68,29076.4,28037.26,28245.99,21340360360
2023-04-21,BTC,BTC-USD,28249.23,28349.97,27177.37,27276.91,20759504330
2023-04-22,BTC,BTC-USD,27265.89,27872.14,27169.57,27817.5,13125734602
2023-04-23,BTC,BTC-USD,27816.14,27820.24,27400.31,27591.38,12785446832
2023-04-24,BTC,BTC-USD,27591.73,27979.98,27070.85,27525.34,17703288330
2023-04-25,BTC,BTC-USD,27514.87,28371.08,27207.93,28307.6,17733373139
2023-04-26,BTC,BTC-USD,28300.06,29995.84,27324.55,28422.7,31854242019
2023-04-27,BTC,BTC-USD,28428.46,29871.55,28402.89,29473.79,27153445027
2023-04-28,BTC,BTC-USD,29481.01,29572.79,28929.61,29340.26,17544464887
2023-04-29,BTC,BTC-USD,29336.57,29452.46,29088.04,29248.49,10662634333
2023-04-30,BTC,BTC-USD,29245.52,29952.03,29114.02,29268.81,14652199272
2023-05-01,BTC,BTC-USD,29227.1,29329.94,27680.79,28091.57,18655599976
2023-05-02,BTC,BTC-USD,28087.18,28881.3,27924.12,28680.54,16432924527
2023-05-03,BTC,BTC-USD,28680.49,29259.53,28178.39,29006.31,19122972518
2023-05-04,BTC,BTC-USD,29031.3,29353.19,28694.04,28847.71,15548678514
2023-05-05,BTC,BTC-USD,28851.48,29668.91,28845.51,29534.38,17936566518
2023-05-06,BTC,BTC-USD,29538.86,29820.13,28468.97,28904.62,15913866714
2023-05-07,BTC,BTC-USD,28901.62,29157.52,28441.37,28454.98,11301355486
2023-05-08,BTC,BTC-USD,28450.46,28663.27,27310.13,27694.27,19122903752
2023-05-09,BTC,BTC-USD,27695.07,27821.4,27375.6,27658.78,14128593256
2023-05-10,BTC,BTC-USD,27654.64,28322.69,26883.67,27621.76,20656025026
2023-05-11,BTC,BTC-USD,27621.09,27621.94,26781.83,27000.79,16724343943
2023-05-12,BTC,BTC-USD,26987.66,27055.65,25878.43,26804.99,19313599897
2023-05-13,BTC,BTC-USD,26807.77,27030.48,26710.87,26784.08,9999171605
2023-05-14,BTC,BTC-USD,26788.97,27150.98,26661.36,26930.64,10014858959
2023-05-15,BTC,BTC-USD,26931.38,27646.35,26766.1,27192.69,14413231792
2023-05-16,BTC,BTC-USD,27171.51,27299.3,26878.95,27036.65,12732238816
2023-05-17,BTC,BTC-USD,27035.47,27465.93,26600.14,27398.8,15140006925
2023-05-18,BTC,BTC-USD,27401.65,27466.53,26415.1,26832.21,15222938600
2023-05-19,BTC,BTC-USD,26826.75,27128.62,26700.21,26890.13,11258983301
2023-05-20,BTC,BTC-USD,26888.84,27155.16,26843.28,27129.59,7044911360
2023-05-21,BTC,BTC-USD,27118.42,27265.92,26706.92,26753.83,8647416921
2023-05-22,BTC,BTC-USD,26749.89,27045.73,26549.73,26851.28,11056770492
2023-05-23,BTC,BTC-USD,26855.96,27434.68,26816.18,27225.73,13697203143
2023-05-24,BTC,BTC-USD,27224.6,27224.6,26106.58,26334.82,16299104428
2023-05-25,BTC,BTC-USD,26329.46,26591.52,25890.59,26476.21,13851122697
2023-05-26,BTC,BTC-USD,26474.18,26916.67,26343.95,26719.29,12711619225
2023-05-27,BTC,BTC-USD,26720.18,26888.88,26621.14,26868.35,7892015141
2023-05-28,BTC,BTC-USD,26871.16,28193.45,26802.75,28085.65,14545229578
2023-05-29,BTC,BTC-USD,28075.59,28432.04,27563.88,27745.88,15181308984
2023-05-30,BTC,BTC-USD,27745.12,28044.76,27588.5,27702.35,13251081851
2023-05-31,BTC,BTC-USD,27700.53,27831.68,26866.45,27219.66,15656371534
2023-06-01,BTC,BTC-USD,27218.41,27346.11,26671.72,26819.97,14678970415
2023-06-02,BTC,BTC-USD,26824.56,27303.86,26574.64,27249.59,14837415000
2023-06-03,BTC,BTC-USD,27252.32,27317.05,26958.0,27075.13,8385597470
2023-06-04,BTC,BTC-USD,27075.12,27407.02,26968.22,27119.07,9360912318
2023-06-05,BTC,BTC-USD,27123.11,27129.98,25445.17,25760.1,21513292646
2023-06-06,BTC,BTC-USD,25732.11,27313.82,25434.87,27238.78,21929670693
2023-06-07,BTC,BTC-USD,27235.65,27332.18,26146.99,26346.0,19530045082
2023-06-08,BTC,BTC-USD,26347.65,26797.51,26246.66,26508.22,11904824295
2023-06-09,BTC,BTC-USD,26505.92,26770.29,26339.31,26480.38,11015551640
2023-06-10,BTC,BTC-USD,26481.76,26531.04,25501.84,25851.24,19872933189
2023-06-11,BTC,BTC-USD,25854.03,26203.44,25668.99,25940.17,10732609603
2023-06-12,BTC,BTC-USD,25934.29,26087.92,25675.2,25902.5,11677889997
2023-06-13,BTC,BTC-USD,25902.94,26376.35,25728.37,25918.73,14143474486
2023-06-14,BTC,BTC-USD,25920.26,26041.8,24902.15,25124.68,14265717766
2023-06-15,BTC,BTC-USD,25121.67,25735.31,24797.17,25576.39,15837384409
2023-06-16,BTC,BTC-USD,25575.28,26463.17,25245.36,26327.46,16324646965
2023-06-17,BTC,BTC-USD,26328.68,26769.39,26174.49,26510.68,11090276850
2023-06-18,BTC,BTC-USD,26510.46,26675.93,26325.89,26336.21,9565695129
2023-06-19,BTC,BTC-USD,26335.44,26984.61,26312.83,26851.03,12826986222
2023-06-20,BTC,BTC-USD,26841.66,28388.97,26668.79,28327.49,22211859147
2023-06-21,BTC,BTC-USD,28311.31,30737.33,28283.41,30027.3,33346760979
2023-06-22,BTC,BTC-USD,29995.94,30496.0,29679.16,29912.28,20653160491
2023-06-23,BTC,BTC-USD,29896.38,31389.54,29845.21,30695.47,24115570085
2023-06-24,BTC,BTC-USD,30708.74,30804.15,30290.15,30548.7,12147822496
2023-06-25,BTC,BTC-USD,30545.15,31041.27,30327.94,30480.26,12703464114
2023-06-26,BTC,BTC-USD,30480.52,30636.03,29955.74,30271.13,16493186997
2023-06-27,BTC,BTC-USD,30274.32,31006.79,30236.65,30688.16,16428827944
2023-06-28,BTC,BTC-USD,30696.56,30703.28,29921.82,30086.25,14571500779
2023-06-29,BTC,BTC-USD,30086.19,30796.25,30057.2,30445.35,13180860821
2023-06-30,BTC,BTC-USD,30441.35,31256.86,29600.28,30477.25,26387306197
2023-07-01,BTC,BTC-USD,30471.85,30641.29,30328.87,30590.08,9086606733
2023-07-02,BTC,BTC-USD,30587.27,30766.14,30264.02,30620.77,10533418042
2023-07-03,BTC,BTC-USD,30624.52,31375.61,30586.51,31156.44,15271884873
2023-07-04,BTC,BTC-USD,31156.87,31325.2,30659.36,30777.58,12810828427
2023-07-05,BTC,BTC-USD,30778.72,30877.33,30225.61,30514.17,12481622280
2023-07-06,BTC,BTC-USD,30507.15,31460.05,29892.23,29909.34,21129219509
2023-07-07,BTC,BTC-USD,29908.0,30434.64,29777.29,30342.27,13384770155
2023-07-08,BTC,BTC-USD,30346.92,30374.44,30080.16,30292.54,7509378699
2023-07-09,BTC,BTC-USD,30291.61,30427.59,30085.59,30171.23,7903327692
2023-07-10,BTC,BTC-USD,30172.42,31026.08,29985.39,30414.47,14828209155
2023-07-11,BTC,BTC-USD,30417.63,30788.31,30358.1,30620.95,12151839152
2023-07-12,BTC,BTC-USD,30622.25,30959.96,30228.84,30391.65,14805659717
2023-07-13,BTC,BTC-USD,30387.49,31814.52,30268.35,31476.05,23686079548
2023-07-14,BTC,BTC-USD,31474.72,31582.25,29966.39,30334.07,20917902660
2023-07-15,BTC,BTC-USD,30331.78,30407.78,30263.46,30295.81,8011667756
2023-07-16,BTC,BTC-USD,30297.47,30437.56,30089.67,30249.13,8516564470
2023-07-17,BTC,BTC-USD,30249.63,30336.4,29685.78,30145.89,13240156074
2023-07-18,BTC,BTC-USD,30147.07,30233.66,29556.43,29856.56,13138897269
2023-07-19,BTC,BTC-USD,29862.05,30184.18,29794.27,29913.92,12128602812
2023-07-20,BTC,BTC-USD,29915.25,30195.53,29638.1,29792.02,14655207121
2023-07-21,BTC,BTC-USD,29805.11,30046.0,29733.85,29908.74,10972789818
2023-07-22,BTC,BTC-USD,29908.7,29991.62,29664.12,29771.8,7873300598
2023-07-23,BTC,BTC-USD,29790.11,30330.64,29741.53,30084.54,9220145050
2023-07-24,BTC,BTC-USD,30081.66,30093.39,28934.29,29176.92,15395817395
2023-07-25,BTC,BTC-USD,29178.97,29353.16,29062.43,29227.39,10266772793
2023-07-26,BTC,BTC-USD,29225.76,29675.55,29113.91,29354.97,13497554655
2023-07-27,BTC,BTC-USD,29353.8,29560.97,29099.35,29210.69,10770779217
2023-07-28,BTC,BTC-USD,29212.16,29521.51,29125.85,29319.25,11218474952
2023-07-29,BTC,BTC-USD,29319.45,29396.84,29264.17,29356.92,6481775959
2023-07-30,BTC,BTC-USD,29357.09,29443.17,29059.5,29275.31,8678454527
2023-07-31,BTC,BTC-USD,29278.31,29489.87,29131.58,29230.11,11656781982
2023-08-01,BTC,BTC-USD,29230.87,29675.73,28657.02,29675.73,18272392391
2023-08-02,BTC,BTC-USD,29704.15,29988.0,28946.51,29151.96,19212655598
2023-08-03,BTC,BTC-USD,29161.81,29375.71,28959.49,29178.68,12780357746
2023-08-04,BTC,BTC-USD,29174.38,29302.08,28885.34,29074.09,12036639988
2023-08-05,BTC,BTC-USD,29075.39,29102.46,28957.8,29042.13,6598366353
2023-08-06,BTC,BTC-USD,29043.7,29160.82,28963.83,29041.86,7269806994
2023-08-07,BTC,BTC-USD,29038.51,29244.28,28724.14,29180.58,13618163710
2023-08-08,BTC,BTC-USD,29180.02,30176.8,29113.81,29765.49,17570561357
2023-08-09,BTC,BTC-USD,29766.7,30093.44,29376.8,29561.49,18379521213
2023-08-10,BTC,BTC-USD,29563.97,29688.56,29354.45,29429.59,11865344789
2023-08-11,BTC,BTC-USD,29424.9,29517.77,29253.52,29397.71,10195168197
2023-08-12,BTC,BTC-USD,29399.79,29465.11,29357.59,29415.96,6194358008
2023-08-13,BTC,BTC-USD,29416.59,29441.43,29265.81,29282.91,7329897180
2023-08-14,BTC,BTC-USD,29283.26,29660.25,29124.11,29408.44,14013695304
2023-08-15,BTC,BTC-USD,29408.05,29439.12,29088.85,29170.35,12640195779
2023-08-16,BTC,BTC-USD,29169.07,29221.98,28701.78,28701.78,14949271904
2023-08-17,BTC,BTC-USD,28699.8,28745.95,25409.11,26664.55,31120851211
2023-08-18,BTC,BTC-USD,26636.08,26808.2,25668.92,26049.56,24026236529
2023-08-19,BTC,BTC-USD,26047.83,26249.45,25802.41,26096.21,10631443812
2023-08-20,BTC,BTC-USD,26096.86,26260.68,26004.31,26189.58,9036580420
2023-08-21,BTC,BTC-USD,26188.69,26220.2,25846.09,26124.14,13371557893
2023-08-22,BTC,BTC-USD,26130.75,26135.51,25520.73,26031.66,14503820706
2023-08-23,BTC,BTC-USD,26040.47,26786.9,25805.0,26431.64,16985265785
2023-08-24,BTC,BTC-USD,26431.52,26554.91,25914.93,26162.37,12871532023
2023-08-25,BTC,BTC-USD,26163.68,26248.1,25786.81,26047.67,12406045118
2023-08-26,BTC,BTC-USD,26047.23,26107.38,25983.88,26008.46,6034817316
2023-08-27,BTC,BTC-USD,26008.24,26165.37,25965.1,26089.69,6913768611
2023-08-28,BTC,BTC-USD,26089.62,26198.58,25880.6,26106.15,11002805166
2023-08-29,BTC,BTC-USD,26102.49,28089.34,25912.63,27727.39,29368391712
2023-08-30,BTC,BTC-USD,27726.08,27760.16,27069.21,27297.27,16343655235
2023-08-31,BTC,BTC-USD,27301.93,27456.08,25752.93,25931.47,20181001451
2023-09-01,BTC,BTC-USD,25934.02,26125.87,25362.61,25800.72,17202862221
2023-09-02,BTC,BTC-USD,25800.91,25970.29,25753.09,25868.8,10100387473
2023-09-03,BTC,BTC-USD,25869.47,26087.15,25817.03,25969.57,8962524523
2023-09-04,BTC,BTC-USD,25968.17,26081.53,25657.03,25812.42,10680635106
2023-09-05,BTC,BTC-USD,25814.96,25858.38,25589.99,25779.98,11094740040
2023-09-06,BTC,BTC-USD,25783.93,25953.02,25404.36,25753.24,12752705327
2023-09-07,BTC,BTC-USD,25748.31,26409.3,25608.2,26240.2,11088307100
2023-09-08,BTC,BTC-USD,26245.21,26414.01,25677.48,25905.65,10817356400
2023-09-09,BTC,BTC-USD,25905.43,25921.98,25810.49,25895.68,5481314132
2023-09-10,BTC,BTC-USD,25895.21,25978.13,25640.26,25832.23,7899553047
2023-09-11,BTC,BTC-USD,25831.71,25883.95,24930.3,25162.65,14600006467
2023-09-12,BTC,BTC-USD,25160.66,26451.94,25133.08,25833.34,18657279324
2023-09-13,BTC,BTC-USD,25837.55,26376.11,25781.12,26228.32,13072077070
2023-09-14,BTC,BTC-USD,26228.28,26774.62,26171.45,26539.67,13811359124
2023-09-15,BTC,BTC-USD,26533.82,26840.5,26240.7,26608.69,11479735788
2023-09-16,BTC,BTC-USD,26606.2,26754.77,26473.89,26568.28,7402031417
2023-09-17,BTC,BTC-USD,26567.93,26618.0,26445.07,26534.19,6774210670
2023-09-18,BTC,BTC-USD,26532.99,27414.73,26415.52,26754.28,15615339655
2023-09-19,BTC,BTC-USD,26760.85,27488.76,26681.61,27211.12,13807690550
2023-09-20,BTC,BTC-USD,27210.23,27379.51,26864.08,27132.01,13281116604
2023-09-21,BTC,BTC-USD,27129.84,27152.94,26389.3,26567.63,13371443708
2023-09-22,BTC,BTC-USD,26564.06,26726.08,26495.53,26579.57,10578746709
2023-09-23,BTC,BTC-USD,26578.56,26634.19,26520.52,26579.39,7404700301
2023-09-24,BTC,BTC-USD,26579.37,26716.06,26221.05,26256.83,8192867686
2023-09-25,BTC,BTC-USD,26253.78,26421.51,26011.47,26298.48,11997833257
2023-09-26,BTC,BTC-USD,26294.76,26389.88,26090.71,26217.25,9985498161
2023-09-27,BTC,BTC-USD,26209.5,26817.84,26111.46,26352.72,11718380997
2023-09-28,BTC,BTC-USD,26355.81,27259.5,26327.32,27021.55,14079002707
2023-09-29,BTC,BTC-USD,27024.84,27225.94,26721.76,26911.72,10396435377
2023-09-30,BTC,BTC-USD,26911.69,27091.79,26888.97,26967.92,5331172801
2023-10-01,BTC,BTC-USD,26967.4,28047.24,26965.09,27983.75,9503917434
2023-10-02,BTC,BTC-USD,27976.8,28494.46,27347.79,27530.79,19793041322
2023-10-03,BTC,BTC-USD,27508.25,27667.19,27216.0,27429.98,11407814187
2023-10-04,BTC,BTC-USD,27429.07,27826.66,27248.11,27799.39,11143355314
2023-10-05,BTC,BTC-USD,27798.65,28091.86,27375.6,27415.91,11877253670
2023-10-06,BTC,BTC-USD,27412.12,28252.54,27215.55,27946.6,13492391599
2023-10-07,BTC,BTC-USD,27946.78,28028.09,27870.42,27968.84,6553044316
2023-10-08,BTC,BTC-USD,27971.68,28102.17,27740.66,27935.09,7916875290
2023-10-09,BTC,BTC-USD,27934.47,27989.47,27302.56,27583.68,12007668568
2023-10-10,BTC,BTC-USD,27589.2,27715.85,27301.65,27391.02,9973350678
2023-10-11,BTC,BTC-USD,27392.08,27474.12,26561.1,26873.32,13648094333
2023-10-12,BTC,BTC-USD,26873.29,26921.44,26558.32,26756.8,9392909295
2023-10-13,BTC,BTC-USD,26752.88,27092.7,26686.32,26862.38,15165312851
2023-10-14,BTC,BTC-USD,26866.2,26969.0,26814.59,26861.71,5388116782
2023-10-15,BTC,BTC-USD,26858.01,27289.17,26817.89,27159.65,7098201980
2023-10-16,BTC,BTC-USD,27162.63,29448.14,27130.47,28519.47,27833876539
2023-10-17,BTC,BTC-USD,28522.1,28618.75,28110.19,28415.75,14872527508
2023-10-18,BTC,BTC-USD,28413.53,28889.01,28174.25,28328.34,12724128586
2023-10-19,BTC,BTC-USD,28332.42,28892.47,28177.99,28719.81,14448058195
2023-10-20,BTC,BTC-USD,28732.81,30104.09,28601.67,29682.95,21536125230
2023-10-21,BTC,BTC-USD,29683.38,30287.48,29481.75,29918.41,11541146996
2023-10-22,BTC,BTC-USD,29918.65,30199.43,29720.31,29993.9,10446520040
2023-10-23,BTC,BTC-USD,30140.69,34370.44,30097.83,33086.23,38363572311
2023-10-24,BTC,BTC-USD,33077.3,35150.43,32880.76,33901.53,44934999645
2023-10-25,BTC,BTC-USD,33916.04,35133.76,33709.11,34502.82,25254318008
2023-10-26,BTC,BTC-USD,34504.29,34832.91,33762.32,34156.65,19427195376
2023-10-27,BTC,BTC-USD,34156.5,34238.21,33416.89,33909.8,16418032871
2023-10-28,BTC,BTC-USD,33907.72,34399.39,33874.8,34089.57,10160330825
2023-10-29,BTC,BTC-USD,34089.37,34743.26,33947.57,34538.48,11160323986
2023-10-30,BTC,BTC-USD,34531.74,34843.93,34110.97,34502.36,17184860315
2023-10-31,BTC,BTC-USD,34500.08,34719.25,34083.31,34667.78,15758270810
2023-11-01,BTC,BTC-USD,34657.27,35527.93,34170.69,35437.25,22446272005
2023-11-02,BTC,BTC-USD,35441.58,35919.84,34401.57,34938.24,20998158544
2023-11-03,BTC,BTC-USD,34942.47,34942.47,34133.44,34732.32,17158456701
2023-11-04,BTC,BTC-USD,34736.32,35256.03,34616.69,35082.2,9561294264
2023-11-05,BTC,BTC-USD,35090.01,35340.34,34594.24,35049.36,12412743996
2023-11-06,BTC,BTC-USD,35044.79,35286.03,34765.36,35037.37,12693436420
2023-11-07,BTC,BTC-USD,35047.79,35892.42,34545.82,35443.56,18834737789
2023-11-08,BTC,BTC-USD,35419.48,35994.42,35147.8,35655.28,17295394918
2023-11-09,BTC,BTC-USD,35633.63,37926.26,35592.1,36693.12,37762672382
2023-11-10,BTC,BTC-USD,36702.25,37493.8,36362.75,37313.97,22711265155
2023-11-11,BTC,BTC-USD,37310.07,37407.09,36773.67,37138.05,13924272142
2023-11-12,BTC,BTC-USD,37133.99,37227.69,36779.12,37054.52,11545715999
2023-11-13,BTC,BTC-USD,37070.3,37405.12,36399.61,36502.36,19057712790
2023-11-14,BTC,BTC-USD,36491.79,36753.35,34948.5,35537.64,23857403554
2023-11-15,BTC,BTC-USD,35548.11,37964.89,35383.78,37880.58,27365821679
2023-11-16,BTC,BTC-USD,37879.98,37934.62,35545.47,36154.77,26007385366
2023-11-17,BTC,BTC-USD,36164.82,36704.48,35901.23,36596.68,22445028430
2023-11-18,BTC,BTC-USD,36625.37,36839.28,36233.31,36585.7,11886022717
2023-11-19,BTC,BTC-USD,36585.77,37509.36,36414.6,37386.55,12915986553
2023-11-20,BTC,BTC-USD,37374.07,37756.82,36882.53,37476.96,20888209068
2023-11-21,BTC,BTC-USD,37469.16,37631.14,35813.81,35813.81,25172163756
2023-11-22,BTC,BTC-USD,35756.55,37856.98,35670.97,37432.34,24397247860
2023-11-23,BTC,BTC-USD,37420.43,37643.92,36923.86,37289.62,14214948217
2023-11-24,BTC,BTC-USD,37296.32,38415.34,37261.61,37720.28,22922957823
2023-11-25,BTC,BTC-USD,37721.41,37892.43,37617.42,37796.79,9099571165
2023-11-26,BTC,BTC-USD,37796.83,37820.3,37162.75,37479.12,13744796068
2023-11-27,BTC,BTC-USD,37454.19,37559.36,36750.13,37254.17,19002925720
2023-11-28,BTC,BTC-USD,37247.99,38368.48,36891.09,37831.09,21696137014
2023-11-29,BTC,BTC-USD,37826.11,38366.11,37612.63,37858.49,20728546658
2023-11-30,BTC,BTC-USD,37861.12,38141.75,37531.14,37712.75,18115982627
2023-12-01,BTC,BTC-USD,37718.01,38954.11,37629.36,38688.75,23512784002
2023-12-02,BTC,BTC-USD,38689.28,39678.94,38652.59,39476.33,15534035612
2023-12-03,BTC,BTC-USD,39472.21,40135.61,39298.16,39978.39,15769696322
2023-12-04,BTC,BTC-USD,39978.63,42371.75,39978.63,41980.1,39856129827
2023-12-05,BTC,BTC-USD,41986.27,44408.66,41421.15,44080.65,36312154535
2023-12-06,BTC,BTC-USD,44080.02,44265.77,43478.08,43746.45,29909761586
2023-12-07,BTC,BTC-USD,43769.13,44042.59,42880.65,43292.66,27635760671
2023-12-08,BTC,BTC-USD,43293.14,44705.52,43125.3,44166.6,24421116687
2023-12-09,BTC,BTC-USD,44180.02,44361.26,43627.6,43725.98,17368210171
2023-12-10,BTC,BTC-USD,43728.38,44034.62,43593.29,43779.7,13000481418
2023-12-11,BTC,BTC-USD,43792.02,43808.38,40234.58,41243.83,40632672038
2023-12-12,BTC,BTC-USD,41238.73,42048.3,40667.56,41450.22,24779520132
2023-12-13,BTC,BTC-USD,41468.46,43429.78,40676.87,42890.74,26797884674
2023-12-14,BTC,BTC-USD,42884.26,43390.86,41767.09,43023.97,25578530178
2023-12-15,BTC,BTC-USD,43028.25,43087.82,41692.97,41929.76,19639442462
2023-12-16,BTC,BTC-USD,41937.74,42664.95,41723.11,42240.12,14386729590
2023-12-17,BTC,BTC-USD,42236.11,42359.5,41274.54,41364.66,16678702876
2023-12-18,BTC,BTC-USD,41348.2,42720.3,40530.26,42623.54,25224642008
2023-12-19,BTC,BTC-USD,42641.51,43354.3,41826.34,42270.53,23171001281
2023-12-20,BTC,BTC-USD,42261.3,44275.59,42223.82,43652.25,27868908174
2023-12-21,BTC,BTC-USD,43648.12,44240.67,43330.05,43869.15,22452766169
2023-12-22,BTC,BTC-USD,43868.99,44367.96,43441.97,43997.9,21028503216
2023-12-23,BTC,BTC-USD,44012.2,44015.7,43351.36,43739.54,13507796558
2023-12-24,BTC,BTC-USD,43728.37,43945.52,42786.92,43016.12,18830554085
2023-12-25,BTC,BTC-USD,43010.57,43765.09,42765.77,43613.14,21115795370
2023-12-26,BTC,BTC-USD,43599.85,43603.18,41676.49,42520.4,30026850982
2023-12-27,BTC,BTC-USD,42518.47,43683.16,42167.58,43442.86,25260941032
2023-12-28,BTC,BTC-USD,43468.2,43804.78,42318.55,42627.86,22992093014
2023-12-29,BTC,BTC-USD,42614.64,43124.32,41424.06,42099.4,26000021055
2023-12-30,BTC,BTC-USD,42091.75,42584.12,41556.23,42156.9,16013925945
2023-12-31,BTC,BTC-USD,42152.1,42860.94,41998.25,42265.19,16397498810
2024-01-01,BTC,BTC-USD,42280.23,44175.44,42214.98,44167.33,18426978443
2024-01-02,BTC,BTC-USD,44187.14,45899.71,44176.95,44957.97,39335274536
2024-01-03,BTC,BTC-USD,44961.6,45503.24,40813.54,42848.18,46342323118
2024-01-04,BTC,BTC-USD,42855.82,44770.02,42675.18,44179.92,30448091210
2024-01-05,BTC,BTC-USD,44192.98,44353.29,42784.72,44162.69,32336029347
2024-01-06,BTC,BTC-USD,44178.95,44227.63,43475.16,43989.2,16092503468
2024-01-07,BTC,BTC-USD,43998.46,44495.57,43662.23,43943.1,19330573863
2024-01-08,BTC,BTC-USD,43948.71,47218.0,43244.08,46970.5,42746192015
2024-01-09,BTC,BTC-USD,46987.64,47893.7,45244.71,46139.73,39821290992
2024-01-10,BTC,BTC-USD,46121.54,47647.22,44483.15,46627.78,50114613298
2024-01-11,BTC,BTC-USD,46656.07,48969.37,45678.64,46368.59,45833734549
2024-01-12,BTC,BTC-USD,46354.79,46498.14,41903.77,42853.17,43332698900
2024-01-13,BTC,BTC-USD,42799.45,43234.66,42464.14,42842.38,20601860469
2024-01-14,BTC,BTC-USD,42842.26,43065.6,41724.61,41796.27,17521429522
2024-01-15,BTC,BTC-USD,41715.07,43319.72,41705.42,42511.97,22320220558
2024-01-16,BTC,BTC-USD,42499.34,43566.27,42086.0,43154.95,24062872740
2024-01-17,BTC,BTC-USD,43132.1,43189.89,42189.31,42742.65,20851232595
2024-01-18,BTC,BTC-USD,42742.31,42876.35,40631.17,41262.06,25218357242
2024-01-19,BTC,BTC-USD,41278.46,42134.16,40297.46,41618.41,25752407154
2024-01-20,BTC,BTC-USD,41624.59,41877.89,41446.82,41665.59,11586690904
2024-01-21,BTC,BTC-USD,41671.49,41855.37,41497.01,41545.79,9344043642
2024-01-22,BTC,BTC-USD,41553.65,41651.21,39450.12,39507.37,31338708143
2024-01-23,BTC,BTC-USD,39518.71,40127.35,38521.89,39845.55,29244553045
2024-01-24,BTC,BTC-USD,39877.59,40483.79,39508.8,40077.07,22359526178
2024-01-25,BTC,BTC-USD,40075.55,40254.48,39545.66,39933.81,18491782013
2024-01-26,BTC,BTC-USD,39936.82,42209.39,39825.69,41816.87,25598119893
2024-01-27,BTC,BTC-USD,41815.62,42195.63,41431.28,42120.05,11422941934
2024-01-28,BTC,BTC-USD,42126.12,42797.18,41696.91,42035.59,16858971687
2024-01-29,BTC,BTC-USD,42030.91,43305.87,41818.33,43288.25,20668476578
2024-01-30,BTC,BTC-USD,43300.23,43838.95,42711.37,42952.61,23842814518
2024-01-31,BTC,BTC-USD,42946.25,43717.41,42298.95,42582.61,24673628793
2024-02-01,BTC,BTC-USD,42569.76,43243.17,41879.19,43075.77,21423953779
2024-02-02,BTC,BTC-USD,43077.64,43422.49,42584.34,43185.86,18603843039
2024-02-03,BTC,BTC-USD,43184.96,43359.94,42890.81,42992.25,11169245236
2024-02-04,BTC,BTC-USD,42994.94,43097.64,42374.83,42583.58,14802225490
2024-02-05,BTC,BTC-USD,42577.62,43494.25,42264.82,42658.67,18715487317
2024-02-06,BTC,BTC-USD,42657.39,43344.15,42529.02,43084.67,16798476726
2024-02-07,BTC,BTC-USD,43090.02,44341.95,42775.96,44318.22,21126587775
2024-02-08,BTC,BTC-USD,44332.12,45575.84,44332.12,45301.57,26154524080
2024-02-09,BTC,BTC-USD,45297.38,48152.5,45260.82,47147.2,39316770844
2024-02-10,BTC,BTC-USD,47153.53,48146.17,46905.32,47771.28,16398681570
2024-02-11,BTC,BTC-USD,47768.97,48535.94,47617.41,48293.92,19315867136
2024-02-12,BTC,BTC-USD,48296.39,50280.48,47745.76,49958.22,34511985805
2024-02-13,BTC,BTC-USD,49941.36,50358.39,48406.5,49742.44,35593051468
2024-02-14,BTC,BTC-USD,49733.45,52021.37,49296.83,51826.7,39105608050
2024-02-15,BTC,BTC-USD,51836.79,52820.07,51371.63,51938.55,38564360533
2024-02-16,BTC,BTC-USD,51937.73,52537.97,51641.37,52160.2,28180567298
2024-02-17,BTC,BTC-USD,52161.68,52191.91,50669.67,51663.0,20009091006
2024-02-18,BTC,BTC-USD,51661.97,52356.96,51233.71,52122.55,17595377311
2024-02-19,BTC,BTC-USD,52134.81,52483.32,51711.82,51779.14,21362184346
2024-02-20,BTC,BTC-USD,51777.73,52945.05,50792.31,52284.88,33353758256
2024-02-21,BTC,BTC-USD,52273.54,52368.82,50671.76,51839.18,28624907020
2024-02-22,BTC,BTC-USD,51854.64,52009.61,50926.29,51304.97,25413900611
2024-02-23,BTC,BTC-USD,51283.91,51497.93,50561.78,50731.95,21427078270
2024-02-24,BTC,BTC-USD,50736.37,51684.2,50585.45,51571.1,15174077879
2024-02-25,BTC,BTC-USD,51565.21,51950.03,51306.17,51733.24,15413239245
2024-02-26,BTC,BTC-USD,51730.54,54938.18,50931.03,54522.4,34074411896
2024-02-27,BTC,BTC-USD,54519.36,57537.84,54484.2,57085.37,49756832031
2024-02-28,BTC,BTC-USD,57071.1,63913.13,56738.43,62504.79,83239156760
2024-02-29,BTC,BTC-USD,62499.18,63585.64,60498.73,61198.38,65496611844
2024-03-01,BTC,BTC-USD,61168.06,63155.1,60802.53,62440.63,40186368423
2024-03-02,BTC,BTC-USD,62431.65,62458.7,61657.29,62029.85,23888473685
2024-03-03,BTC,BTC-USD,62031.58,63230.21,61435.02,63167.37,26253811450
2024-03-04,BTC,BTC-USD,63137.0,68537.03,62386.52,68330.41,70670471105
2024-03-05,BTC,BTC-USD,68341.05,69170.62,59323.91,63801.2,102802940877
2024-03-06,BTC,BTC-USD,63776.05,67637.93,62848.67,66106.8,68750229073
2024-03-07,BTC,BTC-USD,66099.74,68029.92,65655.53,66925.48,46989543159
2024-03-08,BTC,BTC-USD,66938.09,70083.05,66230.45,68300.09,59202881172
2024-03-09,BTC,BTC-USD,68299.26,68673.05,68053.12,68498.88,21609650379
2024-03-10,BTC,BTC-USD,68500.26,70005.2,68239.98,69019.79,35683977532
2024-03-11,BTC,BTC-USD,69020.55,72850.71,67194.88,72123.91,65716656765
2024-03-12,BTC,BTC-USD,72125.12,72825.66,68728.85,71481.29,62554434520
2024-03-13,BTC,BTC-USD,71482.12,73637.48,71334.09,73083.5,48212536929
2024-03-14,BTC,BTC-USD,73079.38,73750.07,68563.02,71396.59,59594605698
2024-03-15,BTC,BTC-USD,71387.88,72357.13,65630.7,69403.77,78320453976
2024-03-16,BTC,BTC-USD,69392.48,70046.27,64801.39,65315.12,46842198371
2024-03-17,BTC,BTC-USD,65316.34,68845.72,64545.32,68390.62,44716864318
2024-03-18,BTC,BTC-USD,68371.3,68897.13,66594.23,67548.59,49261579492
2024-03-19,BTC,BTC-USD,67556.13,68106.93,61536.18,61912.77,74215844794
2024-03-20,BTC,BTC-USD,61930.16,68115.26,60807.79,67913.67,66792634382
2024-03-21,BTC,BTC-USD,67911.59,68199.99,64580.92,65491.39,44480350565
2024-03-22,BTC,BTC-USD,65489.93,66623.75,62355.37,63778.76,41401116964
2024-03-23,BTC,BTC-USD,63802.72,65976.4,63038.49,64062.2,24738964812
2024-03-24,BTC,BTC-USD,64070.75,67622.76,63825.85,67234.17,27206630673
2024-03-25,BTC,BTC-USD,67234.09,71162.59,66414.84,69958.81,42700139523
2024-03-26,BTC,BTC-USD,69931.33,71535.74,69335.61,69987.84,36010437368
2024-03-27,BTC,BTC-USD,69991.9,71727.69,68381.93,69455.34,40827113309
2024-03-28,BTC,BTC-USD,69452.77,71546.02,68895.51,70744.95,34374900617
2024-03-29,BTC,BTC-USD,70744.8,70913.09,69076.66,69892.83,25230851763
2024-03-30,BTC,BTC-USD,69893.45,70355.49,69601.06,69645.3,17130241883
2024-03-31,BTC,BTC-USD,69647.78,71377.78,69624.87,71333.65,20050941373
2024-04-01,BTC,BTC-USD,71333.48,71342.09,68110.7,69702.15,34873527352
2024-04-02,BTC,BTC-USD,69705.02,69708.38,64586.59,65446.97,50705240709
2024-04-03,BTC,BTC-USD,65446.67,66914.32,64559.9,65980.81,34488018367
2024-04-04,BTC,BTC-USD,65975.7,69291.26,65113.8,68508.84,34439527442
2024-04-05,BTC,BTC-USD,68515.76,68725.76,66011.48,67837.64,33748230056
2024-04-06,BTC,BTC-USD,67840.57,69629.6,67491.72,68896.11,19967785809
2024-04-07,BTC,BTC-USD,68897.11,70284.43,68851.63,69362.55,21204930369
2024-04-08,BTC,BTC-USD,69362.55,72715.36,69064.24,71631.36,37261432669
2024-04-09,BTC,BTC-USD,71632.5,71742.51,68212.92,69139.02,36426900409
2024-04-10,BTC,BTC-USD,69140.24,71093.43,67503.56,70587.88,38318601774
2024-04-11,BTC,BTC-USD,70575.73,71256.23,69571.81,70060.61,30153382941
2024-04-12,BTC,BTC-USD,70061.38,71222.74,65254.84,67195.87,44129299406
2024-04-13,BTC,BTC-USD,67188.38,67931.43,60919.11,63821.47,52869738185
2024-04-14,BTC,BTC-USD,63836.23,65824.43,62205.85,65738.73,49084320047
2024-04-15,BTC,BTC-USD,65739.65,66878.65,62332.07,63426.21,43595917654
2024-04-16,BTC,BTC-USD,63419.3,64355.67,61716.4,63811.86,42847528078
2024-04-17,BTC,BTC-USD,63831.85,64486.36,59768.59,61276.69,41915247049
2024-04-18,BTC,BTC-USD,61275.32,64125.69,60833.48,63512.75,36006307335
2024-04-19,BTC,BTC-USD,63510.75,65481.6,59651.39,63843.57,49920425401
2024-04-20,BTC,BTC-USD,63851.1,65442.46,63172.4,64994.44,23097485495
2024-04-21,BTC,BTC-USD,64992.82,65723.24,64277.72,64926.64,20506644853
2024-04-22,BTC,BTC-USD,64935.63,67233.96,64548.18,66837.68,28282686673
2024-04-23,BTC,BTC-USD,66839.89,67199.24,65864.87,66407.27,24310975583
2024-04-24,BTC,BTC-USD,66408.72,67075.37,63589.87,64276.9,30276655120
2024-04-25,BTC,BTC-USD,64275.02,65275.21,62783.63,64481.71,32155786816
2024-04-26,BTC,BTC-USD,64485.37,64789.66,63322.4,63755.32,24139372950
2024-04-27,BTC,BTC-USD,63750.99,63898.36,62424.72,63419.14,19530783039
2024-04-28,BTC,BTC-USD,63423.52,64321.48,62793.6,63113.23,17334827993
2024-04-29,BTC,BTC-USD,63106.36,64174.88,61795.46,63841.12,26635912073
2024-04-30,BTC,BTC-USD,63839.42,64703.33,59120.07,60636.86,37840840057
2024-05-01,BTC,BTC-USD,60609.5,60780.5,56555.29,58254.01,48439780271
2024-05-02,BTC,BTC-USD,58253.7,59602.3,56937.2,59123.43,32711813559
2024-05-03,BTC,BTC-USD,59122.3,63320.5,58848.31,62889.84,33172023048
2024-05-04,BTC,BTC-USD,62891.03,64494.96,62599.35,63891.47,20620477992
2024-05-05,BTC,BTC-USD,63892.45,64610.89,62955.3,64031.13,18296164805
2024-05-06,BTC,BTC-USD,64038.31,65494.9,62746.24,63161.95,28697928697
2024-05-07,BTC,BTC-USD,63162.76,64390.46,62285.98,62334.82,25930730982
2024-05-08,BTC,BTC-USD,62332.64,62986.09,60877.13,61187.94,26088172222
2024-05-09,BTC,BTC-USD,61191.2,63404.91,60648.07,63049.96,25453338161
2024-05-10,BTC,BTC-USD,63055.19,63446.74,60208.78,60792.78,27804954694
2024-05-11,BTC,BTC-USD,60793.36,61451.15,60492.62,60793.71,13842272968
2024-05-12,BTC,BTC-USD,60793.5,61818.16,60632.6,61448.39,13800459405
2024-05-13,BTC,BTC-USD,61451.22,63422.66,60769.84,62901.45,27889181179
2024-05-14,BTC,BTC-USD,62900.77,63092.12,61123.77,61552.79,28186271527
2024-05-15,BTC,BTC-USD,61553.99,66454.45,61330.41,66267.49,39815167074
2024-05-16,BTC,BTC-USD,66256.11,66712.43,64613.05,65231.58,31573077994
2024-05-17,BTC,BTC-USD,65231.3,67459.46,65119.32,67051.88,28031279310
2024-05-18,BTC,BTC-USD,67066.21,67387.33,66663.5,66940.8,16712277406
2024-05-19,BTC,BTC-USD,66937.93,67694.3,65937.18,66278.37,19249094538
2024-05-20,BTC,BTC-USD,66278.74,71483.56,66086.17,71448.2,43850655717
2024-05-21,BTC,BTC-USD,71443.06,71946.46,69191.12,70136.53,46932005990
2024-05-22,BTC,BTC-USD,70135.32,70623.7,68977.7,69122.34,32802561717
2024-05-23,BTC,BTC-USD,69121.3,70041.27,66356.95,67929.56,41895680979
2024-05-24,BTC,BTC-USD,67928.13,69220.3,66622.67,68526.1,29197308153
2024-05-25,BTC,BTC-USD,68526.92,69579.32,68515.82,69265.95,15473071741
2024-05-26,BTC,BTC-USD,69264.29,69506.23,68183.89,68518.09,15628433737
2024-05-27,BTC,BTC-USD,68512.18,70597.88,68232.5,69394.55,25870990717
2024-05-28,BTC,BTC-USD,69392.2,69514.64,67227.16,68296.22,32722265965
2024-05-29,BTC,BTC-USD,68296.35,68852.46,67101.49,67578.09,26707072906
2024-05-30,BTC,BTC-USD,67576.09,69500.54,67118.08,68364.99,29509712534
2024-05-31,BTC,BTC-USD,68362.52,68999.56,66633.42,67491.41,27387283769
2024-06-01,BTC,BTC-USD,67489.61,67839.77,67386.2,67706.94,11641495604
2024-06-02,BTC,BTC-USD,67710.27,68409.16,67315.52,67751.6,17110588415
2024-06-03,BTC,BTC-USD,67753.9,70230.82,67589.84,68804.78,32401285324
2024-06-04,BTC,BTC-USD,68804.57,71047.41,68564.64,70567.77,33149696545
2024-06-05,BTC,BTC-USD,70568.35,71735.41,70390.71,71082.82,32810771409
2024-06-06,BTC,BTC-USD,71082.84,71625.73,70119.12,70757.16,25223152007
2024-06-07,BTC,BTC-USD,70759.19,71907.85,68507.26,69342.59,36188381096
2024-06-08,BTC,BTC-USD,69324.18,69533.32,69210.74,69305.77,14262185861
2024-06-09,BTC,BTC-USD,69297.49,69817.52,69160.84,69647.99,13534028500
2024-06-10,BTC,BTC-USD,69644.31,70146.07,69232.42,69512.28,20597699541
2024-06-11,BTC,BTC-USD,69508.08,69549.41,66123.6,67332.03,37116136345
2024-06-12,BTC,BTC-USD,67321.38,69977.89,66902.45,68241.19,34497940694
2024-06-13,BTC,BTC-USD,68243.1,68365.78,66304.56,66756.4,28955204146
2024-06-14,BTC,BTC-USD,66747.57,67294.65,65056.89,66011.09,27403884779
2024-06-15,BTC,BTC-USD,66006.74,66402.19,65871.77,66191.0,14121265576
2024-06-16,BTC,BTC-USD,66189.36,66894.84,66018.25,66639.05,13281140541
2024-06-17,BTC,BTC-USD,66636.52,67188.32,65094.96,66490.3,30006354476
2024-06-18,BTC,BTC-USD,66490.98,66556.7,64066.96,65140.75,39481285950
2024-06-19,BTC,BTC-USD,65146.66,65695.35,64693.3,64960.3,21103423504
2024-06-20,BTC,BTC-USD,64960.3,66438.96,64547.85,64828.66,25641109124
2024-06-21,BTC,BTC-USD,64837.99,65007.55,63378.89,64096.2,26188171739
2024-06-22,BTC,BTC-USD,64113.86,64475.47,63929.76,64252.58,9858198793
2024-06-23,BTC,BTC-USD,64248.96,64491.7,63180.8,63180.8,11170471802
2024-06-24,BTC,BTC-USD,63173.35,63292.53,58601.7,60277.41,43152133651
2024-06-25,BTC,BTC-USD,60266.28,62258.26,60239.75,61804.64,29201215431
2024-06-26,BTC,BTC-USD,61789.68,62434.14,60695.19,60811.28,22506003064
2024-06-27,BTC,BTC-USD,60811.23,62293.86,60585.33,61604.8,21231745045
2024-06-28,BTC,BTC-USD,61612.8,62126.1,59985.4,60320.14,24952866877
2024-06-29,BTC,BTC-USD,60319.88,61097.62,60300.96,60887.38,12652903396
2024-06-30,BTC,BTC-USD,60888.45,62892.83,60632.95,62678.29,17333226409
2024-07-01,BTC,BTC-USD,62673.61,63777.23,62495.51,62851.98,25468379421
2024-07-02,BTC,BTC-USD,62844.41,63203.36,61752.75,62029.02,20151616992
2024-07-03,BTC,BTC-USD,62034.33,62187.7,59419.39,60173.92,29756701685
2024-07-04,BTC,BTC-USD,60147.14,60399.68,56777.8,56977.7,41149609230
2024-07-05,BTC,BTC-USD,57022.81,57497.15,53717.38,56662.38,55417544033
2024-07-06,BTC,BTC-USD,56659.07,58472.55,56038.96,58303.54,20610320577
2024-07-07,BTC,BTC-USD,58239.43,58371.12,55793.32,55849.11,20553359505
2024-07-08,BTC,BTC-USD,55849.57,58131.34,54321.02,56705.1,39766159899
2024-07-09,BTC,BTC-USD,56704.6,58239.2,56316.88,58009.23,27849512607
2024-07-10,BTC,BTC-USD,58033.88,59359.43,57178.41,57742.5,26175260526
2024-07-11,BTC,BTC-USD,57729.89,59299.43,57120.38,57344.91,28707803842
2024-07-12,BTC,BTC-USD,57341.2,58532.55,56590.18,57899.46,25604805221
2024-07-13,BTC,BTC-USD,57908.74,59787.08,57796.44,59231.95,17080061806
2024-07-14,BTC,BTC-USD,59225.25,61329.53,59225.25,60787.79,22223416061
2024-07-15,BTC,BTC-USD,60815.46,64870.15,60704.93,64870.15,38094526099
2024-07-16,BTC,BTC-USD,64784.42,65354.34,62487.97,65097.15,41617346768
2024-07-17,BTC,BTC-USD,65091.83,66066.73,63896.09,64118.79,32525071311
2024-07-18,BTC,BTC-USD,64104.74,65104.66,63246.16,63974.07,27239305337
2024-07-19,BTC,BTC-USD,63972.32,67442.64,63329.34,66710.16,37003855410
2024-07-20,BTC,BTC-USD,66709.92,67610.73,66299.62,67163.65,19029581250
2024-07-21,BTC,BTC-USD,67164.91,68372.91,65842.3,68154.52,26652190004
2024-07-22,BTC,BTC-USD,68152.98,68480.06,66611.3,67585.25,42649109453
2024-07-23,BTC,BTC-USD,67584.8,67779.02,65484.46,65927.67,35605668666
2024-07-24,BTC,BTC-USD,65927.86,67113.98,65147.0,65372.13,27470942309
2024-07-25,BTC,BTC-USD,65375.88,66112.42,63473.47,65777.23,38315761670
2024-07-26,BTC,BTC-USD,65771.81,68207.6,65743.77,67912.06,30488630457
2024-07-27,BTC,BTC-USD,67911.81,69398.51,66705.22,67813.34,34691905492
2024-07-28,BTC,BTC-USD,67808.66,68301.85,67085.83,68255.87,18043166945
2024-07-29,BTC,BTC-USD,68259.05,69987.54,66532.59,66819.91,40780682628
2024-07-30,BTC,BTC-USD,66819.05,66987.67,65323.19,66201.02,31380492109
2024-07-31,BTC,BTC-USD,66201.27,66810.21,64532.05,64619.25,31292785994
2024-08-01,BTC,BTC-USD,64625.84,65593.24,62248.94,65357.5,40975554494
2024-08-02,BTC,BTC-USD,65353.5,65523.22,61184.89,61415.07,43060875727
2024-08-03,BTC,BTC-USD,61414.81,62148.37,59836.53,60680.09,31753030589
2024-08-04,BTC,BTC-USD,60676.09,61062.99,57210.8,58116.98,31758917219
2024-08-05,BTC,BTC-USD,58110.3,58268.83,49121.24,53991.46,108991085584
2024-08-06,BTC,BTC-USD,53991.35,57059.92,53973.27,56034.32,49300484106
2024-08-07,BTC,BTC-USD,56040.63,57726.88,54620.51,55027.46,41637562185
2024-08-08,BTC,BTC-USD,55030.03,62673.77,54766.73,61710.14,45298472567
2024-08-09,BTC,BTC-USD,61728.21,61751.86,59587.86,60880.11,33425553115
2024-08-10,BTC,BTC-USD,60881.23,61464.51,60287.57,60945.81,15745822278
2024-08-11,BTC,BTC-USD,60944.89,61778.66,58348.82,58719.48,22759754812
2024-08-12,BTC,BTC-USD,58719.39,60680.33,57688.9,59354.52,37078637820
2024-08-13,BTC,BTC-USD,59356.21,61572.4,58506.25,60609.57,30327698167
2024-08-14,BTC,BTC-USD,60611.05,61687.76,58472.88,58737.27,29961696180
2024-08-15,BTC,BTC-USD,58733.26,59838.65,56161.59,57560.1,35682112440
2024-08-16,BTC,BTC-USD,57560.27,59847.36,57110.02,58894.11,29350938673
2024-08-17,BTC,BTC-USD,58893.53,59694.67,58814.83,59478.97,13589684021
2024-08-18,BTC,BTC-USD,59468.13,60262.72,58445.4,58483.96,17740625837
2024-08-19,BTC,BTC-USD,58480.71,59612.66,57864.71,59493.45,25911207712
2024-08-20,BTC,BTC-USD,59493.45,61396.33,58610.88,59012.79,31613400008
2024-08-21,BTC,BTC-USD,59014.99,61834.35,58823.45,61175.19,32731154072
2024-08-22,BTC,BTC-USD,61168.32,61408.11,59815.25,60381.91,27625734377
2024-08-23,BTC,BTC-USD,60380.95,64947.06,60372.05,64094.36,42530509233
2024-08-24,BTC,BTC-USD,64103.87,64513.79,63619.92,64178.99,21430585163
2024-08-25,BTC,BTC-USD,64176.37,64996.42,63833.52,64333.54,18827683555
2024-08-26,BTC,BTC-USD,64342.23,64489.71,62849.56,62880.66,27682040631
2024-08-27,BTC,BTC-USD,62879.71,63210.8,58116.75,59504.13,39103882198
2024-08-28,BTC,BTC-USD,59507.93,60236.45,57890.68,59027.62,40289564698
2024-08-29,BTC,BTC-USD,59027.47,61184.08,58786.23,59388.18,32224990582
2024-08-30,BTC,BTC-USD,59388.6,59896.89,57768.53,59119.48,32292756405
2024-08-31,BTC,BTC-USD,59117.48,59432.59,58768.79,58969.9,12403470760
2024-09-01,BTC,BTC-USD,58969.8,59062.07,57217.82,57325.49,24592449997
2024-09-02,BTC,BTC-USD,57326.97,59403.07,57136.03,59112.48,27036454524
2024-09-03,BTC,BTC-USD,59106.19,59815.06,57425.17,57431.02,26666961053
2024-09-04,BTC,BTC-USD,57430.35,58511.57,55673.16,57971.54,35627680312
2024-09-05,BTC,BTC-USD,57971.7,58300.58,55712.45,56160.49,31030280656
2024-09-06,BTC,BTC-USD,56160.19,56976.11,52598.7,53948.75,49361693566
2024-09-07,BTC,BTC-USD,53949.09,54838.14,53740.07,54139.69,19061486526
2024-09-08,BTC,BTC-USD,54147.93,55300.86,53653.76,54841.57,18268287531
2024-09-09,BTC,BTC-USD,54851.89,58041.12,54598.43,57019.54,34618096173
2024-09-10,BTC,BTC-USD,57020.1,58029.98,56419.41,57648.71,28857630507
2024-09-11,BTC,BTC-USD,57650.29,57991.32,55567.34,57343.17,37049062672
2024-09-12,BTC,BTC-USD,57343.17,58534.36,57330.1,58127.01,33835707949
2024-09-13,BTC,BTC-USD,58130.32,60648.02,57650.11,60571.3,32490528356
2024-09-14,BTC,BTC-USD,60569.12,60656.72,59517.88,60005.12,16428405496
2024-09-15,BTC,BTC-USD,60000.73,60381.92,58696.31,59182.84,18120960867
2024-09-16,BTC,BTC-USD,59185.23,59205.51,57501.34,58192.51,32032822113
2024-09-17,BTC,BTC-USD,58192.51,61316.09,57628.07,60308.54,38075570118
2024-09-18,BTC,BTC-USD,60309.0,61664.07,59218.25,61649.68,40990702891
2024-09-19,BTC,BTC-USD,61651.16,63872.44,61609.87,62940.46,42710252573
2024-09-20,BTC,BTC-USD,62941.43,64119.53,62364.61,63192.98,35177164222
2024-09-21,BTC,BTC-USD,63184.34,63543.36,62783.11,63394.84,14408616220
2024-09-22,BTC,BTC-USD,63396.8,63993.42,62440.73,63648.71,20183348802
2024-09-23,BTC,BTC-USD,63643.1,64733.56,62628.08,63329.8,31400285425
2024-09-24,BTC,BTC-USD,63326.84,64695.21,62737.42,64301.97,29938335243
2024-09-25,BTC,BTC-USD,64302.59,64804.5,62945.38,63143.14,25078377700
2024-09-26,BTC,BTC-USD,63138.55,65790.8,62669.27,65181.02,36873129847
2024-09-27,BTC,BTC-USD,65180.66,66480.7,64852.99,65790.66,32058813449
2024-09-28,BTC,BTC-USD,65792.18,66255.53,65458.04,65887.65,15243637984
2024-09-29,BTC,BTC-USD,65888.9,66069.34,65450.02,65635.3,14788214575
2024-09-30,BTC,BTC-USD,65634.66,65635.05,62873.62,63329.5,37112957475
2024-10-01,BTC,BTC-USD,63335.61,64110.98,60189.28,60837.01,50220923500
2024-10-02,BTC,BTC-USD,60836.32,62357.69,59996.95,60632.79,40762722398
2024-10-03,BTC,BTC-USD,60632.48,61469.04,59878.8,60759.4,36106447279
2024-10-04,BTC,BTC-USD,60754.62,62465.99,60459.94,62067.48,29585472513
2024-10-05,BTC,BTC-USD,62067.61,62371.02,61689.58,62089.95,13305410749
2024-10-06,BTC,BTC-USD,62084.99,62959.57,61833.15,62818.95,14776233667
2024-10-07,BTC,BTC-USD,62819.11,64443.71,62152.55,62236.66,34253562610
2024-10-08,BTC,BTC-USD,62221.64,63174.3,61843.56,62131.97,28134475157
2024-10-09,BTC,BTC-USD,62131.73,62508.84,60314.61,60582.1,27670982363
2024-10-10,BTC,BTC-USD,60581.93,61236.72,58895.21,60274.5,30452813570
2024-10-11,BTC,BTC-USD,60275.46,63400.87,60046.12,62445.09,30327141594
2024-10-12,BTC,BTC-USD,62444.62,63448.79,62443.27,63193.02,16744110886
2024-10-13,BTC,BTC-USD,63192.95,63272.65,62035.64,62851.38,18177529690
2024-10-14,BTC,BTC-USD,62848.4,66482.49,62442.15,66046.12,43706958056
2024-10-15,BTC,BTC-USD,66050.37,67881.68,64809.2,67041.11,48863870879
2024-10-16,BTC,BTC-USD,67042.46,68375.29,66758.73,67612.72,38195189534
2024-10-17,BTC,BTC-USD,67617.08,67912.21,66647.39,67399.84,32790898511
2024-10-18,BTC,BTC-USD,67419.11,68969.75,67177.82,68418.79,36857165014
2024-10-19,BTC,BTC-USD,68418.98,68668.01,68024.64,68362.73,14443497908
2024-10-20,BTC,BTC-USD,68364.18,69359.01,68105.72,69001.7,18975847518
2024-10-21,BTC,BTC-USD,69002.0,69462.73,66829.85,67367.85,37498611780
2024-10-22,BTC,BTC-USD,67360.7,67801.58,66581.37,67361.41,31808472566
2024-10-23,BTC,BTC-USD,67362.38,67402.74,65188.04,66432.2,32263980353
2024-10-24,BTC,BTC-USD,66653.7,68798.96,66454.1,68161.05,31414428647
2024-10-25,BTC,BTC-USD,68165.3,68722.16,65521.79,66642.41,41469984306
2024-10-26,BTC,BTC-USD,66628.73,67317.92,66360.59,67014.7,19588098156
2024-10-27,BTC,BTC-USD,67023.48,68221.31,66847.23,67929.3,16721307878
2024-10-28,BTC,BTC-USD,67922.67,70212.27,67535.13,69907.76,38799856657
2024-10-29,BTC,BTC-USD,69910.05,73577.21,69729.91,72720.49,58541874402
2024-10-30,BTC,BTC-USD,72715.37,72905.3,71411.73,72339.54,40646637831
2024-10-31,BTC,BTC-USD,72335.05,72662.31,69590.5,70215.19,40627912076
2024-11-01,BTC,BTC-USD,70216.9,71559.02,68779.7,69482.47,49989795365
2024-11-02,BTC,BTC-USD,69486.02,69867.35,69033.72,69289.27,18184612091
2024-11-03,BTC,BTC-USD,69296.38,69361.66,67482.52,68741.12,34868307655
2024-11-04,BTC,BTC-USD,68742.13,69433.18,66803.65,67811.51,41184819348
2024-11-05,BTC,BTC-USD,67811.17,70522.79,67458.87,69359.56,46046889204
2024-11-06,BTC,BTC-USD,69358.5,76460.16,69322.03,75639.08,118592653963
2024-11-07,BTC,BTC-USD,75637.09,76943.12,74480.42,75904.86,63467654989
2024-11-08,BTC,BTC-USD,75902.84,77252.75,75648.74,76545.48,55176858003
2024-11-09,BTC,BTC-USD,76556.19,76932.77,75773.79,76778.87,29009480361
2024-11-10,BTC,BTC-USD,76775.55,81474.42,76565.43,80474.19,82570594495
2024-11-11,BTC,BTC-USD,80471.41,89604.5,80283.25,88701.48,117966845037
2024-11-12,BTC,BTC-USD,88705.56,89956.88,85155.11,87955.81,133673285375
2024-11-13,BTC,BTC-USD,87929.97,93434.35,86256.93,90584.16,123559027869
2024-11-14,BTC,BTC-USD,90574.88,91765.22,86682.81,87250.43,87616705248
2024-11-15,BTC,BTC-USD,87284.18,91868.74,87124.9,91066.01,78243109518
2024-11-16,BTC,BTC-USD,91064.37,91763.95,90094.23,90558.48,44333192814
2024-11-17,BTC,BTC-USD,90558.46,91433.04,88741.66,89845.85,46350159305
2024-11-18,BTC,BTC-USD,89843.72,92596.79,89393.59,90542.64,75535775084
2024-11-19,BTC,BTC-USD,90536.81,94002.87,90426.98,92343.79,74521048295
2024-11-20,BTC,BTC-USD,92341.89,94902.02,91619.5,94339.49,71730956426
2024-11-21,BTC,BTC-USD,94334.64,99014.22,94132.6,98504.73,106024505582
2024-11-22,BTC,BTC-USD,98496.43,99655.5,97222.66,98997.66,78473580551
2024-11-23,BTC,BTC-USD,99006.74,99014.68,97232.89,97777.28,44414644677
2024-11-24,BTC,BTC-USD,97778.09,98647.18,95788.08,98013.82,51712020623
2024-11-25,BTC,BTC-USD,98033.45,98935.03,92642.91,93102.3,80909462490
2024-11-26,BTC,BTC-USD,93087.28,94991.75,90770.81,91985.32,91656519855
2024-11-27,BTC,BTC-USD,91978.14,97361.18,91778.66,95962.53,71133452438
2024-11-28,BTC,BTC-USD,95954.95,96650.2,94677.35,95652.47,52260008261
2024-11-29,BTC,BTC-USD,95653.95,98693.17,95407.88,97461.52,54968682476
2024-11-30,BTC,BTC-USD,97468.81,97499.34,96144.22,96449.05,31634227866
2024-12-01,BTC,BTC-USD,96461.34,97888.12,95770.19,97279.79,36590695296
2024-12-02,BTC,BTC-USD,97276.01,98152.6,94482.87,95865.3,72680784305
2024-12-03,BTC,BTC-USD,95854.59,96297.2,93629.56,96002.16,67067810961
2024-12-04,BTC,BTC-USD,95988.53,99207.33,94660.52,98768.53,77199817112
2024-12-05,BTC,BTC-USD,98741.54,103900.47,91998.78,96593.57,149218945580
2024-12-06,BTC,BTC-USD,97074.23,102039.88,96514.88,99920.71,94534772658
2024-12-07,BTC,BTC-USD,99916.71,100563.38,99030.88,99923.34,44177510897
2024-12-08,BTC,BTC-USD,99921.91,101399.99,98771.52,101236.02,44125751925
2024-12-09,BTC,BTC-USD,101237.06,101272.51,94355.91,97432.72,110676473908
2024-12-10,BTC,BTC-USD,97441.23,98270.16,94321.26,96675.43,104823780634
2024-12-11,BTC,BTC-USD,96656.06,101913.36,95747.23,101173.03,85391409936
2024-12-12,BTC,BTC-USD,101167.8,102524.91,99339.95,100043.0,72073983533
2024-12-13,BTC,BTC-USD,100046.65,101888.8,99233.28,101459.26,56894751583
2024-12-14,BTC,BTC-USD,101451.44,102618.88,100634.05,101372.97,40422968793
2024-12-15,BTC,BTC-USD,101373.53,105047.54,101227.03,104298.7,51145914137
2024-12-16,BTC,BTC-USD,104293.58,107780.58,103322.98,106029.72,91020417816
2024-12-17,BTC,BTC-USD,106030.69,108268.45,105291.73,106140.6,68589364868
2024-12-18,BTC,BTC-USD,106147.3,106470.61,100041.54,100041.54,93865656139
2024-12-19,BTC,BTC-USD,100070.69,102748.15,95587.68,97490.95,97221662392
2024-12-20,BTC,BTC-USD,97484.7,98098.91,92175.18,97755.93,105634083408
2024-12-21,BTC,BTC-USD,97756.2,99507.1,96426.52,97224.73,51765334294
2024-12-22,BTC,BTC-USD,97218.32,97360.27,94202.19,95104.94,43147981314
2024-12-23,BTC,BTC-USD,95099.39,96416.21,92403.13,94686.24,65239002919
2024-12-24,BTC,BTC-USD,94684.34,99404.06,93448.02,98676.09,47114953674
2024-12-25,BTC,BTC-USD,98675.91,99478.75,97593.47,99299.2,33700394629
2024-12-26,BTC,BTC-USD,99297.7,99884.57,95137.88,95795.52,47054980873
2024-12-27,BTC,BTC-USD,95704.98,97294.84,93310.74,94164.86,52419934565
2024-12-28,BTC,BTC-USD,94160.19,95525.9,94014.29,95163.93,24107436185
2024-12-29,BTC,BTC-USD,95174.05,95174.88,92881.79,93530.23,29635885267
2024-12-30,BTC,BTC-USD,93527.2,94903.32,91317.13,92643.21,56188003691
2024-12-31,BTC,BTC-USD,92643.25,96090.6,91914.03,93429.2,43625106843
2025-01-01,BTC,BTC-USD,93425.1,94929.87,92788.12,94419.76,24519888919
2025-01-02,BTC,BTC-USD,94416.29,97739.82,94201.57,96886.88,46009564411
2025-01-03,BTC,BTC-USD,96881.73,98956.91,96034.62,98107.43,35611391163
2025-01-04,BTC,BTC-USD,98106.99,98734.43,97562.98,98236.23,22342608078
2025-01-05,BTC,BTC-USD,98233.91,98813.3,97291.77,98314.96,20525254825
2025-01-06,BTC,BTC-USD,98314.95,102482.88,97926.15,102078.09,51823432705
2025-01-07,BTC,BTC-USD,102248.85,102712.48,96132.88,96922.7,58685738547
2025-01-08,BTC,BTC-USD,96924.16,97258.32,92525.84,95043.52,63875859171
2025-01-09,BTC,BTC-USD,95043.48,95349.72,91220.84,92484.04,62777261693
2025-01-10,BTC,BTC-USD,92494.49,95770.61,92250.09,94701.45,62058693684
2025-01-11,BTC,BTC-USD,94700.84,94977.69,93840.05,94566.59,18860894100
2025-01-12,BTC,BTC-USD,94565.73,95367.54,93712.51,94488.44,20885130965
2025-01-13,BTC,BTC-USD,94488.89,95837.0,89260.1,94516.52,72978998252
2025-01-14,BTC,BTC-USD,94519.01,97352.66,94322.16,96534.05,53769675818
2025-01-15,BTC,BTC-USD,96534.05,100697.23,96501.64,100504.49,57805923627
2025-01-16,BTC,BTC-USD,100505.3,100781.59,97364.45,99756.91,54103781805
2025-01-17,BTC,BTC-USD,100025.77,105884.23,99948.91,104462.04,71888972663
2025-01-18,BTC,BTC-USD,104124.95,104913.2,102226.62,104408.07,50445655726
2025-01-19,BTC,BTC-USD,104411.29,106299.8,99570.53,101089.61,76789928525
2025-01-20,BTC,BTC-USD,101083.75,109114.88,99471.36,102016.66,126279678351
2025-01-21,BTC,BTC-USD,102052.58,107180.92,100103.95,106146.27,88733878242
2025-01-22,BTC,BTC-USD,106136.38,106294.34,103360.27,103653.07,53878181052
2025-01-23,BTC,BTC-USD,103657.67,106820.33,101257.8,103960.17,104104515428
2025-01-24,BTC,BTC-USD,103965.67,107098.55,102772.12,104819.48,52388229265
2025-01-25,BTC,BTC-USD,104824.03,105243.79,104120.38,104714.65,23888996502
2025-01-26,BTC,BTC-USD,104713.21,105438.65,102507.71,102682.5,22543395879
2025-01-27,BTC,BTC-USD,102680.3,103214.11,97795.94,102087.69,89006608428
2025-01-28,BTC,BTC-USD,102095.41,103730.82,100238.19,101332.48,47180685494
2025-01-29,BTC,BTC-USD,101317.52,104750.8,101283.82,103703.21,47432049818
2025-01-30,BTC,BTC-USD,103709.34,106418.77,103321.65,104735.3,41915744521
2025-01-31,BTC,BTC-USD,104737.56,106026.35,101543.88,102405.02,45732764360
2025-02-01,BTC,BTC-USD,102402.8,102755.73,100297.71,100655.91,27757944848
2025-02-02,BTC,BTC-USD,100661.54,101430.66,96216.08,97688.98,63091816853
2025-02-03,BTC,BTC-USD,97681.1,102514.17,91242.89,101405.42,115400897748
2025-02-04,BTC,BTC-USD,101398.72,101745.62,96208.11,97871.82,73002130211
2025-02-05,BTC,BTC-USD,97878.01,99113.21,96174.83,96615.45,49125911241
2025-02-06,BTC,BTC-USD,96610.64,99168.61,95707.35,96593.3,45302471947
2025-02-07,BTC,BTC-USD,96581.32,100154.14,95653.88,96529.09,55741290456
2025-02-08,BTC,BTC-USD,96533.26,96877.8,95702.49,96482.45,22447526395
2025-02-09,BTC,BTC-USD,96481.31,97325.28,94745.26,96500.09,27732901800
2025-02-10,BTC,BTC-USD,96499.46,98333.22,95320.84,97437.55,40078962391
2025-02-11,BTC,BTC-USD,97438.13,98492.9,94875.04,95747.43,37488783272
2025-02-12,BTC,BTC-USD,95745.7,98151.02,94101.2,97885.86,49340445530
2025-02-13,BTC,BTC-USD,97888.75,98111.09,95269.71,96623.87,37147280860
2025-02-14,BTC,BTC-USD,96623.37,98819.47,96342.8,97508.97,32697987277
2025-02-15,BTC,BTC-USD,97508.38,97975.04,97240.2,97580.35,17047266288
2025-02-16,BTC,BTC-USD,97580.49,97725.59,96060.98,96175.03,16536755396
2025-02-17,BTC,BTC-USD,96179.01,97032.23,95243.55,95773.38,27336550690
2025-02-18,BTC,BTC-USD,95773.81,96695.38,93388.84,95539.55,37325720482
2025-02-19,BTC,BTC-USD,95532.53,96855.59,95011.97,96635.61,28990872862
2025-02-20,BTC,BTC-USD,96632.68,98767.2,96442.67,98333.94,31668022771
2025-02-21,BTC,BTC-USD,98340.67,99497.97,94852.96,96125.55,49608706470
2025-02-22,BTC,BTC-USD,96134.2,96950.16,95765.34,96577.76,18353824477
2025-02-23,BTC,BTC-USD,96577.8,96671.88,95270.45,96273.92,16999478976
2025-02-24,BTC,BTC-USD,96277.96,96503.45,91371.74,91418.17,44046480529
2025-02-25,BTC,BTC-USD,91437.12,92511.08,86008.23,88736.17,92139104128
2025-02-26,BTC,BTC-USD,88638.89,89286.25,82131.9,84347.02,64597492134
2025-02-27,BTC,BTC-USD,84076.86,87000.78,83144.96,84704.23,52659591954
2025-02-28,BTC,BTC-USD,84705.62,85036.32,78248.91,84373.01,83610570576
2025-03-01,BTC,BTC-USD,84373.87,86522.3,83794.23,86031.91,29190628396
2025-03-02,BTC,BTC-USD,86036.26,95043.44,85040.21,94248.35,58398341092
2025-03-03,BTC,BTC-USD,94248.42,94429.75,85081.3,86065.67,70072228536
2025-03-04,BTC,BTC-USD,86064.07,88911.27,81529.24,87222.2,68095241474
2025-03-05,BTC,BTC-USD,87222.95,90998.24,86379.77,90623.56,50498988027
2025-03-06,BTC,BTC-USD,90622.36,92804.94,87852.14,89961.73,47749810486
2025-03-07,BTC,BTC-USD,89963.28,91191.05,84717.68,86742.67,65945677657
2025-03-08,BTC,BTC-USD,86742.66,86847.27,85247.48,86154.59,18206118081
2025-03-09,BTC,BTC-USD,86154.3,86471.13,80052.48,80601.04,30899345977
2025-03-10,BTC,BTC-USD,80597.15,83955.93,77420.59,78532.0,54061099422
2025-03-11,BTC,BTC-USD,78523.88,83577.76,76624.25,82862.21,54702837196
2025-03-12,BTC,BTC-USD,82857.38,84358.58,80635.25,83722.36,40353484454
2025-03-13,BTC,BTC-USD,83724.92,84301.7,79931.85,81066.7,31412940153
2025-03-14,BTC,BTC-USD,81066.99,85263.29,80797.56,83969.1,29588112414
2025-03-15,BTC,BTC-USD,83968.41,84672.67,83639.59,84343.11,13650491277
2025-03-16,BTC,BTC-USD,84333.32,85051.6,82017.91,82579.69,21330270174
2025-03-17,BTC,BTC-USD,82576.34,84725.33,82492.16,84075.69,25092785558
2025-03-18,BTC,BTC-USD,84075.72,84075.72,81179.99,82718.5,24095774594
2025-03-19,BTC,BTC-USD,82718.8,87021.19,82569.73,86854.23,34931960257
2025-03-20,BTC,BTC-USD,86872.95,87443.27,83647.2,84167.2,29028988961
2025-03-21,BTC,BTC-USD,84164.54,84782.27,83171.07,84043.24,19030452299
2025-03-22,BTC,BTC-USD,84046.26,84513.88,83674.78,83832.48,9863214091
2025-03-23,BTC,BTC-USD,83831.9,86094.78,83794.91,86054.38,12594615537
2025-03-24,BTC,BTC-USD,86070.93,88758.73,85541.2,87498.91,34582604933
2025-03-25,BTC,BTC-USD,87512.82,88542.4,86346.08,87471.7,30005840049
2025-03-26,BTC,BTC-USD,87460.23,88292.16,85861.45,86900.88,26704046038
2025-03-27,BTC,BTC-USD,86896.26,87786.73,85837.94,87177.1,24413471941
2025-03-28,BTC,BTC-USD,87185.23,87489.86,83557.64,84353.15,34198619509
2025-03-29,BTC,BTC-USD,84352.07,84567.34,81634.14,82597.59,16969396135
2025-03-30,BTC,BTC-USD,82596.98,83505.0,81573.25,82334.52,14763760943
2025-03-31,BTC,BTC-USD,82336.06,83870.12,81293.89,82548.91,29004228247
2025-04-01,BTC,BTC-USD,82551.92,85487.37,82429.36,85169.17,28175650319
2025-04-02,BTC,BTC-USD,85180.61,88466.95,82343.54,82485.71,47584398470
2025-04-03,BTC,BTC-USD,82487.48,83909.3,81282.1,83102.83,36852112080
2025-04-04,BTC,BTC-USD,83100.25,84696.15,81670.75,83843.8,45157640207
2025-04-05,BTC,BTC-USD,83844.7,84207.02,82377.73,83504.8,14380803631
2025-04-06,BTC,BTC-USD,83504.51,83704.72,77097.74,78214.48,36294853736
2025-04-07,BTC,BTC-USD,78221.34,81119.06,74436.68,79235.34,91262424987
2025-04-08,BTC,BTC-USD,79218.48,80823.89,76198.02,76271.95,48314590749
2025-04-09,BTC,BTC-USD,76273.56,83541.0,74589.67,82573.95,84213627038
2025-04-10,BTC,BTC-USD,82565.98,82700.93,78456.13,79626.14,44718000633
2025-04-11,BTC,BTC-USD,79625.05,84247.48,78936.32,83404.84,41656778779
2025-04-12,BTC,BTC-USD,83404.52,85856.19,82769.38,85287.11,24258059104
2025-04-13,BTC,BTC-USD,85279.47,86015.19,83027.01,83684.98,28796984817
2025-04-14,BTC,BTC-USD,83694.52,85785.0,83690.64,84542.39,34090769777
2025-04-15,BTC,BTC-USD,84539.7,86429.35,83598.82,83668.99,28040322885
2025-04-16,BTC,BTC-USD,83674.51,85428.28,83100.62,84033.87,29617804112
2025-04-17,BTC,BTC-USD,84030.67,85449.07,83749.75,84895.75,21276866029
2025-04-18,BTC,BTC-USD,84900.19,85095.05,84298.88,84450.8,12728372364
2025-04-19,BTC,BTC-USD,84450.87,85597.7,84353.46,85063.41,15259300427
2025-04-20,BTC,BTC-USD,85066.07,85306.38,83976.84,85174.3,14664050812
2025-04-21,BTC,BTC-USD,85171.54,88460.09,85143.84,87518.91,41396190190
2025-04-22,BTC,BTC-USD,87521.88,93817.38,87084.53,93441.89,55899038456
2025-04-23,BTC,BTC-USD,93427.59,94535.73,91962.96,93699.11,41719568821
2025-04-24,BTC,BTC-USD,93692.4,94016.2,91696.71,93943.8,31483175315
2025-04-25,BTC,BTC-USD,93954.25,95768.39,92898.59,94720.5,40915232364
2025-04-26,BTC,BTC-USD,94714.65,95251.36,93927.25,94646.93,17612825123
2025-04-27,BTC,BTC-USD,94660.91,95301.2,93665.4,93754.84,18090367764
2025-04-28,BTC,BTC-USD,93755.3,95598.49,92860.8,94978.75,32363449569
2025-04-29,BTC,BTC-USD,94981.86,95485.41,93796.63,94284.79,25806129921
2025-04-30,BTC,BTC-USD,94286.47,95249.32,92979.64,94207.31,28344679831
2025-05-01,BTC,BTC-USD,94212.86,97437.96,94153.63,96492.34,32875889623
2025-05-02,BTC,BTC-USD,96494.97,97905.9,96375.95,96910.07,26421924677
2025-05-03,BTC,BTC-USD,96904.63,96943.88,95821.29,95891.8,15775154889
2025-05-04,BTC,BTC-USD,95877.19,96318.92,94173.43,94315.98,18198688416
2025-05-05,BTC,BTC-USD,94319.56,95193.19,93566.27,94748.05,25816260327
2025-05-06,BTC,BTC-USD,94748.38,96889.18,93399.86,96802.48,26551275827
2025-05-07,BTC,BTC-USD,96800.2,97625.8,95829.34,97032.32,76983822462
2025-05-08,BTC,BTC-USD,97034.25,103969.54,96913.88,103241.46,69895404397
2025-05-09,BTC,BTC-USD,103239.12,104297.49,102343.09,102970.85,58198593958
2025-05-10,BTC,BTC-USD,102973.71,104961.77,102830.48,104696.33,42276713994
2025-05-11,BTC,BTC-USD,104701.07,104937.99,103364.74,104106.36,46285517406
2025-05-12,BTC,BTC-USD,104106.96,105747.45,100814.41,102812.95,63250475404
2025-05-13,BTC,BTC-USD,102812.49,104997.42,101515.09,104169.81,52608876410
2025-05-14,BTC,BTC-USD,104167.33,104303.56,102618.3,103539.41,45956071155
2025-05-15,BTC,BTC-USD,103538.83,104153.62,101440.81,103744.64,50408241840
2025-05-16,BTC,BTC-USD,103735.66,104533.48,103137.48,103489.29,44386499364
2025-05-17,BTC,BTC-USD,103489.29,103716.95,102659.18,103191.09,37898552742
2025-05-18,BTC,BTC-USD,103186.95,106597.17,103142.6,106446.01,49887082058
2025-05-19,BTC,BTC-USD,106430.53,107068.72,102112.69,105606.18,61761126647
2025-05-20,BTC,BTC-USD,105605.41,107307.12,104206.52,106791.09,36515726122
2025-05-21,BTC,BTC-USD,106791.31,110724.46,106127.23,109678.08,78086364051
2025-05-22,BTC,BTC-USD,109673.49,111970.17,109285.07,111673.28,70157575642
2025-05-23,BTC,BTC-USD,111679.36,111798.91,106841.3,107287.8,67548133399
2025-05-24,BTC,BTC-USD,107278.51,109454.52,106895.29,107791.16,45903627163
2025-05-25,BTC,BTC-USD,107802.27,109313.3,106683.38,109035.39,47518041841
2025-05-26,BTC,BTC-USD,109023.78,110376.88,108735.64,109440.37,45950461571
2025-05-27,BTC,BTC-USD,109440.41,110744.21,107609.55,108994.64,57450176272
2025-05-28,BTC,BTC-USD,108992.17,109298.29,106812.93,107802.33,49155377493
2025-05-29,BTC,BTC-USD,107795.57,108910.05,105374.4,105641.76,56022752042
2025-05-30,BTC,BTC-USD,105646.21,106308.95,103685.79,103998.57,57655287183
2025-05-31,BTC,BTC-USD,103994.72,104927.1,103136.12,104638.09,38997843858
2025-06-01,BTC,BTC-USD,104637.3,105884.55,103826.95,105652.1,37397056873
2025-06-02,BTC,BTC-USD,105649.81,105958.31,103727.55,105881.53,45819706290
2025-06-03,BTC,BTC-USD,105888.48,106813.58,104920.84,105432.47,46196508367
2025-06-04,BTC,BTC-USD,105434.37,105997.7,104232.7,104731.98,44544857105
2025-06-05,BTC,BTC-USD,104750.78,105936.69,100436.88,101575.95,57479298400
2025-06-06,BTC,BTC-USD,101574.37,105376.77,101169.57,104390.34,48856653697
2025-06-07,BTC,BTC-USD,104390.65,105972.76,103987.31,105615.62,38365033776
2025-06-08,BTC,BTC-USD,105617.51,106497.06,105075.33,105793.65,36626232328
2025-06-09,BTC,BTC-USD,105793.02,110561.42,105400.23,110294.1,55903193732
2025-06-10,BTC,BTC-USD,110295.69,110380.12,108367.71,110257.23,54700101509
2025-06-11,BTC,BTC-USD,110261.8,110384.22,108086.33,108686.62,50842662052
2025-06-12,BTC,BTC-USD,108685.91,108780.7,105785.69,105929.05,54843867968
2025-06-13,BTC,BTC-USD,105924.59,106182.55,102822.02,106090.97,69550440846
2025-06-14,BTC,BTC-USD,106108.09,106203.76,104379.37,105472.41,38007870453
2025-06-15,BTC,BTC-USD,105464.84,106157.1,104519.88,105552.02,36744307742
2025-06-16,BTC,BTC-USD,105555.59,108915.38,104997.62,106796.76,50366626945
2025-06-17,BTC,BTC-USD,106794.12,107750.2,103396.53,104601.12,55964092176
2025-06-18,BTC,BTC-USD,104602.07,105581.85,103602.27,104883.33,47318089133
2025-06-19,BTC,BTC-USD,104886.77,105250.89,103940.77,104684.29,37333806920
2025-06-20,BTC,BTC-USD,104681.03,106539.38,102372.21,103309.6,50951862476
2025-06-21,BTC,BTC-USD,103315.08,104015.78,100973.06,102257.41,38360555118
2025-06-22,BTC,BTC-USD,102212.03,103351.63,98286.2,100987.14,65536997201
2025-06-23,BTC,BTC-USD,100987.48,106116.86,99705.75,105577.77,65237759656
2025-06-24,BTC,BTC-USD,105571.52,106316.83,104740.24,106045.63,48822986421
2025-06-25,BTC,BTC-USD,106047.41,108168.4,105881.39,107361.26,51624120283
2025-06-26,BTC,BTC-USD,107375.07,108305.55,106666.35,106960.0,43891990613
2025-06-27,BTC,BTC-USD,106954.92,107772.47,106449.99,107088.43,45353692675
2025-06-28,BTC,BTC-USD,107090.55,107567.88,106883.98,107327.7,30037708335
2025-06-29,BTC,BTC-USD,107327.82,108526.3,107230.11,108385.57,35534874438
2025-06-30,BTC,BTC-USD,108383.44,108798.79,106759.65,107135.34,42064804590
2025-07-01,BTC,BTC-USD,107144.38,107550.68,105270.23,105698.28,44110692247
2025-07-02,BTC,BTC-USD,105703.1,109763.66,105157.4,108859.32,56248657737
2025-07-03,BTC,BTC-USD,108845.02,110541.46,108605.8,109647.98,50494742270
2025-07-04,BTC,BTC-USD,109635.66,109751.98,107296.38,108034.34,42616442656
2025-07-05,BTC,BTC-USD,108015.84,108381.34,107842.27,108231.18,30615537520
2025-07-06,BTC,BTC-USD,108231.19,109731.62,107847.02,109232.07,36746020463
2025-07-07,BTC,BTC-USD,109235.33,109710.25,107527.05,108299.85,45415696597
2025-07-08,BTC,BTC-USD,108298.23,109198.97,107499.55,108950.27,44282204127
2025-07-09,BTC,BTC-USD,108950.27,111925.38,108357.68,111326.55,57927418065
2025-07-10,BTC,BTC-USD,111329.2,116608.78,110660.75,115987.2,95911605728
2025-07-11,BTC,BTC-USD,115986.23,118856.48,115245.69,117516.99,86928361085
2025-07-12,BTC,BTC-USD,117530.71,118219.9,116977.02,117435.23,45524560304
2025-07-13,BTC,BTC-USD,117432.2,119449.57,117265.44,119116.12,49021091807
2025-07-14,BTC,BTC-USD,119115.79,123091.61,118959.2,119849.7,181746419401
2025-07-15,BTC,BTC-USD,119853.85,119935.56,115765.69,117777.19,98321661181
2025-07-16,BTC,BTC-USD,117777.19,120065.52,117064.82,118738.51,72162029070
2025-07-17,BTC,BTC-USD,118738.51,120999.61,117508.22,119289.84,72363841798
2025-07-18,BTC,BTC-USD,119284.11,120851.91,116925.98,118003.23,77945799785
2025-07-19,BTC,BTC-USD,117998.12,118541.4,117388.41,117939.98,47564562765
2025-07-20,BTC,BTC-USD,117944.11,118865.03,116550.13,117300.79,57515447231
2025-07-21,BTC,BTC-USD,117306.47,119671.56,116584.4,117439.54,69820091744
2025-07-22,BTC,BTC-USD,117426.5,120269.97,116233.23,119995.41,79217583118
2025-07-23,BTC,BTC-USD,119997.45,120113.35,117391.39,118754.96,66608604537
2025-07-24,BTC,BTC-USD,118770.98,119535.45,117247.97,118368.0,72627318560
2025-07-25,BTC,BTC-USD,118368.0,118486.98,114759.82,117635.88,104857024569
2025-07-26,BTC,BTC-USD,117644.84,118335.69,117181.23,117947.37,48508954046
2025-07-27,BTC,BTC-USD,117944.73,119815.59,117859.69,119448.49,54683390892
2025-07-28,BTC,BTC-USD,119457.52,119819.79,117441.44,117924.48,64822943193
2025-07-29,BTC,BTC-USD,117938.59,119273.87,116987.37,117922.15,68463107433
2025-07-30,BTC,BTC-USD,117921.99,118780.73,115800.83,117831.19,68896148592
2025-07-31,BTC,BTC-USD,117833.63,118919.98,115505.22,115758.2,69370346018
2025-08-01,BTC,BTC-USD,115738.95,116060.77,112724.45,113320.09,91294530181
2025-08-02,BTC,BTC-USD,113320.39,114021.6,112005.77,112526.91,56870866000
2025-08-03,BTC,BTC-USD,112525.8,114747.42,111943.8,114217.67,48099615826
2025-08-04,BTC,BTC-USD,114223.92,115729.47,114130.41,115071.88,35783028986
2025-08-05,BTC,BTC-USD,115072.19,115117.44,112701.11,114141.45,61039182286
2025-08-06,BTC,BTC-USD,114140.91,115737.84,113372.25,115028.0,56379133510
2025-08-07,BTC,BTC-USD,115030.05,117676.91,114279.71,117496.9,64051649681
2025-08-08,BTC,BTC-USD,117505.5,117689.2,115917.46,116688.73,59713005166
2025-08-09,BTC,BTC-USD,116678.27,117906.61,116363.84,116500.36,54004312429
2025-08-10,BTC,BTC-USD,116497.72,119320.71,116485.16,119306.76,64755458694
2025-08-11,BTC,BTC-USD,119306.81,122321.09,118159.03,118731.45,90528784177
2025-08-12,BTC,BTC-USD,118717.66,120302.47,118228.72,120172.91,72803657984
2025-08-13,BTC,BTC-USD,120168.98,123682.45,118939.63,123344.06,90904808795
2025-08-14,BTC,BTC-USD,123339.4,124457.12,117254.88,118359.58,104055627395
2025-08-15,BTC,BTC-USD,118365.78,119332.31,116864.57,117398.35,68665353159
2025-08-16,BTC,BTC-USD,117398.42,117996.06,117271.95,117491.35,48036922378
2025-08-17,BTC,BTC-USD,117492.79,118595.77,117279.52,117453.06,45852169525
2025-08-18,BTC,BTC-USD,117453.91,117614.17,114723.68,116252.31,72787808090
2025-08-19,BTC,BTC-USD,116241.86,116764.5,112730.4,112831.18,71657600353
2025-08-20,BTC,BTC-USD,112828.02,114625.8,112387.96,114274.74,67993811526
2025-08-21,BTC,BTC-USD,114275.69,114802.65,111986.23,112419.03,57817883700
2025-08-22,BTC,BTC-USD,112433.73,117377.4,111678.95,116874.09,82528088240
2025-08-23,BTC,BTC-USD,116866.37,116996.25,114536.11,115374.33,55377142586
2025-08-24,BTC,BTC-USD,115387.39,115615.09,111060.55,113458.43,73961489632
2025-08-25,BTC,BTC-USD,113456.9,113637.84,109324.28,110124.35,85706860190
2025-08-26,BTC,BTC-USD,110124.1,112397.02,108762.04,111802.66,69396320317
2025-08-27,BTC,BTC-USD,111795.71,112619.41,110398.27,111222.06,62137056409
2025-08-28,BTC,BTC-USD,111219.05,113450.08,110900.92,112544.8,58860155962
2025-08-29,BTC,BTC-USD,112550.52,112619.05,107559.62,108410.84,77843379644
2025-08-30,BTC,BTC-USD,108409.41,108929.35,107444.45,108808.07,51486264208
2025-08-31,BTC,BTC-USD,108818.46,109491.0,108104.66,108236.71,47986191770
2025-09-01,BTC,BTC-USD,108228.75,109890.59,107271.18,109250.59,66870372995
2025-09-02,BTC,BTC-USD,109243.07,111748.02,108454.03,111200.59,74776999491
2025-09-03,BTC,BTC-USD,111190.7,112600.23,110582.96,111723.21,61119643565
2025-09-04,BTC,BTC-USD,111718.15,112208.33,109347.23,110723.6,60131132901
2025-09-05,BTC,BTC-USD,110723.02,113357.49,110233.4,110650.98,60241647677
2025-09-06,BTC,BTC-USD,110650.57,111275.02,110024.09,110224.7,21500719036
2025-09-07,BTC,BTC-USD,110221.33,111591.08,110211.62,111167.62,24618007520
2025-09-08,BTC,BTC-USD,111163.02,112869.23,110630.61,112071.43,40212813407
2025-09-09,BTC,BTC-USD,112077.58,113225.44,110776.7,111530.55,45984480722
2025-09-10,BTC,BTC-USD,111531.25,114275.25,110940.08,113955.36,56377473784
2025-09-11,BTC,BTC-USD,113961.43,115522.55,113453.84,115507.54,45685065332
2025-09-12,BTC,BTC-USD,115507.79,116769.38,114794.48,116101.58,54785725894
2025-09-13,BTC,BTC-USD,116093.56,116334.63,115248.27,115950.51,34549454947
2025-09-14,BTC,BTC-USD,115950.29,116181.5,115222.4,115407.66,32798036057
2025-09-15,BTC,BTC-USD,115399.63,116747.88,114461.06,115444.88,52937859416
2025-09-16,BTC,BTC-USD,115423.76,117005.27,114813.09,116843.19,45781744593
2025-09-17,BTC,BTC-USD,116840.51,117328.61,114794.98,116468.51,60528025996
2025-09-18,BTC,BTC-USD,116461.27,117911.79,116188.8,117137.2,49457272032
2025-09-19,BTC,BTC-USD,117137.67,117479.76,115141.82,115688.86,38828473971
2025-09-20,BTC,BTC-USD,115691.12,116191.15,115473.52,115721.96,22864449614
2025-09-21,BTC,BTC-USD,115730.23,115901.09,115252.58,115306.09,22495852193
2025-09-22,BTC,BTC-USD,115309.22,115431.31,112037.65,112748.51,70684158591
2025-09-23,BTC,BTC-USD,112757.48,113351.91,111535.57,112014.5,47211853279
2025-09-24,BTC,BTC-USD,112007.66,113986.27,111229.64,113328.63,48044595085
2025-09-25,BTC,BTC-USD,113330.16,113541.09,108713.4,109049.29,75528654284
2025-09-26,BTC,BTC-USD,109041.3,110359.2,108728.98,109712.83,57738288949
2025-09-27,BTC,BTC-USD,109707.14,109778.5,109144.3,109681.95,26308042910
2025-09-28,BTC,BTC-USD,109681.95,112375.48,109236.95,112122.64,33371048505
2025-09-29,BTC,BTC-USD,112117.88,114473.57,111589.95,114400.38,60000147466
2025-09-30,BTC,BTC-USD,114396.52,114836.62,112740.56,114056.09,58986330258
2025-10-01,BTC,BTC-USD,114057.59,118648.93,113981.4,118648.93,71328680132
2025-10-02,BTC,BTC-USD,118652.38,121086.41,118383.16,120681.26,71415163912
2025-10-03,BTC,BTC-USD,120656.98,123944.7,119344.31,122266.53,83941392228
2025-10-04,BTC,BTC-USD,122267.47,122857.64,121577.57,122425.43,36769171735
2025-10-05,BTC,BTC-USD,122419.67,125559.21,122191.96,123513.48,73689317763
2025-10-06,BTC,BTC-USD,123510.45,126198.07,123196.05,124752.53,72568881188
2025-10-07,BTC,BTC-USD,124752.14,125184.02,120681.97,121451.38,76149412513
2025-10-08,BTC,BTC-USD,121448.35,124167.09,121119.18,123354.87,65354305286
2025-10-09,BTC,BTC-USD,123337.07,123739.34,119812.03,121705.59,74653009425
2025-10-10,BTC,BTC-USD,121704.74,122509.66,104582.41,113214.37,153125018868
2025-10-11,BTC,BTC-USD,113236.43,113429.73,109760.56,110807.88,110236934340
2025-10-12,BTC,BTC-USD,110811.52,115805.06,109715.54,115169.77,93710414091
2025-10-13,BTC,BTC-USD,115161.68,116020.48,113821.19,115271.08,71582026739
2025-10-14,BTC,BTC-USD,115264.88,115502.88,110029.48,113118.66,92212917403
2025-10-15,BTC,BTC-USD,113113.97,113622.38,110235.84,110783.16,72574132855
2025-10-16,BTC,BTC-USD,110782.17,111990.81,107537.03,108186.04,87306423067
2025-10-17,BTC,BTC-USD,108179.13,109235.8,103598.43,106467.79,99703051669
2025-10-18,BTC,BTC-USD,106483.73,107490.98,106387.45,107198.27,37779905278
2025-10-19,BTC,BTC-USD,107204.31,109488.99,106157.79,108666.71,47657008953
2025-10-20,BTC,BTC-USD,108667.45,111711.03,107485.02,110588.93,63507793085
2025-10-21,BTC,BTC-USD,110587.63,113996.34,107534.75,108476.89,101194375480
2025-10-22,BTC,BTC-USD,108491.53,109115.13,106778.0,107688.59,80807013218
2025-10-23,BTC,BTC-USD,107679.44,111288.59,107548.43,110069.73,54944076060
2025-10-24,BTC,BTC-USD,110069.35,111842.53,109770.15,111033.92,48160816980
2025-10-25,BTC,BTC-USD,111032.62,111947.7,110704.41,111641.73,24707667305
2025-10-26,BTC,BTC-USD,111639.05,115260.91,111268.48,114472.45,41708524143
2025-10-27,BTC,BTC-USD,114479.85,116273.31,113882.29,114119.33,61761358733
2025-10-28,BTC,BTC-USD,114129.09,116078.98,112291.68,112956.16,64528066504
2025-10-29,BTC,BTC-USD,112921.33,113642.73,109368.72,110055.3,62192043469
2025-10-30,BTC,BTC-USD,110059.2,111612.35,106376.69,108305.55,69673964814
2025-10-31,BTC,BTC-USD,108304.41,111031.82,108288.27,109556.16,60090359560
2025-11-01,BTC,BTC-USD,109558.62,110574.9,109372.95,110064.02,25871668762
2025-11-02,BTC,BTC-USD,110064.43,111167.31,109523.45,110639.62,34284209459
2025-11-03,BTC,BTC-USD,110646.91,110764.91,105336.36,106547.52,72852006359
2025-11-04,BTC,BTC-USD,106541.42,107264.88,98962.06,101590.52,110967184773
2025-11-05,BTC,BTC-USD,101579.23,104534.7,98989.91,103891.84,77584934804
2025-11-06,BTC,BTC-USD,103893.66,104147.3,100336.87,101301.29,63932752861
2025-11-07,BTC,BTC-USD,101286.24,104052.91,99257.05,103372.41,92168030081
2025-11-08,BTC,BTC-USD,103371.7,103373.56,101458.04,102282.12,51446691095
2025-11-09,BTC,BTC-USD,102278.98,105418.37,101468.88,104719.64,59679243013
2025-11-10,BTC,BTC-USD,104723.77,106564.7,104350.65,105996.59,69585887229
2025-11-11,BTC,BTC-USD,105996.86,107428.26,102457.33,102997.47,71130078574
2025-11-12,BTC,BTC-USD,103011.44,105297.23,100836.62,101663.19,64347179408
2025-11-13,BTC,BTC-USD,101674.15,104005.49,97988.72,99697.49,101546815416
2025-11-14,BTC,BTC-USD,99694.7,99804.43,94000.73,94397.79,114346441890
2025-11-15,BTC,BTC-USD,94420.47,96728.47,94420.47,95549.15,38500716654
2025-11-16,BTC,BTC-USD,95556.87,96564.19,92971.16,94177.08,71086235862
2025-11-17,BTC,BTC-USD,94180.88,95928.37,91214.76,92093.88,94186165724
2025-11-18,BTC,BTC-USD,92094.53,93745.08,89300.46,92948.88,101333569062
2025-11-19,BTC,BTC-USD,92946.16,92946.16,88526.83,91465.99,80350354656
2025-11-20,BTC,BTC-USD,91459.35,93025.07,86040.8,86631.9,97970645638
2025-11-21,BTC,BTC-USD,86528.77,87380.8,80659.81,85090.69,129157506112
2025-11-22,BTC,BTC-USD,85098.56,85503.01,83490.9,84648.36,40793099246
2025-11-23,BTC,BTC-USD,84648.61,88038.47,84641.77,86805.01,58083435576
2025-11-24,BTC,BTC-USD,86798.77,89206.34,85272.2,88270.56,74433896110
2025-11-25,BTC,BTC-USD,88269.96,88457.34,86131.43,87341.89,64837343545
2025-11-26,BTC,BTC-USD,87345.59,90581.16,86316.9,90518.37,66496301869
2025-11-27,BTC,BTC-USD,90517.77,91897.58,90089.52,91285.38,57040622845
2025-11-28,BTC,BTC-USD,91285.38,92969.09,90257.12,90919.27,60895830289
2025-11-29,BTC,BTC-USD,90918.74,91187.62,90260.19,90851.76,37921773455
2025-11-30,BTC,BTC-USD,90838.21,91965.05,90394.31,90394.31,38497902869
2025-12-01,BTC,BTC-USD,90389.11,90398.16,83862.25,86321.57,87962894424
2025-12-02,BTC,BTC-USD,86322.54,92316.63,86202.2,91350.2,78546798211
2025-12-03,BTC,BTC-USD,91345.09,94060.77,91056.39,93527.8,77650204986
2025-12-04,BTC,BTC-USD,93454.26,94038.24,90976.1,92141.62,64538402681
2025-12-05,BTC,BTC-USD,92133.65,92702.64,88152.14,89387.76,63256398633
2025-12-06,BTC,BTC-USD,89389.36,90267.46,88951.66,89272.38,37994042405
2025-12-07,BTC,BTC-USD,89277.81,91740.84,87799.56,90405.64,47394898960
2025-12-08,BTC,BTC-USD,90424.59,92267.12,89644.89,90640.2,57394099056
2025-12-09,BTC,BTC-USD,90639.7,94601.57,89586.98,92691.71,66861721440
2025-12-10,BTC,BTC-USD,92695.23,94477.16,91640.13,92020.95,65420694513
2025-12-11,BTC,BTC-USD,92011.3,93554.27,89335.3,92511.34,64532834621
2025-12-12,BTC,BTC-USD,92513.66,92747.93,89532.6,90270.41,80275884583
2025-12-13,BTC,BTC-USD,90257.8,90647.57,89800.99,90298.71,64237748110
2025-12-14,BTC,BTC-USD,90296.44,90498.11,87634.94,88175.18,50465972205
2025-12-15,BTC,BTC-USD,88171.08,89983.92,85304.08,86419.78,45559514323
2025-12-16,BTC,BTC-USD,86424.41,88170.09,85381.69,87843.98,41262178223
2025-12-17,BTC,BTC-USD,87847.62,90264.57,85316.27,86143.76,44243392914
2025-12-18,BTC,BTC-USD,86144.37,89412.66,84436.31,85462.51,52667115348
2025-12-19,BTC,BTC-USD,85476.13,89339.12,85107.66,88103.38,46733310561
2025-12-20,BTC,BTC-USD,88101.67,88497.2,87924.88,88344.0,14688196659
2025-12-21,BTC,BTC-USD,88344.7,89027.95,87613.2,88621.75,19845522660
2025-12-22,BTC,BTC-USD,88621.4,90501.93,87908.07,88490.02,38047472118
2025-12-23,BTC,BTC-USD,88490.03,88898.38,86606.98,87414.0,43683011533
2025-12-24,BTC,BTC-USD,87404.32,87956.88,86411.8,87611.96,25550297986
2025-12-25,BTC,BTC-USD,87608.32,88501.79,86949.26,87234.74,19953216347
2025-12-26,BTC,BTC-USD,87235.51,89459.43,86628.14,87301.43,42455674908
2021-12-28,ETH,ETH-USD,4037.54,4037.54,3769.28,3800.89,17299472803
2021-12-29,ETH,ETH-USD,3797.44,3827.98,3612.8,3628.53,15722555672
2021-12-30,ETH,ETH-USD,3632.22,3767.56,3595.2,3713.85,12925377999
2021-12-31,ETH,ETH-USD,3713.43,3807.29,3636.87,3682.63,14157285268
2022-01-01,ETH,ETH-USD,3683.05,3769.92,3682.29,3769.7,9776191466
2022-01-02,ETH,ETH-USD,3769.3,3836.16,3727.36,3829.56,9881471548
2022-01-03,ETH,ETH-USD,3829.54,3836.2,3698.05,3761.38,12080777893
2022-01-04,ETH,ETH-USD,3761.36,3876.79,3723.35,3794.06,14030925983
2022-01-05,ETH,ETH-USD,3794.27,3842.06,3456.75,3550.39,18061338502
2022-01-06,ETH,ETH-USD,3549.71,3549.71,3335.38,3418.41,24293791313
2022-01-07,ETH,ETH-USD,3417.84,3420.46,3117.38,3193.21,24494179209
2022-01-08,ETH,ETH-USD,3193.5,3240.3,3020.88,3091.97,16037732700
2022-01-09,ETH,ETH-USD,3091.7,3206.79,3075.91,3157.75,12334683863
2022-01-10,ETH,ETH-USD,3157.57,3177.21,2947.68,3083.1,19535744145
2022-01-11,ETH,ETH-USD,3082.99,3247.51,3061.14,3238.11,15211447193
2022-01-12,ETH,ETH-USD,3238.45,3401.22,3216.72,3372.26,16662871689
2022-01-13,ETH,ETH-USD,3372.1,3396.97,3247.92,3248.29,15294466275
2022-01-14,ETH,ETH-USD,3248.65,3330.77,3203.82,3310.0,13562957230
2022-01-15,ETH,ETH-USD,3309.84,3364.54,3278.67,3330.53,9619999078
2022-01-16,ETH,ETH-USD,3330.39,3376.4,3291.56,3350.92,9505934874
2022-01-17,ETH,ETH-USD,3350.95,3355.82,3157.22,3212.3,12344309617
2022-01-18,ETH,ETH-USD,3212.29,3236.02,3096.12,3164.03,13024154091
2022-01-19,ETH,ETH-USD,3163.85,3171.16,3055.21,3095.83,13187424144
2022-01-20,ETH,ETH-USD,3095.27,3265.34,3000.91,3001.12,10645922764
2022-01-21,ETH,ETH-USD,3002.96,3029.08,2496.81,2557.93,26796291874
2022-01-22,ETH,ETH-USD,2561.15,2615.25,2330.25,2405.18,27369692036
2022-01-23,ETH,ETH-USD,2406.92,2542.14,2381.52,2535.04,16481489511
2022-01-24,ETH,ETH-USD,2535.89,2537.21,2172.3,2440.35,28220804648
2022-01-25,ETH,ETH-USD,2440.39,2498.51,2359.38,2455.94,16179776932
2022-01-26,ETH,ETH-USD,2455.58,2705.78,2417.68,2468.03,21229909340
2022-01-27,ETH,ETH-USD,2467.19,2510.45,2328.45,2423.0,16126522783
2022-01-28,ETH,ETH-USD,2421.65,2548.78,2367.83,2547.09,14666227351
2022-01-29,ETH,ETH-USD,2546.59,2627.61,2526.99,2597.08,11172062661
2022-01-30,ETH,ETH-USD,2598.56,2631.41,2550.46,2603.47,9501221177
2022-01-31,ETH,ETH-USD,2603.26,2697.74,2489.07,2688.28,13778234614
2022-02-01,ETH,ETH-USD,2687.9,2802.32,2682.62,2792.12,13194846235
2022-02-02,ETH,ETH-USD,2791.96,2802.21,2630.12,2682.85,13876301217
2022-02-03,ETH,ETH-USD,2682.23,2712.48,2587.78,2679.16,12755505065
2022-02-04,ETH,ETH-USD,2681.06,2983.59,2675.44,2983.59,18987223729
2022-02-05,ETH,ETH-USD,2984.45,3054.13,2966.78,3014.65,13102093957
2022-02-06,ETH,ETH-USD,3014.96,3061.26,2965.43,3057.48,9466018022
2022-02-07,ETH,ETH-USD,3057.42,3182.53,3002.93,3142.47,15197063785
2022-02-08,ETH,ETH-USD,3143.01,3219.47,3038.38,3122.61,17136080906
2022-02-09,ETH,ETH-USD,3121.18,3263.16,3063.16,3239.46,13951308490
2022-02-10,ETH,ETH-USD,3240.11,3271.32,3070.38,3077.48,18629485080
2022-02-11,ETH,ETH-USD,3077.41,3127.45,2888.71,2927.38,16043881065
2022-02-12,ETH,ETH-USD,2927.39,2980.08,2870.18,2917.36,11254355757
2022-02-13,ETH,ETH-USD,2916.79,2947.78,2845.4,2883.46,9054963563
2022-02-14,ETH,ETH-USD,2880.19,2957.96,2840.26,2933.48,12164552172
2022-02-15,ETH,ETH-USD,2933.73,3185.52,2917.86,3179.88,13921257873
2022-02-16,ETH,ETH-USD,3180.45,3181.62,3055.17,3127.83,12352406833
2022-02-17,ETH,ETH-USD,3126.86,3154.62,2861.85,2881.48,15860206214
2022-02-18,ETH,ETH-USD,2884.34,2937.31,2761.64,2785.73,15748173433
2022-02-19,ETH,ETH-USD,2784.87,2826.35,2707.38,2763.7,9774183169
2022-02-20,ETH,ETH-USD,2763.76,2763.76,2585.95,2628.65,11641437834
2022-02-21,ETH,ETH-USD,2627.67,2752.46,2568.25,2573.82,18646392740
2022-02-22,ETH,ETH-USD,2572.9,2648.92,2510.68,2639.3,16360200507
2022-02-23,ETH,ETH-USD,2639.45,2741.37,2587.41,2590.36,13382637240
2022-02-24,ETH,ETH-USD,2588.17,2689.05,2308.91,2598.07,29312342666
2022-02-25,ETH,ETH-USD,2598.44,2821.97,2579.21,2764.54,17208902048
2022-02-26,ETH,ETH-USD,2764.99,2849.42,2745.01,2781.11,11724648351
2022-02-27,ETH,ETH-USD,2780.5,2831.13,2581.62,2621.8,16150857254
2022-02-28,ETH,ETH-USD,2621.17,2929.18,2586.39,2919.2,19266124733
2022-03-01,ETH,ETH-USD,2919.78,3029.65,2868.94,2972.49,18757425786
2022-03-02,ETH,ETH-USD,2972.47,3026.87,2919.94,2950.12,16636517503
2022-03-03,ETH,ETH-USD,2950.16,2964.67,2797.32,2834.47,13091199728
2022-03-04,ETH,ETH-USD,2834.99,2835.18,2587.75,2617.16,14496939024
2022-03-05,ETH,ETH-USD,2618.47,2679.1,2596.99,2664.83,8072368396
2022-03-06,ETH,ETH-USD,2664.94,2673.64,2555.04,2555.04,8872976607
2022-03-07,ETH,ETH-USD,2555.3,2639.94,2455.59,2497.77,14594098731
2022-03-08,ETH,ETH-USD,2497.72,2618.17,2489.76,2576.75,13922922903
2022-03-09,ETH,ETH-USD,2577.17,2761.8,2573.66,2729.78,14173665398
2022-03-10,ETH,ETH-USD,2729.12,2729.12,2566.19,2608.05,13292477213
2022-03-11,ETH,ETH-USD,2608.27,2664.56,2534.69,2559.56,12382419582
2022-03-12,ETH,ETH-USD,2559.66,2606.44,2559.13,2574.75,6532996574
2022-03-13,ETH,ETH-USD,2573.49,2594.55,2503.89,2518.94,8632000379
2022-03-14,ETH,ETH-USD,2518.49,2604.03,2505.3,2590.7,11244398839
2022-03-15,ETH,ETH-USD,2590.67,2662.33,2515.77,2620.15,12861105614
2022-03-16,ETH,ETH-USD,2620.03,2781.31,2610.76,2772.06,17915109769
2022-03-17,ETH,ETH-USD,2771.96,2826.16,2751.56,2814.85,12685265194
2022-03-18,ETH,ETH-USD,2814.43,2973.62,2774.86,2945.34,15830879093
2022-03-19,ETH,ETH-USD,2944.72,2979.99,2910.8,2946.26,11576463120
2022-03-20,ETH,ETH-USD,2946.55,2956.97,2826.11,2860.46,12684727326
2022-03-21,ETH,ETH-USD,2860.1,2954.56,2838.25,2897.98,15206116098
2022-03-22,ETH,ETH-USD,2897.77,3040.38,2892.54,2973.13,16830539230
2022-03-23,ETH,ETH-USD,2973.15,3036.75,2933.31,3031.07,16008767658
2022-03-24,ETH,ETH-USD,3031.06,3118.39,3012.33,3108.06,18070503166
2022-03-25,ETH,ETH-USD,3108.45,3183.96,3087.49,3106.67,17030503831
2022-03-26,ETH,ETH-USD,3106.41,3146.83,3091.83,3143.18,8876420740
2022-03-27,ETH,ETH-USD,3143.8,3291.58,3130.0,3291.58,13431866834
2022-03-28,ETH,ETH-USD,3292.32,3424.02,3279.03,3336.63,20620450770
2022-03-29,ETH,ETH-USD,3335.02,3470.19,3335.02,3401.99,19533323636
2022-03-30,ETH,ETH-USD,3401.53,3435.29,3349.24,3385.16,15302506131
2022-03-31,ETH,ETH-USD,3385.29,3435.13,3272.93,3281.64,17685495686
2022-04-01,ETH,ETH-USD,3282.58,3467.56,3223.89,3449.55,20982988937
2022-04-02,ETH,ETH-USD,3449.79,3521.28,3442.0,3445.06,23571556215
2022-04-03,ETH,ETH-USD,3444.81,3573.96,3421.26,3522.83,15333808649
2022-04-04,ETH,ETH-USD,3522.36,3535.15,3422.0,3521.24,18209969743
2022-04-05,ETH,ETH-USD,3521.24,3546.71,3410.55,3411.79,16681503199
2022-04-06,ETH,ETH-USD,3411.67,3411.67,3171.21,3171.69,25632563639
2022-04-07,ETH,ETH-USD,3172.2,3263.47,3155.58,3233.27,16745496605
2022-04-08,ETH,ETH-USD,3233.27,3301.61,3179.14,3192.07,17557050669
2022-04-09,ETH,ETH-USD,3191.98,3261.96,3187.47,3261.92,9908112156
2022-04-10,ETH,ETH-USD,3261.29,3303.0,3211.87,3211.87,10427054790
2022-04-11,ETH,ETH-USD,3209.58,3214.46,2962.76,2981.05,21891804831
2022-04-12,ETH,ETH-USD,2981.42,3077.45,2957.87,3030.38,20235707410
2022-04-13,ETH,ETH-USD,3029.88,3123.58,3006.48,3118.34,16088473629
2022-04-14,ETH,ETH-USD,3117.82,3139.93,2988.44,3019.91,15821419931
2022-04-15,ETH,ETH-USD,3020.13,3044.29,3001.12,3040.92,11256651536
2022-04-16,ETH,ETH-USD,3041.12,3074.89,3016.42,3062.31,8766710365
2022-04-17,ETH,ETH-USD,3061.88,3075.78,2989.04,2993.4,10463091281
2022-04-18,ETH,ETH-USD,2993.48,3062.52,2893.91,3057.61,18629381299
2022-04-19,ETH,ETH-USD,3057.57,3125.08,3035.54,3104.11,14156035096
2022-04-20,ETH,ETH-USD,3103.94,3157.89,3045.29,3077.75,15547362265
2022-04-21,ETH,ETH-USD,3077.83,3173.45,2962.41,2987.48,20783591093
2022-04-22,ETH,ETH-USD,2986.94,3024.85,2942.36,2964.84,16782795477
2022-04-23,ETH,ETH-USD,2964.8,2975.32,2926.74,2938.11,9116955609
2022-04-24,ETH,ETH-USD,2937.35,2961.88,2922.13,2922.73,9696829579
2022-04-25,ETH,ETH-USD,2922.99,3018.42,2804.51,3009.39,22332690614
2022-04-26,ETH,ETH-USD,3008.95,3026.42,2786.25,2808.3,19052045399
2022-04-27,ETH,ETH-USD,2808.65,2911.88,2802.27,2888.93,17419284041
2022-04-28,ETH,ETH-USD,2888.85,2973.14,2861.82,2936.94,18443524633
2022-04-29,ETH,ETH-USD,2936.78,2943.45,2782.44,2815.6,18771041399
2022-04-30,ETH,ETH-USD,2815.53,2836.83,2727.41,2730.19,13520941867
2022-05-01,ETH,ETH-USD,2729.99,2838.7,2728.08,2827.76,15332730152
2022-05-02,ETH,ETH-USD,2827.61,2874.15,2785.52,2857.41,18609741545
2022-05-03,ETH,ETH-USD,2857.15,2859.19,2762.12,2783.48,13026093219
2022-05-04,ETH,ETH-USD,2783.13,2956.69,2779.27,2940.64,18186749944
2022-05-05,ETH,ETH-USD,2940.23,2948.96,2704.92,2749.21,22642925048
2022-05-06,ETH,ETH-USD,2748.93,2754.84,2645.34,2694.98,21027599270
2022-05-07,ETH,ETH-USD,2694.99,2696.65,2599.52,2636.09,13369276367
2022-05-08,ETH,ETH-USD,2636.12,2638.83,2498.43,2517.46,20802269935
2022-05-09,ETH,ETH-USD,2518.51,2528.26,2238.06,2245.43,36333567678
2022-05-10,ETH,ETH-USD,2242.65,2450.76,2206.76,2343.51,38202099639
2022-05-11,ETH,ETH-USD,2342.75,2441.08,2018.86,2072.11,45743399154
2022-05-12,ETH,ETH-USD,2072.5,2170.46,1748.3,1961.7,42463486402
2022-05-13,ETH,ETH-USD,1960.12,2139.71,1941.98,2014.42,24816096567
2022-05-14,ETH,ETH-USD,2014.28,2063.43,1956.57,2056.27,15457044616
2022-05-15,ETH,ETH-USD,2056.18,2147.19,2008.16,2145.71,14846088335
2022-05-16,ETH,ETH-USD,2145.84,2145.84,1988.81,2022.73,21459552191
2022-05-17,ETH,ETH-USD,2022.88,2113.06,2015.97,2090.41,18509929297
2022-05-18,ETH,ETH-USD,2090.46,2102.33,1916.66,1916.66,17740965589
2022-05-19,ETH,ETH-USD,1916.15,2028.39,1907.02,2018.34,18734247914
2022-05-20,ETH,ETH-USD,2018.0,2054.8,1926.68,1961.32,15892482289
2022-05-21,ETH,ETH-USD,1961.02,1985.4,1944.27,1974.52,8546822406
2022-05-22,ETH,ETH-USD,1974.67,2047.19,1966.04,2043.17,10941123403
2022-05-23,ETH,ETH-USD,2042.34,2080.33,1964.39,1972.18,16434529708
2022-05-24,ETH,ETH-USD,1972.39,1991.54,1920.69,1978.98,13057109007
2022-05-25,ETH,ETH-USD,1978.68,2014.37,1943.94,1944.83,13364545730
2022-05-26,ETH,ETH-USD,1945.03,1962.17,1759.2,1803.91,23458681818
2022-05-27,ETH,ETH-USD,1802.54,1814.66,1721.26,1724.92,25470760032
2022-05-28,ETH,ETH-USD,1724.64,1757.94,1724.64,1757.94,23214777872
2022-05-29,ETH,ETH-USD,1792.18,1818.78,1765.94,1812.03,10642556101
2022-05-30,ETH,ETH-USD,1811.89,2005.21,1804.46,1996.44,19580808705
2022-05-31,ETH,ETH-USD,1996.41,2005.49,1932.35,1942.33,18363115560
2022-06-01,ETH,ETH-USD,1942.05,1965.17,1776.05,1823.57,21037797760
2022-06-02,ETH,ETH-USD,1822.41,1845.31,1789.66,1834.15,17065041354
2022-06-03,ETH,ETH-USD,1834.14,1840.06,1746.51,1775.08,14878001811
2022-06-04,ETH,ETH-USD,1775.22,1810.3,1751.53,1801.61,8677951273
2022-06-05,ETH,ETH-USD,1801.82,1825.86,1777.13,1805.2,8850385937
2022-06-06,ETH,ETH-USD,1805.64,1915.03,1804.99,1859.29,16518471852
2022-06-07,ETH,ETH-USD,1859.33,1862.91,1729.41,1814.05,24020076750
2022-06-08,ETH,ETH-USD,1814.1,1830.68,1770.23,1793.57,18041476023
2022-06-09,ETH,ETH-USD,1793.51,1827.29,1779.87,1789.83,12013083393
2022-06-10,ETH,ETH-USD,1789.69,1797.61,1663.43,1665.04,18504740451
2022-06-11,ETH,ETH-USD,1665.22,1679.31,1507.04,1529.66,21127089064
2022-06-12,ETH,ETH-USD,1530.19,1539.71,1436.18,1445.22,23465074882
2022-06-13,ETH,ETH-USD,1443.84,1448.74,1181.95,1204.58,45162788786
2022-06-14,ETH,ETH-USD,1204.56,1252.47,1094.7,1211.66,33327826525
2022-06-15,ETH,ETH-USD,1211.37,1236.63,1025.68,1233.21,37539999450
2022-06-16,ETH,ETH-USD,1233.6,1246.14,1058.78,1067.73,18907671369
2022-06-17,ETH,ETH-USD,1067.99,1112.47,1060.87,1086.52,14591486540
2022-06-18,ETH,ETH-USD,1086.38,1095.17,896.11,993.64,21655406608
2022-06-19,ETH,ETH-USD,993.4,1142.34,943.12,1127.66,21795481981
2022-06-20,ETH,ETH-USD,1127.66,1159.99,1066.11,1127.64,19739691429
2022-06-21,ETH,ETH-USD,1127.51,1185.43,1112.57,1124.82,15632089439
2022-06-22,ETH,ETH-USD,1125.37,1126.26,1049.76,1051.42,15010593493
2022-06-23,ETH,ETH-USD,1051.33,1146.49,1050.22,1143.39,14657862919
2022-06-24,ETH,ETH-USD,1143.2,1238.62,1134.51,1226.84,16981552654
2022-06-25,ETH,ETH-USD,1226.72,1246.39,1184.56,1243.45,12481946184
2022-06-26,ETH,ETH-USD,1242.99,1272.13,1199.41,1199.83,12096607824
2022-06-27,ETH,ETH-USD,1199.71,1234.18,1179.79,1193.68,12492225250
2022-06-28,ETH,ETH-USD,1193.25,1229.74,1141.16,1144.58,14023205651
2022-06-29,ETH,ETH-USD,1144.52,1152.68,1092.1,1098.94,15386286815
2022-06-30,ETH,ETH-USD,1099.35,1103.69,1009.09,1067.3,16350755497
2022-07-01,ETH,ETH-USD,1068.32,1100.22,1040.15,1059.77,17499453625
2022-07-02,ETH,ETH-USD,1060.12,1073.05,1033.96,1066.51,9935603640
2022-07-03,ETH,ETH-USD,1066.47,1083.42,1044.01,1073.77,8557248150
2022-07-04,ETH,ETH-USD,1073.79,1152.94,1048.4,1151.06,13670889311
2022-07-05,ETH,ETH-USD,1150.51,1165.68,1086.83,1134.54,16195518291
2022-07-06,ETH,ETH-USD,1134.82,1193.64,1116.25,1186.97,15373536703
2022-07-07,ETH,ETH-USD,1186.96,1246.89,1165.62,1237.59,14230795894
2022-07-08,ETH,ETH-USD,1237.58,1262.89,1200.63,1222.51,16315929082
2022-07-09,ETH,ETH-USD,1222.31,1228.77,1209.38,1216.98,8821353104
2022-07-10,ETH,ETH-USD,1216.9,1216.9,1157.18,1168.4,10984558039
2022-07-11,ETH,ETH-USD,1168.14,1169.19,1095.0,1097.24,12064180410
2022-07-12,ETH,ETH-USD,1097.26,1097.26,1038.14,1038.19,12583282453
2022-07-13,ETH,ETH-USD,1038.19,1113.59,1019.22,1113.59,18302588147
2022-07-14,ETH,ETH-USD,1113.52,1202.95,1077.41,1191.53,16688640823
2022-07-15,ETH,ETH-USD,1191.67,1275.78,1182.9,1233.13,17411448225
2022-07-16,ETH,ETH-USD,1232.79,1377.94,1195.61,1352.63,18364013796
2022-07-17,ETH,ETH-USD,1353.21,1378.42,1329.76,1338.64,16079711737
2022-07-18,ETH,ETH-USD,1338.81,1578.72,1338.81,1578.72,27440420623
2022-07-19,ETH,ETH-USD,1578.38,1607.03,1501.8,1542.98,27753529276
2022-07-20,ETH,ETH-USD,1542.95,1612.65,1500.8,1520.2,22942708340
2022-07-21,ETH,ETH-USD,1520.37,1595.76,1472.19,1576.75,20009556587
2022-07-22,ETH,ETH-USD,1576.75,1641.21,1523.64,1537.41,18926100582
2022-07-23,ETH,ETH-USD,1536.46,1591.63,1495.68,1549.3,14998811383
2022-07-24,ETH,ETH-USD,1549.22,1654.43,1548.67,1599.48,17217849557
2022-07-25,ETH,ETH-USD,1599.16,1605.34,1445.38,1445.38,20585056021
2022-07-26,ETH,ETH-USD,1445.15,1445.15,1362.95,1441.81,18238563509
2022-07-27,ETH,ETH-USD,1443.73,1636.8,1423.62,1636.23,23007524016
2022-07-28,ETH,ETH-USD,1636.23,1774.58,1604.89,1725.47,27231399966
2022-07-29,ETH,ETH-USD,1725.62,1759.88,1662.79,1727.41,23249531113
2022-07-30,ETH,ETH-USD,1727.06,1738.02,1678.11,1695.97,15576977870
2022-07-31,ETH,ETH-USD,1695.88,1745.88,1672.61,1681.52,14200735370
2022-08-01,ETH,ETH-USD,1681.45,1700.17,1613.42,1635.2,16191371176
2022-08-02,ETH,ETH-USD,1634.65,1672.63,1567.85,1632.95,20426082309
2022-08-03,ETH,ETH-USD,1633.05,1678.1,1595.63,1618.87,16786218830
2022-08-04,ETH,ETH-USD,1618.89,1658.51,1585.33,1608.21,14467440626
2022-08-05,ETH,ETH-USD,1607.52,1732.25,1606.5,1732.25,18546491876
2022-08-06,ETH,ETH-USD,1732.66,1744.33,1691.66,1691.66,11757911705
2022-08-07,ETH,ETH-USD,1691.78,1724.79,1672.91,1699.35,10252090340
2022-08-08,ETH,ETH-USD,1699.69,1806.89,1697.41,1775.52,16841424404
2022-08-09,ETH,ETH-USD,1776.07,1786.12,1675.85,1703.03,16368619692
2022-08-10,ETH,ETH-USD,1702.91,1869.4,1665.09,1851.74,23512477984
2022-08-11,ETH,ETH-USD,1851.83,1927.94,1851.83,1881.22,23826986482
2022-08-12,ETH,ETH-USD,1880.9,1957.55,1860.08,1957.25,17168141904
2022-08-13,ETH,ETH-USD,1957.33,2013.76,1948.6,1981.34,16038975216
2022-08-14,ETH,ETH-USD,1981.78,2022.79,1919.01,1936.8,14062754456
2022-08-15,ETH,ETH-USD,1936.76,2007.21,1881.86,1904.23,20349931313
2022-08-16,ETH,ETH-USD,1902.83,1910.75,1862.27,1878.14,15637578930
2022-08-17,ETH,ETH-USD,1877.93,1951.68,1823.53,1833.0,20308508124
2022-08-18,ETH,ETH-USD,1833.72,1876.38,1826.96,1847.01,14999352229
2022-08-19,ETH,ETH-USD,1847.1,1847.1,1611.34,1612.99,25906358731
2022-08-20,ETH,ETH-USD,1612.65,1652.22,1534.3,1577.0,18334580263
2022-08-21,ETH,ETH-USD,1576.54,1640.94,1569.05,1619.32,15849221752
2022-08-22,ETH,ETH-USD,1619.17,1622.78,1535.01,1622.51,18557078599
2022-08-23,ETH,ETH-USD,1622.94,1666.68,1569.43,1662.77,18322041914
2022-08-24,ETH,ETH-USD,1662.7,1686.56,1610.1,1657.06,16780932907
2022-08-25,ETH,ETH-USD,1657.34,1718.18,1656.86,1696.46,14818795695
2022-08-26,ETH,ETH-USD,1696.32,1698.56,1498.77,1507.78,26713710143
2022-08-27,ETH,ETH-USD,1508.16,1517.15,1454.28,1491.4,18120831899
2022-08-28,ETH,ETH-USD,1491.21,1505.79,1430.55,1430.55,12823572918
2022-08-29,ETH,ETH-USD,1430.44,1556.31,1427.73,1553.04,17965837488
2022-08-30,ETH,ETH-USD,1553.19,1600.46,1480.83,1523.84,21835784470
2022-08-31,ETH,ETH-USD,1524.29,1612.36,1524.29,1553.68,20591680941
2022-09-01,ETH,ETH-USD,1553.76,1593.08,1520.19,1586.18,16434276817
2022-09-02,ETH,ETH-USD,1586.02,1643.18,1551.88,1577.22,17708478709
2022-09-03,ETH,ETH-USD,1577.21,1579.45,1541.67,1556.87,9516825994
2022-09-04,ETH,ETH-USD,1556.9,1578.01,1543.7,1577.64,8884144998
2022-09-05,ETH,ETH-USD,1577.88,1621.66,1559.78,1617.18,13060541168
2022-09-06,ETH,ETH-USD,1617.24,1680.6,1561.75,1561.75,22946059125
2022-09-07,ETH,ETH-USD,1560.91,1651.05,1500.01,1629.91,19560363854
2022-09-08,ETH,ETH-USD,1629.81,1655.06,1603.06,1635.35,17621046717
2022-09-09,ETH,ETH-USD,1635.19,1735.81,1632.84,1719.09,20242323690
2022-09-10,ETH,ETH-USD,1718.96,1784.5,1710.3,1776.2,13130928217
2022-09-11,ETH,ETH-USD,1775.98,1782.73,1730.16,1761.8,12464301922
2022-09-12,ETH,ETH-USD,1762.08,1778.16,1698.29,1713.77,17688391310
2022-09-13,ETH,ETH-USD,1713.96,1745.78,1564.03,1580.79,23066821734
2022-09-14,ETH,ETH-USD,1574.86,1642.16,1564.03,1634.76,17897150206
2022-09-15,ETH,ETH-USD,1635.08,1648.95,1466.14,1471.69,26946275878
2022-09-16,ETH,ETH-USD,1471.93,1480.56,1415.58,1432.45,16764804299
2022-09-17,ETH,ETH-USD,1432.88,1473.06,1415.04,1469.74,10798098671
2022-09-18,ETH,ETH-USD,1469.71,1469.71,1331.49,1335.33,15762284723
2022-09-19,ETH,ETH-USD,1335.27,1388.27,1287.42,1377.54,18712714223
2022-09-20,ETH,ETH-USD,1377.62,1381.97,1319.2,1324.39,14722317220
2022-09-21,ETH,ETH-USD,1324.22,1384.48,1229.43,1252.61,20643507800
2022-09-22,ETH,ETH-USD,1251.57,1336.16,1240.97,1327.68,18461527259
2022-09-23,ETH,ETH-USD,1327.48,1353.29,1270.2,1328.26,18771106339
2022-09-24,ETH,ETH-USD,1328.24,1346.26,1312.64,1317.99,12098209717
2022-09-25,ETH,ETH-USD,1317.94,1333.37,1275.63,1294.22,11802651633
2022-09-26,ETH,ETH-USD,1294.39,1335.53,1282.05,1335.32,16034549271
2022-09-27,ETH,ETH-USD,1335.34,1396.89,1308.99,1330.13,17870598937
2022-09-28,ETH,ETH-USD,1329.54,1351.96,1267.87,1337.41,18994979566
2022-09-29,ETH,ETH-USD,1337.55,1348.11,1293.19,1335.65,13796915736
2022-09-30,ETH,ETH-USD,1335.65,1368.74,1320.38,1327.98,14250100093
2022-10-01,ETH,ETH-USD,1328.19,1332.52,1306.1,1311.64,6227961237
2022-10-02,ETH,ETH-USD,1311.75,1316.33,1275.34,1276.09,7578351650
2022-10-03,ETH,ETH-USD,1276.16,1326.55,1271.15,1323.44,10153070907
2022-10-04,ETH,ETH-USD,1323.28,1364.97,1320.08,1362.13,10139774963
2022-10-05,ETH,ETH-USD,1361.97,1362.45,1320.86,1352.84,9774451820
2022-10-06,ETH,ETH-USD,1352.81,1380.4,1349.45,1351.71,12033514861
2022-10-07,ETH,ETH-USD,1351.84,1359.33,1321.75,1332.52,10061619355
2022-10-08,ETH,ETH-USD,1332.37,1335.95,1307.07,1315.5,5804676208
2022-10-09,ETH,ETH-USD,1315.46,1327.67,1309.34,1322.6,5486230123
2022-10-10,ETH,ETH-USD,1322.62,1335.66,1291.34,1291.34,8794491050
2022-10-11,ETH,ETH-USD,1291.11,1296.27,1272.74,1279.58,9274845260
2022-10-12,ETH,ETH-USD,1279.73,1303.08,1277.53,1294.91,8355638578
2022-10-13,ETH,ETH-USD,1294.92,1297.56,1209.28,1288.12,17499038202
2022-10-14,ETH,ETH-USD,1288.05,1339.74,1285.38,1297.42,13113767755
2022-10-15,ETH,ETH-USD,1297.31,1300.75,1268.47,1274.87,6798512624
2022-10-16,ETH,ETH-USD,1275.01,1312.63,1275.01,1306.3,7491625206
2022-10-17,ETH,ETH-USD,1306.31,1335.65,1297.45,1331.71,9401189650
2022-10-18,ETH,ETH-USD,1331.67,1339.09,1291.66,1310.45,10416747806
2022-10-19,ETH,ETH-USD,1310.56,1312.44,1283.97,1285.74,8350692785
2022-10-20,ETH,ETH-USD,1285.66,1307.86,1275.32,1283.2,9009111996
2022-10-21,ETH,ETH-USD,1283.19,1305.08,1260.67,1299.95,10412565245
2022-10-22,ETH,ETH-USD,1299.9,1317.1,1295.95,1314.3,7175324564
2022-10-23,ETH,ETH-USD,1314.25,1367.76,1302.91,1363.45,9909510925
2022-10-24,ETH,ETH-USD,1363.49,1368.43,1327.85,1345.0,13092820173
2022-10-25,ETH,ETH-USD,1344.71,1509.99,1336.98,1461.67,25367291294
2022-10-26,ETH,ETH-USD,1461.13,1584.64,1460.43,1566.57,32705548427
2022-10-27,ETH,ETH-USD,1566.84,1574.4,1510.82,1514.37,22813499245
2022-10-28,ETH,ETH-USD,1514.32,1568.63,1493.87,1555.48,19974623205
2022-10-29,ETH,ETH-USD,1555.27,1652.38,1549.98,1619.7,21618154775
2022-10-30,ETH,ETH-USD,1619.7,1637.04,1579.49,1590.78,13930073427
2022-10-31,ETH,ETH-USD,1590.48,1630.45,1555.92,1572.71,19306919714
2022-11-01,ETH,ETH-USD,1572.65,1606.61,1568.1,1579.7,14507311208
2022-11-02,ETH,ETH-USD,1579.5,1613.41,1507.24,1519.71,23254218281
2022-11-03,ETH,ETH-USD,1519.72,1556.76,1517.1,1531.54,14248351007
2022-11-04,ETH,ETH-USD,1531.4,1661.33,1529.27,1645.09,20806964347
2022-11-05,ETH,ETH-USD,1645.16,1660.49,1625.96,1627.97,11006973190
2022-11-06,ETH,ETH-USD,1627.9,1634.13,1572.23,1572.23,11632744705
2022-11-07,ETH,ETH-USD,1572.02,1604.48,1550.42,1568.59,15279963349
2022-11-08,ETH,ETH-USD,1568.33,1574.8,1259.44,1332.84,42048003440
2022-11-09,ETH,ETH-USD,1333.12,1335.74,1083.29,1100.17,38864492427
2022-11-10,ETH,ETH-USD,1100.11,1341.79,1093.12,1299.46,28581002122
2022-11-11,ETH,ETH-USD,1298.88,1302.3,1211.33,1287.22,20920539099
2022-11-12,ETH,ETH-USD,1287.44,1288.15,1242.15,1255.27,10964962767
2022-11-13,ETH,ETH-USD,1255.44,1271.71,1208.52,1221.82,10717455214
2022-11-14,ETH,ETH-USD,1221.9,1284.22,1178.43,1241.6,15028035663
2022-11-15,ETH,ETH-USD,1241.68,1283.2,1238.69,1251.74,11798011594
2022-11-16,ETH,ETH-USD,1251.81,1264.49,1192.99,1215.6,11939561598
2022-11-17,ETH,ETH-USD,1215.85,1224.97,1189.15,1200.81,9723646871
2022-11-18,ETH,ETH-USD,1200.8,1226.74,1200.8,1212.3,7979913378
2022-11-19,ETH,ETH-USD,1212.22,1227.84,1200.48,1218.43,5978745776
2022-11-20,ETH,ETH-USD,1218.44,1224.08,1137.93,1142.47,9651002684
2022-11-21,ETH,ETH-USD,1142.4,1142.4,1084.86,1108.35,14080099208
2022-11-22,ETH,ETH-USD,1107.9,1136.44,1081.14,1135.17,12040670755
2022-11-23,ETH,ETH-USD,1135.42,1185.0,1130.02,1183.2,11242676044
2022-11-24,ETH,ETH-USD,1183.35,1211.63,1180.38,1203.98,9706372376
2022-11-25,ETH,ETH-USD,1203.8,1203.8,1174.82,1198.93,5483308196
2022-11-26,ETH,ETH-USD,1198.79,1227.04,1198.1,1205.9,5074160558
2022-11-27,ETH,ETH-USD,1205.91,1220.35,1195.04,1195.13,4486976868
2022-11-28,ETH,ETH-USD,1194.96,1198.74,1156.06,1170.09,7275411870
2022-11-29,ETH,ETH-USD,1169.87,1222.16,1163.48,1216.9,7639405818
2022-11-30,ETH,ETH-USD,1216.93,1302.04,1215.5,1295.69,9836925304
2022-12-01,ETH,ETH-USD,1295.77,1296.0,1267.71,1276.27,6857935276
2022-12-02,ETH,ETH-USD,1276.33,1294.3,1269.24,1294.3,6213645709
2022-12-03,ETH,ETH-USD,1294.46,1299.84,1241.43,1243.33,5672609405
2022-12-04,ETH,ETH-USD,1243.22,1281.49,1242.91,1280.26,5174128454
2022-12-05,ETH,ETH-USD,1280.0,1302.24,1252.47,1259.68,6120359523
2022-12-06,ETH,ETH-USD,1259.85,1271.92,1247.63,1271.65,5089212680
2022-12-07,ETH,ETH-USD,1271.55,1272.69,1224.45,1232.44,5752205180
2022-12-08,ETH,ETH-USD,1232.45,1286.23,1226.36,1281.12,6227269815
2022-12-09,ETH,ETH-USD,1281.08,1290.06,1260.82,1264.28,5706183865
2022-12-10,ETH,ETH-USD,1264.38,1279.53,1262.12,1266.38,3282499999
2022-12-11,ETH,ETH-USD,1266.42,1281.78,1260.66,1263.87,3362005848
2022-12-12,ETH,ETH-USD,1263.57,1275.61,1243.48,1274.62,5151109364
2022-12-13,ETH,ETH-USD,1274.66,1341.44,1258.47,1320.55,8812883119
2022-12-14,ETH,ETH-USD,1320.69,1346.17,1305.83,1309.33,7830915428
2022-12-15,ETH,ETH-USD,1309.19,1311.07,1262.69,1266.35,6032859783
2022-12-16,ETH,ETH-USD,1266.46,1278.16,1162.18,1168.26,9297811507
2022-12-17,ETH,ETH-USD,1168.07,1189.05,1165.41,1188.15,5077258586
2022-12-18,ETH,ETH-USD,1188.13,1194.21,1176.19,1184.72,3350092519
2022-12-19,ETH,ETH-USD,1184.76,1192.92,1160.38,1167.61,4943628091
2022-12-20,ETH,ETH-USD,1167.88,1224.09,1165.6,1217.7,6684951715
2022-12-21,ETH,ETH-USD,1217.59,1218.19,1206.44,1213.6,4217182733
2022-12-22,ETH,ETH-USD,1213.67,1221.99,1187.13,1218.18,5297471739
2022-12-23,ETH,ETH-USD,1218.08,1227.0,1215.99,1220.16,4835831923
2022-12-24,ETH,ETH-USD,1220.12,1224.91,1216.34,1221.15,2626153345
2022-12-25,ETH,ETH-USD,1221.17,1223.52,1203.72,1218.96,3942720070
2022-12-26,ETH,ETH-USD,1218.92,1226.97,1214.34,1226.97,3282098400
2022-12-27,ETH,ETH-USD,1226.99,1230.42,1205.9,1212.79,4091530737
2022-12-28,ETH,ETH-USD,1212.74,1213.13,1185.7,1189.99,4991669631
2022-12-29,ETH,ETH-USD,1190.01,1204.14,1188.36,1201.6,4132233940
2022-12-30,ETH,ETH-USD,1201.57,1202.03,1187.46,1199.23,4055668253
2022-12-31,ETH,ETH-USD,1199.36,1205.09,1194.2,1196.77,3018513333
2023-01-01,ETH,ETH-USD,1196.71,1203.48,1192.89,1200.96,2399674550
2023-01-02,ETH,ETH-USD,1201.1,1219.86,1195.21,1214.66,3765758498
2023-01-03,ETH,ETH-USD,1214.74,1219.1,1207.49,1214.78,3392972131
2023-01-04,ETH,ETH-USD,1214.72,1264.81,1213.17,1256.53,6404416893
2023-01-05,ETH,ETH-USD,1256.48,1258.57,1245.17,1250.44,4001786456
2023-01-06,ETH,ETH-USD,1250.46,1273.22,1240.95,1269.38,4977252792
2023-01-07,ETH,ETH-USD,1269.42,1270.6,1262.27,1264.27,2565213548
2023-01-08,ETH,ETH-USD,1264.18,1287.36,1260.23,1287.36,3495088905
2023-01-09,ETH,ETH-USD,1287.45,1342.14,1286.68,1321.54,7990438824
2023-01-10,ETH,ETH-USD,1321.4,1342.76,1318.53,1336.59,5830173253
2023-01-11,ETH,ETH-USD,1336.49,1387.93,1323.58,1387.93,6314904311
2023-01-12,ETH,ETH-USD,1405.35,1432.28,1378.42,1417.94,12230193038
2023-01-13,ETH,ETH-USD,1417.95,1461.67,1404.02,1451.61,7684148212
2023-01-14,ETH,ETH-USD,1451.43,1563.74,1450.99,1550.71,15444626014
2023-01-15,ETH,ETH-USD,1550.73,1556.95,1520.89,1552.48,6774614499
2023-01-16,ETH,ETH-USD,1552.52,1594.04,1529.57,1576.83,8454485431
2023-01-17,ETH,ETH-USD,1577.11,1594.0,1553.34,1567.85,7599462786
2023-01-18,ETH,ETH-USD,1567.7,1602.11,1509.42,1515.51,10354880595
2023-01-19,ETH,ETH-USD,1515.25,1557.97,1514.38,1552.56,6432638856
2023-01-20,ETH,ETH-USD,1552.37,1659.89,1544.92,1659.75,8528894754
2023-01-21,ETH,ETH-USD,1659.71,1674.18,1626.81,1627.12,8859250310
2023-01-22,ETH,ETH-USD,1627.37,1658.02,1612.09,1628.38,7517988734
2023-01-23,ETH,ETH-USD,1628.55,1641.22,1607.9,1628.25,8264507375
2023-01-24,ETH,ETH-USD,1627.85,1639.72,1551.39,1556.6,8180274691
2023-01-25,ETH,ETH-USD,1556.81,1632.24,1530.8,1611.71,10598973448
2023-01-26,ETH,ETH-USD,1611.08,1626.2,1586.6,1603.11,8395315241
2023-01-27,ETH,ETH-USD,1603.08,1617.0,1565.24,1598.16,8124465373
2023-01-28,ETH,ETH-USD,1598.13,1604.7,1565.39,1572.44,5803653357
2023-01-29,ETH,ETH-USD,1572.63,1653.72,1568.98,1646.16,8801292300
2023-01-30,ETH,ETH-USD,1646.15,1646.65,1546.66,1567.33,9180418120
2023-01-31,ETH,ETH-USD,1567.42,1598.52,1563.8,1586.54,6585191019
2023-02-01,ETH,ETH-USD,1586.49,1644.73,1566.86,1641.79,8116969489
2023-02-02,ETH,ETH-USD,1641.37,1704.46,1641.32,1643.24,10558081069
2023-02-03,ETH,ETH-USD,1642.9,1670.7,1634.22,1664.75,8169519805
2023-02-04,ETH,ETH-USD,1664.47,1690.1,1648.19,1667.06,5843302512
2023-02-05,ETH,ETH-USD,1667.17,1671.77,1616.39,1631.65,6926696531
2023-02-06,ETH,ETH-USD,1631.65,1653.72,1611.32,1616.25,6919871886
2023-02-07,ETH,ETH-USD,1616.01,1673.8,1614.86,1672.0,8030277434
2023-02-08,ETH,ETH-USD,1671.91,1688.53,1635.27,1650.72,7806089579
2023-02-09,ETH,ETH-USD,1651.08,1655.23,1537.18,1546.44,10524969124
2023-02-10,ETH,ETH-USD,1546.6,1553.33,1504.83,1514.87,8397387897
2023-02-11,ETH,ETH-USD,1514.94,1541.33,1510.15,1539.93,5064007416
2023-02-12,ETH,ETH-USD,1539.78,1545.55,1501.46,1515.03,5319698775
2023-02-13,ETH,ETH-USD,1514.92,1524.73,1470.02,1507.17,9363855114
2023-02-14,ETH,ETH-USD,1506.99,1562.03,1497.19,1556.88,9249575045
2023-02-15,ETH,ETH-USD,1556.77,1674.29,1545.69,1673.75,10015035156
2023-02-16,ETH,ETH-USD,1673.87,1732.8,1638.15,1640.07,12704861676
2023-02-17,ETH,ETH-USD,1640.28,1716.78,1636.17,1694.78,9802443159
2023-02-18,ETH,ETH-USD,1694.74,1705.31,1683.67,1691.82,5491437195
2023-02-19,ETH,ETH-USD,1691.68,1718.95,1673.91,1681.44,6959144003
2023-02-20,ETH,ETH-USD,1682.34,1716.49,1659.3,1702.68,7703604237
2023-02-21,ETH,ETH-USD,1702.8,1714.29,1642.4,1658.04,8721608198
2023-02-22,ETH,ETH-USD,1658.14,1664.0,1604.8,1643.23,9189387004
2023-02-23,ETH,ETH-USD,1643.3,1674.6,1632.57,1651.07,9013236167
2023-02-24,ETH,ETH-USD,1650.9,1661.09,1583.15,1608.37,8909129423
2023-02-25,ETH,ETH-USD,1608.66,1608.87,1567.63,1594.91,5657686235
2023-02-26,ETH,ETH-USD,1594.76,1645.27,1590.39,1640.82,5727967432
2023-02-27,ETH,ETH-USD,1640.76,1662.58,1615.39,1634.33,7239824677
2023-02-28,ETH,ETH-USD,1634.5,1644.44,1602.43,1605.9,6323676957
2023-03-01,ETH,ETH-USD,1606.04,1663.43,1601.55,1663.43,7701847224
2023-03-02,ETH,ETH-USD,1663.55,1672.05,1622.6,1647.32,7080950926
2023-03-03,ETH,ETH-USD,1647.56,1648.48,1552.45,1569.17,9922240199
2023-03-04,ETH,ETH-USD,1569.28,1575.64,1551.74,1566.92,4389045367
2023-03-05,ETH,ETH-USD,1567.18,1584.21,1559.95,1564.47,5020886238
2023-03-06,ETH,ETH-USD,1564.38,1579.46,1557.36,1567.4,5245153345
2023-03-07,ETH,ETH-USD,1567.42,1579.16,1543.13,1561.93,6854058349
2023-03-08,ETH,ETH-USD,1561.98,1568.18,1534.09,1534.09,7130327525
2023-03-09,ETH,ETH-USD,1534.03,1544.11,1423.26,1438.66,9457897583
2023-03-10,ETH,ETH-USD,1438.76,1438.76,1378.53,1429.16,12665194936
2023-03-11,ETH,ETH-USD,1429.1,1484.14,1428.72,1482.62,14917080154
2023-03-12,ETH,ETH-USD,1482.43,1607.15,1461.61,1590.29,11480965122
2023-03-13,ETH,ETH-USD,1590.83,1699.91,1572.07,1680.31,15711468959
2023-03-14,ETH,ETH-USD,1680.3,1779.92,1665.9,1703.51,16159781303
2023-03-15,ETH,ETH-USD,1705.19,1721.08,1616.63,1656.18,12715339905
2023-03-16,ETH,ETH-USD,1656.33,1693.14,1639.26,1677.22,9364980166
2023-03-17,ETH,ETH-USD,1677.3,1799.34,1667.13,1792.49,12467445117
2023-03-18,ETH,ETH-USD,1793.59,1840.36,1751.26,1761.66,10317822213
2023-03-19,ETH,ETH-USD,1762.96,1843.84,1762.96,1785.58,9170565472
2023-03-20,ETH,ETH-USD,1785.42,1807.73,1728.1,1735.32,10978325507
2023-03-21,ETH,ETH-USD,1735.62,1836.29,1725.01,1806.76,10758627746
2023-03-22,ETH,ETH-USD,1804.96,1821.46,1717.77,1737.72,12484103560
2023-03-23,ETH,ETH-USD,1737.14,1853.89,1732.52,1816.41,11012966854
2023-03-24,ETH,ETH-USD,1815.82,1819.94,1730.35,1752.04,10913669383
2023-03-25,ETH,ETH-USD,1751.47,1762.67,1716.65,1743.76,6614309912
2023-03-26,ETH,ETH-USD,1743.84,1797.88,1741.18,1775.68,6990313307
2023-03-27,ETH,ETH-USD,1775.48,1781.38,1690.52,1715.46,8585750760
2023-03-28,ETH,ETH-USD,1715.33,1791.11,1702.56,1772.79,8346890042
2023-03-29,ETH,ETH-USD,1772.9,1825.6,1772.9,1793.0,9136176952
2023-03-30,ETH,ETH-USD,1793.35,1827.28,1766.25,1792.74,9724496987
2023-03-31,ETH,ETH-USD,1793.62,1844.68,1783.14,1822.02,9149379763
2023-04-01,ETH,ETH-USD,1821.7,1840.17,1811.12,1813.86,5556443606
2023-04-02,ETH,ETH-USD,1821.19,1824.33,1774.87,1795.71,6199721188
2023-04-03,ETH,ETH-USD,1794.92,1839.16,1765.52,1810.3,9643826401
2023-04-04,ETH,ETH-USD,1810.14,1886.59,1802.96,1871.01,10398322335
2023-04-05,ETH,ETH-USD,1870.97,1937.5,1865.94,1909.11,10319231689
2023-04-06,ETH,ETH-USD,1909.14,1909.27,1857.09,1872.92,8263191830
2023-04-07,ETH,ETH-USD,1872.73,1882.3,1845.99,1865.64,8356130492
2023-04-08,ETH,ETH-USD,1864.68,1879.11,1848.88,1849.5,5016362733
2023-04-09,ETH,ETH-USD,1849.67,1873.06,1828.7,1859.39,6361497715
2023-04-10,ETH,ETH-USD,1859.74,1917.3,1848.16,1911.21,8380134275
2023-04-11,ETH,ETH-USD,1911.38,1936.73,1886.53,1892.19,8877222956
2023-04-12,ETH,ETH-USD,1891.95,1929.88,1860.04,1920.68,11010714187
2023-04-13,ETH,ETH-USD,1917.7,2022.15,1901.86,2012.63,12546950499
2023-04-14,ETH,ETH-USD,2013.93,2126.32,2011.5,2101.64,16298099411
2023-04-15,ETH,ETH-USD,2101.62,2111.08,2076.51,2092.47,8036468153
2023-04-16,ETH,ETH-USD,2092.28,2137.45,2076.83,2120.01,7898126856
2023-04-17,ETH,ETH-USD,2120.0,2120.11,2063.04,2076.24,9648882546
2023-04-18,ETH,ETH-USD,2075.86,2121.53,2057.65,2104.54,9134015143
2023-04-19,ETH,ETH-USD,2103.95,2104.86,1928.58,1936.4,13779745451
2023-04-20,ETH,ETH-USD,1936.42,1979.57,1918.13,1943.1,11324135406
2023-04-21,ETH,ETH-USD,1943.41,1955.65,1827.79,1850.0,12044274581
2023-04-22,ETH,ETH-USD,1849.29,1886.78,1845.85,1874.23,6970642726
2023-04-23,ETH,ETH-USD,1874.17,1882.23,1838.99,1862.06,6607451862
2023-04-24,ETH,ETH-USD,1862.09,1888.19,1811.79,1842.76,8438191338
2023-04-25,ETH,ETH-USD,1842.2,1877.48,1805.32,1866.75,8677255481
2023-04-26,ETH,ETH-USD,1866.15,1962.57,1792.46,1866.56,14356524696
2023-04-27,ETH,ETH-USD,1866.69,1936.95,1863.15,1908.79,14008145806
2023-04-28,ETH,ETH-USD,1909.27,1923.2,1876.29,1892.51,7691759733
2023-04-29,ETH,ETH-USD,1892.57,1916.97,1887.99,1908.92,4796651246
2023-04-30,ETH,ETH-USD,1908.74,1938.42,1876.92,1876.92,6539641957
2023-05-01,ETH,ETH-USD,1868.89,1886.21,1809.19,1831.95,8625783201
2023-05-02,ETH,ETH-USD,1831.73,1879.76,1824.33,1870.79,7536785767
2023-05-03,ETH,ETH-USD,1870.69,1915.5,1845.87,1904.65,8306390869
2023-05-04,ETH,ETH-USD,1905.17,1915.87,1868.63,1877.7,6578438233
2023-05-05,ETH,ETH-USD,1877.83,1998.41,1876.95,1995.06,9498261360
2023-05-06,ETH,ETH-USD,1995.48,2017.56,1870.61,1900.22,9623243037
2023-05-07,ETH,ETH-USD,1899.92,1934.0,1873.08,1873.08,6883942236
2023-05-08,ETH,ETH-USD,1872.48,1886.16,1818.45,1849.04,9895102899
2023-05-09,ETH,ETH-USD,1849.06,1860.67,1832.91,1848.6,6129516088
2023-05-10,ETH,ETH-USD,1848.21,1886.8,1795.67,1842.4,9945549603
2023-05-11,ETH,ETH-USD,1842.49,1842.49,1774.13,1796.49,8353828312
2023-05-12,ETH,ETH-USD,1795.18,1812.42,1742.4,1808.02,9047198660
2023-05-13,ETH,ETH-USD,1808.38,1816.06,1788.48,1796.11,4647630864
2023-05-14,ETH,ETH-USD,1796.11,1823.49,1793.23,1800.5,4711210241
2023-05-15,ETH,ETH-USD,1800.37,1845.7,1787.54,1817.55,6748889346
2023-05-16,ETH,ETH-USD,1816.82,1830.35,1797.84,1824.12,5595959668
2023-05-17,ETH,ETH-USD,1824.07,1835.55,1786.67,1821.86,6352161579
2023-05-18,ETH,ETH-USD,1822.07,1831.45,1774.2,1801.73,5673124255
2023-05-19,ETH,ETH-USD,1800.99,1826.19,1797.43,1812.59,4796110259
2023-05-20,ETH,ETH-USD,1812.77,1829.01,1808.05,1820.48,2951655969
2023-05-21,ETH,ETH-USD,1820.14,1827.92,1799.95,1804.53,3386768865
2023-05-22,ETH,ETH-USD,1804.84,1826.7,1793.22,1817.53,4534841049
2023-05-23,ETH,ETH-USD,1817.78,1869.34,1816.29,1854.38,6820047160
2023-05-24,ETH,ETH-USD,1854.3,1854.3,1780.93,1800.1,7101647419
2023-05-25,ETH,ETH-USD,1799.85,1815.99,1763.37,1805.95,6321689859
2023-05-26,ETH,ETH-USD,1805.73,1837.87,1798.41,1828.69,5451414258
2023-05-27,ETH,ETH-USD,1828.58,1836.18,1817.49,1831.12,3216737652
2023-05-28,ETH,ETH-USD,1831.1,1915.72,1825.47,1910.91,6359610561
2023-05-29,ETH,ETH-USD,1909.3,1926.42,1879.08,1893.08,5884674572
2023-05-30,ETH,ETH-USD,1893.09,1916.57,1883.93,1901.03,5363439784
2023-05-31,ETH,ETH-USD,1901.1,1907.04,1852.09,1874.13,5984512548
2023-06-01,ETH,ETH-USD,1873.91,1887.71,1846.23,1862.2,5640027197
2023-06-02,ETH,ETH-USD,1862.42,1910.28,1851.96,1907.26,6097746022
2023-06-03,ETH,ETH-USD,1907.42,1908.82,1885.49,1892.41,3472274607
2023-06-04,ETH,ETH-USD,1892.4,1912.21,1885.65,1890.51,3747042696
2023-06-05,ETH,ETH-USD,1890.42,1890.64,1780.21,1811.83,9246593033
2023-06-06,ETH,ETH-USD,1810.58,1896.22,1801.41,1884.49,8704411776
2023-06-07,ETH,ETH-USD,1884.37,1893.81,1822.3,1832.4,7919894455
2023-06-08,ETH,ETH-USD,1832.51,1861.14,1830.17,1846.3,4536041931
2023-06-09,ETH,ETH-USD,1846.08,1854.82,1828.54,1840.23,4610831509
2023-06-10,ETH,ETH-USD,1840.39,1844.79,1721.44,1752.38,10788500406
2023-06-11,ETH,ETH-USD,1752.53,1776.85,1741.11,1753.42,4559112981
2023-06-12,ETH,ETH-USD,1753.08,1757.66,1722.91,1742.53,6031384958
2023-06-13,ETH,ETH-USD,1742.39,1761.96,1727.75,1739.04,6214125203
2023-06-14,ETH,ETH-USD,1739.25,1749.16,1637.19,1650.52,7462905534
2023-06-15,ETH,ETH-USD,1650.5,1676.41,1624.14,1665.52,7328564880
2023-06-16,ETH,ETH-USD,1665.41,1727.29,1653.17,1716.67,6281023479
2023-06-17,ETH,ETH-USD,1716.67,1766.76,1714.15,1727.2,4875187477
2023-06-18,ETH,ETH-USD,1727.19,1746.51,1718.11,1720.58,3820038842
2023-06-19,ETH,ETH-USD,1720.51,1745.13,1705.81,1737.66,5210480121
2023-06-20,ETH,ETH-USD,1736.88,1793.31,1715.34,1792.12,7171072578
2023-06-21,ETH,ETH-USD,1791.99,1898.67,1788.49,1891.01,11731457711
2023-06-22,ETH,ETH-USD,1889.79,1932.07,1867.88,1872.94,8477657143
2023-06-23,ETH,ETH-USD,1872.54,1932.53,1865.19,1892.86,8290615074
2023-06-24,ETH,ETH-USD,1893.77,1905.23,1867.81,1876.06,5026191704
2023-06-25,ETH,ETH-USD,1875.85,1929.08,1870.85,1900.51,6937581709
2023-06-26,ETH,ETH-USD,1900.05,1905.36,1840.22,1859.43,8619702292
2023-06-27,ETH,ETH-USD,1859.35,1911.31,1856.84,1889.7,7686042202
2023-06-28,ETH,ETH-USD,1889.91,1890.21,1822.1,1827.97,7135265016
2023-06-29,ETH,ETH-USD,1828.06,1876.53,1828.06,1852.23,5677228612
2023-06-30,ETH,ETH-USD,1852.01,1945.27,1831.28,1933.19,12895131248
2023-07-01,ETH,ETH-USD,1933.32,1942.7,1910.85,1924.57,5136809625
2023-07-02,ETH,ETH-USD,1924.45,1958.16,1895.91,1937.44,6343966490
2023-07-03,ETH,ETH-USD,1937.88,1974.78,1934.69,1955.39,7858509087
2023-07-04,ETH,ETH-USD,1955.52,1966.37,1932.61,1936.63,5683423776
2023-07-05,ETH,ETH-USD,1936.8,1942.43,1897.12,1910.59,6034088075
2023-07-06,ETH,ETH-USD,1910.42,1956.01,1847.85,1848.64,8905008384
2023-07-07,ETH,ETH-USD,1847.51,1876.96,1832.03,1870.6,6468885150
2023-07-08,ETH,ETH-USD,1871.0,1872.5,1844.64,1865.54,4299007854
2023-07-09,ETH,ETH-USD,1865.59,1878.67,1857.75,1863.01,4392863807
2023-07-10,ETH,ETH-USD,1863.24,1905.46,1848.78,1880.56,6336468234
2023-07-11,ETH,ETH-USD,1880.65,1889.38,1863.22,1878.34,4905225892
2023-07-12,ETH,ETH-USD,1878.32,1901.15,1865.71,1872.11,6379007000
2023-07-13,ETH,ETH-USD,1872.04,2011.89,1864.5,2006.51,11114853969
2023-07-14,ETH,ETH-USD,2005.69,2026.2,1901.36,1939.35,10627449471
2023-07-15,ETH,ETH-USD,1939.13,1946.02,1928.19,1931.47,4380084234
2023-07-16,ETH,ETH-USD,1931.65,1942.03,1917.29,1923.68,4329306566
2023-07-17,ETH,ETH-USD,1923.69,1936.18,1875.12,1911.65,6678090758
2023-07-18,ETH,ETH-USD,1911.7,1916.47,1878.72,1897.6,5814708445
2023-07-19,ETH,ETH-USD,1897.8,1919.26,1883.07,1889.01,6018487800
2023-07-20,ETH,ETH-USD,1889.07,1919.26,1879.73,1890.97,7366830684
2023-07-21,ETH,ETH-USD,1891.58,1905.39,1885.3,1892.08,4668158260
2023-07-22,ETH,ETH-USD,1891.96,1897.09,1855.09,1864.91,4101305643
2023-07-23,ETH,ETH-USD,1866.09,1904.48,1859.57,1889.19,4480604100
2023-07-24,ETH,ETH-USD,1888.81,1889.76,1836.85,1850.0,6344373569
2023-07-25,ETH,ETH-USD,1850.03,1867.32,1845.98,1857.74,4163381707
2023-07-26,ETH,ETH-USD,1857.7,1886.97,1849.44,1872.16,5781548155
2023-07-27,ETH,ETH-USD,1872.09,1885.59,1855.32,1860.36,4291339248
2023-07-28,ETH,ETH-USD,1860.7,1881.46,1857.05,1874.74,3800973336
2023-07-29,ETH,ETH-USD,1874.56,1885.53,1870.33,1881.07,2497302218
2023-07-30,ETH,ETH-USD,1880.87,1884.14,1851.73,1861.64,4003005547
2023-07-31,ETH,ETH-USD,1861.76,1875.63,1851.92,1856.16,4391613314
2023-08-01,ETH,ETH-USD,1856.19,1873.03,1817.92,1871.79,7634860636
2023-08-02,ETH,ETH-USD,1873.47,1877.51,1822.35,1839.09,6448512422
2023-08-03,ETH,ETH-USD,1838.9,1856.41,1825.35,1835.14,4710581074
2023-08-04,ETH,ETH-USD,1834.89,1847.91,1817.41,1827.71,4861242484
2023-08-05,ETH,ETH-USD,1827.8,1836.46,1824.81,1834.99,2866049749
2023-08-06,ETH,ETH-USD,1834.85,1836.25,1824.99,1827.46,2963395076
2023-08-07,ETH,ETH-USD,1827.24,1842.52,1804.72,1826.94,5837881974
2023-08-08,ETH,ETH-USD,1826.93,1873.85,1824.43,1855.81,5812855406
2023-08-09,ETH,ETH-USD,1855.78,1869.74,1845.49,1854.3,5870081833
2023-08-10,ETH,ETH-USD,1854.35,1863.31,1845.44,1850.75,3760304518
2023-08-11,ETH,ETH-USD,1850.74,1855.07,1839.57,1847.12,3353025102
2023-08-12,ETH,ETH-USD,1847.17,1852.28,1845.72,1848.89,2291124840
2023-08-13,ETH,ETH-USD,1849.05,1859.92,1834.8,1839.28,3054625661
2023-08-14,ETH,ETH-USD,1839.32,1853.84,1834.8,1844.19,4083364724
2023-08-15,ETH,ETH-USD,1844.16,1845.55,1816.33,1826.93,4483923893
2023-08-16,ETH,ETH-USD,1827.04,1829.36,1798.97,1805.66,4976573383
2023-08-17,ETH,ETH-USD,1805.57,1807.71,1551.71,1684.93,14208462072
2023-08-18,ETH,ETH-USD,1682.04,1698.12,1644.93,1660.95,9645084584
2023-08-19,ETH,ETH-USD,1660.84,1693.23,1654.08,1669.47,4871231360
2023-08-20,ETH,ETH-USD,1669.59,1692.33,1662.9,1684.85,4105056995
2023-08-21,ETH,ETH-USD,1685.02,1685.08,1651.96,1667.27,5077248383
2023-08-22,ETH,ETH-USD,1667.28,1668.64,1596.38,1633.89,7244623133
2023-08-23,ETH,ETH-USD,1634.4,1696.59,1629.58,1679.27,7191868448
2023-08-24,ETH,ETH-USD,1679.25,1682.49,1641.63,1659.94,5104531920
2023-08-25,ETH,ETH-USD,1660.27,1671.97,1635.97,1652.94,5396997823
2023-08-26,ETH,ETH-USD,1652.93,1654.78,1643.71,1646.31,2423247747
2023-08-27,ETH,ETH-USD,1646.27,1659.27,1645.9,1657.51,2624065031
2023-08-28,ETH,ETH-USD,1657.44,1659.33,1627.45,1652.46,4855588534
2023-08-29,ETH,ETH-USD,1652.27,1742.64,1639.58,1729.73,11304916729
2023-08-30,ETH,ETH-USD,1729.68,1730.56,1697.15,1705.11,5023904190
2023-08-31,ETH,ETH-USD,1705.36,1720.01,1634.85,1645.64,6593153505
2023-09-01,ETH,ETH-USD,1645.58,1653.53,1603.03,1628.49,6104510092
2023-09-02,ETH,ETH-USD,1628.56,1644.03,1627.98,1637.03,2943590996
2023-09-03,ETH,ETH-USD,1637.04,1645.65,1626.09,1636.12,3151878318
2023-09-04,ETH,ETH-USD,1635.72,1642.65,1618.52,1629.66,3887968912
2023-09-05,ETH,ETH-USD,1629.91,1645.95,1610.14,1633.63,4417491902
2023-09-06,ETH,ETH-USD,1633.91,1656.93,1611.15,1632.25,4987397046
2023-09-07,ETH,ETH-USD,1632.26,1657.3,1623.22,1647.6,4907290296
2023-09-08,ETH,ETH-USD,1647.81,1657.14,1617.8,1636.14,4598495496
2023-09-09,ETH,ETH-USD,1636.05,1636.87,1629.66,1635.16,2081625742
2023-09-10,ETH,ETH-USD,1635.21,1635.43,1604.04,1616.83,4339499949
2023-09-11,ETH,ETH-USD,1616.77,1618.31,1533.43,1551.64,7693700923
2023-09-12,ETH,ETH-USD,1551.5,1619.11,1549.49,1592.43,6813819740
2023-09-13,ETH,ETH-USD,1592.89,1615.05,1582.22,1607.99,4979469106
2023-09-14,ETH,ETH-USD,1608.03,1640.52,1607.74,1626.97,5538958553
2023-09-15,ETH,ETH-USD,1626.87,1652.11,1613.25,1641.64,4348584771
2023-09-16,ETH,ETH-USD,1641.45,1649.99,1632.58,1635.22,2819575929
2023-09-17,ETH,ETH-USD,1635.2,1635.51,1616.78,1622.9,3032716258
2023-09-18,ETH,ETH-USD,1623.08,1669.02,1609.96,1637.35,5916674789
2023-09-19,ETH,ETH-USD,1637.31,1659.53,1628.41,1643.54,4405868861
2023-09-20,ETH,ETH-USD,1643.5,1649.62,1610.42,1622.89,5156431986
2023-09-21,ETH,ETH-USD,1622.59,1625.2,1573.31,1584.31,5191732312
2023-09-22,ETH,ETH-USD,1584.0,1601.54,1579.1,1593.27,3460791634
2023-09-23,ETH,ETH-USD,1593.21,1598.0,1588.33,1593.86,2101436678
2023-09-24,ETH,ETH-USD,1593.83,1600.21,1576.78,1580.85,3086456944
2023-09-25,ETH,ETH-USD,1580.75,1595.84,1565.03,1588.32,4394930984
2023-09-26,ETH,ETH-USD,1588.02,1598.1,1580.17,1593.42,3544861160
2023-09-27,ETH,ETH-USD,1593.11,1631.91,1585.37,1597.49,5533036096
2023-09-28,ETH,ETH-USD,1597.67,1666.02,1597.29,1652.88,6658092168
2023-09-29,ETH,ETH-USD,1653.0,1687.28,1648.66,1667.94,5529687537
2023-09-30,ETH,ETH-USD,1667.83,1692.53,1666.56,1671.16,3155292192
2023-10-01,ETH,ETH-USD,1671.16,1750.6,1670.08,1733.81,5054880180
2023-10-02,ETH,ETH-USD,1732.98,1743.56,1646.08,1663.63,8420552922
2023-10-03,ETH,ETH-USD,1662.89,1670.36,1644.5,1656.69,4742827302
2023-10-04,ETH,ETH-USD,1656.74,1657.25,1629.43,1647.84,5127524863
2023-10-05,ETH,ETH-USD,1647.79,1654.38,1609.85,1611.48,5403759057
2023-10-06,ETH,ETH-USD,1611.37,1659.61,1611.37,1645.83,4941208729
2023-10-07,ETH,ETH-USD,1645.81,1648.18,1631.16,1634.51,2578994988
2023-10-08,ETH,ETH-USD,1634.66,1641.18,1618.19,1633.55,3315554175
2023-10-09,ETH,ETH-USD,1633.45,1635.45,1553.01,1579.81,7020801716
2023-10-10,ETH,ETH-USD,1580.11,1593.74,1553.03,1567.71,5254966125
2023-10-11,ETH,ETH-USD,1567.68,1578.22,1548.98,1566.25,5416504273
2023-10-12,ETH,ETH-USD,1566.36,1566.88,1523.24,1539.61,5003930677
2023-10-13,ETH,ETH-USD,1539.43,1571.75,1537.92,1552.09,4575141511
2023-10-14,ETH,ETH-USD,1552.26,1560.33,1545.74,1555.26,2429214718
2023-10-15,ETH,ETH-USD,1555.08,1565.76,1550.55,1558.07,2923337883
2023-10-16,ETH,ETH-USD,1558.31,1628.16,1555.99,1600.53,8846928526
2023-10-17,ETH,ETH-USD,1600.64,1601.29,1554.4,1565.44,5032686973
2023-10-18,ETH,ETH-USD,1565.38,1584.73,1556.74,1563.75,4354138855
2023-10-19,ETH,ETH-USD,1563.96,1573.74,1543.59,1567.46,5035110867
2023-10-20,ETH,ETH-USD,1567.57,1628.61,1562.3,1604.67,6747486127
2023-10-21,ETH,ETH-USD,1604.82,1641.24,1593.45,1629.3,4212179634
2023-10-22,ETH,ETH-USD,1629.3,1667.67,1623.98,1663.43,5248406817
2023-10-23,ETH,ETH-USD,1674.85,1794.07,1663.45,1765.38,14362295879
2023-10-24,ETH,ETH-USD,1766.01,1852.68,1758.69,1784.44,15888690475
2023-10-25,ETH,ETH-USD,1784.91,1814.48,1762.15,1787.4,9439066475
2023-10-26,ETH,ETH-USD,1787.48,1865.1,1764.01,1804.04,11196672635
2023-10-27,ETH,ETH-USD,1803.79,1804.14,1751.44,1780.05,7493399771
2023-10-28,ETH,ETH-USD,1780.08,1800.61,1773.44,1776.62,4226112731
2023-10-29,ETH,ETH-USD,1776.56,1810.49,1766.05,1795.55,4358528382
2023-10-30,ETH,ETH-USD,1795.59,1829.25,1779.36,1810.09,7534051038
2023-10-31,ETH,ETH-USD,1810.13,1819.97,1784.57,1816.46,6477922747
2023-11-01,ETH,ETH-USD,1815.87,1858.31,1786.41,1847.09,10628825648
2023-11-02,ETH,ETH-USD,1847.26,1873.89,1790.11,1800.62,9004197724
2023-11-03,ETH,ETH-USD,1800.92,1835.07,1779.64,1832.8,7622864055
2023-11-04,ETH,ETH-USD,1833.37,1867.26,1825.74,1857.7,4845080427
2023-11-05,ETH,ETH-USD,1857.4,1911.61,1848.62,1894.16,8867152645
2023-11-06,ETH,ETH-USD,1894.03,1914.58,1871.97,1899.84,8104122602
2023-11-07,ETH,ETH-USD,1900.6,1907.56,1852.79,1888.12,9203228152
2023-11-08,ETH,ETH-USD,1887.12,1904.55,1874.55,1889.32,6751627017
2023-11-09,ETH,ETH-USD,1888.94,2130.89,1884.2,2120.56,24709695029
2023-11-10,ETH,ETH-USD,2121.07,2134.69,2068.13,2078.29,14740624457
2023-11-11,ETH,ETH-USD,2078.06,2089.53,2035.08,2052.71,10228351203
2023-11-12,ETH,ETH-USD,2053.12,2066.0,2019.03,2045.19,7951011698
2023-11-13,ETH,ETH-USD,2045.35,2116.01,2031.95,2055.27,14322027970
2023-11-14,ETH,ETH-USD,2054.77,2065.07,1939.28,1979.05,13087862495
2023-11-15,ETH,ETH-USD,1979.47,2061.99,1968.77,2060.41,12626326991
2023-11-16,ETH,ETH-USD,2059.97,2088.66,1940.57,1960.88,14651619483
2023-11-17,ETH,ETH-USD,1961.87,1990.05,1910.45,1961.28,11881648738
2023-11-18,ETH,ETH-USD,1961.67,1971.46,1921.06,1963.29,8064677046
2023-11-19,ETH,ETH-USD,1963.18,2015.63,1944.9,2013.2,7716048818
2023-11-20,ETH,ETH-USD,2011.85,2066.41,1996.04,2022.24,12866464824
2023-11-21,ETH,ETH-USD,2022.22,2035.04,1937.07,1937.07,13653500841
2023-11-22,ETH,ETH-USD,1933.58,2089.51,1933.16,2064.43,13372200584
2023-11-23,ETH,ETH-USD,2063.91,2088.03,2041.46,2062.21,7828437946
2023-11-24,ETH,ETH-USD,2062.41,2132.48,2061.0,2081.15,12141148820
2023-11-25,ETH,ETH-USD,2081.3,2091.34,2067.92,2084.41,5362623390
2023-11-26,ETH,ETH-USD,2084.18,2094.1,2038.6,2063.29,8054814154
2023-11-27,ETH,ETH-USD,2062.39,2070.61,1988.12,2027.42,10574810069
2023-11-28,ETH,ETH-USD,2027.52,2074.95,1996.81,2049.34,9910633038
2023-11-29,ETH,ETH-USD,2049.19,2071.99,2020.76,2029.93,8945151861
2023-11-30,ETH,ETH-USD,2029.36,2054.44,2022.46,2052.56,8107789163
2023-12-01,ETH,ETH-USD,2052.1,2109.32,2046.56,2087.14,10866891430
2023-12-02,ETH,ETH-USD,2087.66,2182.82,2087.41,2165.7,9130124831
2023-12-03,ETH,ETH-USD,2165.9,2213.18,2151.72,2193.69,8278465782
2023-12-04,ETH,ETH-USD,2193.66,2273.07,2193.01,2243.22,16149367134
2023-12-05,ETH,ETH-USD,2243.09,2306.57,2191.18,2293.84,15383072559
2023-12-06,ETH,ETH-USD,2293.63,2310.71,2225.08,2231.66,12790612571
2023-12-07,ETH,ETH-USD,2233.22,2380.73,2225.05,2357.58,14766891042
2023-12-08,ETH,ETH-USD,2357.17,2387.51,2340.92,2358.73,12543458699
2023-12-09,ETH,ETH-USD,2358.69,2401.76,2331.67,2341.18,10613312823
2023-12-10,ETH,ETH-USD,2341.44,2376.75,2323.41,2352.46,7369608905
2023-12-11,ETH,ETH-USD,2352.5,2354.91,2160.36,2224.58,17989249470
2023-12-12,ETH,ETH-USD,2224.39,2242.55,2166.77,2202.04,11391132228
2023-12-13,ETH,ETH-USD,2202.6,2283.1,2150.75,2260.65,12576395493
2023-12-14,ETH,ETH-USD,2260.74,2331.6,2239.37,2316.58,12608711052
2023-12-15,ETH,ETH-USD,2316.11,2316.89,2214.26,2219.34,10259157898
2023-12-16,ETH,ETH-USD,2220.42,2260.81,2213.55,2226.93,6866555430
2023-12-17,ETH,ETH-USD,2226.89,2244.37,2195.76,2196.48,7410453853
2023-12-18,ETH,ETH-USD,2195.34,2222.02,2120.13,2217.27,10366536490
2023-12-19,ETH,ETH-USD,2218.24,2253.35,2139.72,2177.87,10619179629
2023-12-20,ETH,ETH-USD,2177.24,2263.33,2161.22,2201.91,12652290807
2023-12-21,ETH,ETH-USD,2201.79,2278.12,2184.86,2239.54,12616530536
2023-12-22,ETH,ETH-USD,2239.6,2341.95,2233.53,2326.52,16137246310
2023-12-23,ETH,ETH-USD,2326.72,2332.07,2270.43,2309.05,7995772945
2023-12-24,ETH,ETH-USD,2309.63,2325.71,2249.98,2265.69,9450799236
2023-12-25,ETH,ETH-USD,2265.34,2303.55,2254.57,2272.56,8036302656
2023-12-26,ETH,ETH-USD,2272.22,2274.56,2180.23,2231.47,10668581464
2023-12-27,ETH,ETH-USD,2231.39,2392.61,2215.14,2378.74,14161342927
2023-12-28,ETH,ETH-USD,2380.2,2445.02,2338.7,2347.57,15660799060
2023-12-29,ETH,ETH-USD,2346.84,2386.0,2262.98,2300.69,12536968996
2023-12-30,ETH,ETH-USD,2300.4,2322.02,2270.01,2292.07,6888195427
2023-12-31,ETH,ETH-USD,2291.95,2318.51,2261.39,2281.47,6871481744
2024-01-01,ETH,ETH-USD,2282.87,2352.33,2267.02,2352.33,6906765990
2024-01-02,ETH,ETH-USD,2352.59,2431.21,2348.89,2355.84,12910543630
2024-01-03,ETH,ETH-USD,2355.98,2385.12,2113.93,2210.76,19332933581
2024-01-04,ETH,ETH-USD,2210.53,2294.61,2204.87,2269.04,11044564896
2024-01-05,ETH,ETH-USD,2269.41,2276.76,2209.54,2268.65,10860953290
2024-01-06,ETH,ETH-USD,2269.54,2271.36,2219.78,2241.62,5970741680
2024-01-07,ETH,ETH-USD,2242.01,2257.13,2211.56,2222.87,6490053615
2024-01-08,ETH,ETH-USD,2222.86,2358.82,2171.99,2333.03,13830287095
2024-01-09,ETH,ETH-USD,2332.87,2369.64,2243.22,2344.83,14891130716
2024-01-10,ETH,ETH-USD,2344.92,2626.98,2341.94,2582.1,29042100476
2024-01-11,ETH,ETH-USD,2584.17,2687.78,2567.99,2619.62,22575246883
2024-01-12,ETH,ETH-USD,2619.18,2710.42,2460.93,2524.46,23623839263
2024-01-13,ETH,ETH-USD,2522.93,2589.08,2498.59,2576.6,12250316867
2024-01-14,ETH,ETH-USD,2578.0,2578.33,2470.42,2472.24,9405587417
2024-01-15,ETH,ETH-USD,2471.67,2550.77,2470.82,2511.36,9700630000
2024-01-16,ETH,ETH-USD,2510.63,2613.57,2500.0,2587.69,11063317095
2024-01-17,ETH,ETH-USD,2587.04,2592.74,2508.43,2528.37,10441017520
2024-01-18,ETH,ETH-USD,2528.59,2546.26,2426.14,2467.02,11900028080
2024-01-19,ETH,ETH-USD,2468.69,2501.31,2414.71,2489.5,11405278376
2024-01-20,ETH,ETH-USD,2489.85,2489.85,2456.1,2469.59,5297826161
2024-01-21,ETH,ETH-USD,2469.8,2479.76,2452.38,2453.91,4578471955
2024-01-22,ETH,ETH-USD,2454.99,2463.45,2303.5,2310.83,13923771728
2024-01-23,ETH,ETH-USD,2310.95,2348.03,2167.28,2240.69,16182147521
2024-01-24,ETH,ETH-USD,2241.75,2261.38,2197.66,2233.56,10134722960
2024-01-25,ETH,ETH-USD,2233.97,2240.38,2173.69,2217.71,9302247037
2024-01-26,ETH,ETH-USD,2217.44,2280.38,2196.14,2267.2,9975117607
2024-01-27,ETH,ETH-USD,2267.32,2282.54,2252.39,2267.89,5144367230
2024-01-28,ETH,ETH-USD,2268.19,2306.9,2242.68,2257.21,7296214994
2024-01-29,ETH,ETH-USD,2257.0,2320.03,2237.71,2317.06,8948195551
2024-01-30,ETH,ETH-USD,2317.44,2388.87,2298.28,2344.49,10173440062
2024-01-31,ETH,ETH-USD,2343.56,2349.61,2264.44,2282.54,10807883277
2024-02-01,ETH,ETH-USD,2282.18,2309.84,2243.57,2303.82,8895583113
2024-02-02,ETH,ETH-USD,2303.71,2323.05,2282.23,2308.04,7186143091
2024-02-03,ETH,ETH-USD,2307.98,2327.35,2293.54,2296.04,4647754021
2024-02-04,ETH,ETH-USD,2296.12,2309.01,2272.3,2289.55,5438100035
2024-02-05,ETH,ETH-USD,2289.21,2334.68,2270.07,2298.89,7277068110
2024-02-06,ETH,ETH-USD,2298.96,2389.83,2296.79,2372.2,9520885493
2024-02-07,ETH,ETH-USD,2372.26,2442.64,2353.71,2423.75,9660628536
2024-02-08,ETH,ETH-USD,2424.08,2459.56,2414.75,2419.91,9941841732
2024-02-09,ETH,ETH-USD,2419.77,2522.72,2419.36,2487.52,13634203177
2024-02-10,ETH,ETH-USD,2487.65,2516.72,2475.86,2501.23,6474444159
2024-02-11,ETH,ETH-USD,2501.13,2537.68,2495.21,2507.57,7347245813
2024-02-12,ETH,ETH-USD,2507.58,2663.84,2473.81,2658.12,13022696866
2024-02-13,ETH,ETH-USD,2659.59,2686.46,2599.17,2642.19,18271237044
2024-02-14,ETH,ETH-USD,2641.69,2786.89,2621.03,2777.9,21448973822
2024-02-15,ETH,ETH-USD,2777.6,2865.85,2764.01,2824.38,23734481937
2024-02-16,ETH,ETH-USD,2825.48,2858.45,2760.33,2803.69,17057114638
2024-02-17,ETH,ETH-USD,2803.74,2805.13,2724.39,2786.67,17932379943
2024-02-18,ETH,ETH-USD,2786.71,2892.84,2767.91,2879.0,23355830478
2024-02-19,ETH,ETH-USD,2881.3,2983.37,2860.26,2943.57,15163110589
2024-02-20,ETH,ETH-USD,2944.11,3031.52,2879.9,3013.5,20341598470
2024-02-21,ETH,ETH-USD,3015.65,3017.19,2875.42,2970.36,18897136867
2024-02-22,ETH,ETH-USD,2969.6,3030.67,2907.11,2971.01,18058908246
2024-02-23,ETH,ETH-USD,2970.14,2991.33,2906.58,2921.66,12822717059
2024-02-24,ETH,ETH-USD,2921.96,3003.2,2907.7,2992.39,10701688842
2024-02-25,ETH,ETH-USD,2992.37,3117.43,2984.39,3112.7,14620450464
2024-02-26,ETH,ETH-USD,3112.53,3197.38,3037.95,3178.99,17504464351
2024-02-27,ETH,ETH-USD,3178.41,3287.96,3167.83,3244.52,21090315368
2024-02-28,ETH,ETH-USD,3243.89,3485.45,3201.58,3385.7,32885894265
2024-02-29,ETH,ETH-USD,3386.8,3518.97,3303.91,3341.92,28469171094
2024-03-01,ETH,ETH-USD,3341.97,3452.63,3341.85,3435.05,16880101987
2024-03-02,ETH,ETH-USD,3436.16,3459.75,3398.9,3422.05,12024340617
2024-03-03,ETH,ETH-USD,3422.88,3491.17,3372.21,3490.99,13643324467
2024-03-04,ETH,ETH-USD,3489.34,3641.46,3446.02,3630.43,26772963830
2024-03-05,ETH,ETH-USD,3631.93,3828.16,3224.12,3554.96,47706899137
2024-03-06,ETH,ETH-USD,3554.07,3901.43,3502.8,3819.23,34938642613
2024-03-07,ETH,ETH-USD,3818.31,3939.59,3738.69,3874.35,22457177587
2024-03-08,ETH,ETH-USD,3874.83,3998.83,3828.36,3892.06,26135487051
2024-03-09,ETH,ETH-USD,3892.12,3950.4,3880.66,3915.42,11926623780
2024-03-10,ETH,ETH-USD,3915.59,3968.72,3800.56,3881.19,15783924355
2024-03-11,ETH,ETH-USD,3881.24,4087.05,3745.13,4066.45,28806262507
2024-03-12,ETH,ETH-USD,4066.69,4092.28,3831.89,3980.27,26917010932
2024-03-13,ETH,ETH-USD,3980.27,4083.01,3936.63,4006.46,22028114691
2024-03-14,ETH,ETH-USD,4005.75,4011.1,3721.79,3883.14,25434810823
2024-03-15,ETH,ETH-USD,3882.86,3928.78,3571.77,3735.22,33505075433
2024-03-16,ETH,ETH-USD,3736.1,3780.89,3468.08,3522.86,20199855932
2024-03-17,ETH,ETH-USD,3523.03,3676.26,3414.17,3642.41,19938757095
2024-03-18,ETH,ETH-USD,3642.3,3642.5,3456.09,3517.99,21162220224
2024-03-19,ETH,ETH-USD,3518.35,3546.58,3149.29,3157.62,34166976701
2024-03-20,ETH,ETH-USD,3158.4,3534.83,3059.65,3513.39,36605316331
2024-03-21,ETH,ETH-USD,3514.02,3586.91,3412.22,3492.99,22213647922
2024-03-22,ETH,ETH-USD,3492.9,3541.9,3254.97,3333.69,20574952329
2024-03-23,ETH,ETH-USD,3335.59,3433.76,3273.12,3336.59,13242137554
2024-03-24,ETH,ETH-USD,3336.67,3470.34,3301.28,3454.64,12156660941
2024-03-25,ETH,ETH-USD,3454.89,3657.12,3421.79,3590.88,18603921705
2024-03-26,ETH,ETH-USD,3591.09,3678.79,3545.43,3587.5,18505553577
2024-03-27,ETH,ETH-USD,3587.31,3664.38,3460.39,3500.12,18753082145
2024-03-28,ETH,ETH-USD,3500.22,3609.71,3465.33,3561.29,16419674157
2024-03-29,ETH,ETH-USD,3561.01,3583.7,3475.73,3511.81,12712701619
2024-03-30,ETH,ETH-USD,3511.83,3566.08,3489.9,3507.94,9389066783
2024-03-31,ETH,ETH-USD,3507.95,3655.22,3507.24,3647.86,10499881424
2024-04-01,ETH,ETH-USD,3647.82,3648.13,3418.7,3505.03,16002098681
2024-04-02,ETH,ETH-USD,3504.82,3506.96,3215.99,3277.23,22076539151
2024-04-03,ETH,ETH-USD,3277.32,3368.11,3205.65,3311.44,16010734587
2024-04-04,ETH,ETH-USD,3311.5,3443.21,3253.32,3330.04,14476330517
2024-04-05,ETH,ETH-USD,3330.01,3345.67,3214.24,3318.89,15214447092
2024-04-06,ETH,ETH-USD,3318.86,3397.59,3308.98,3354.18,8956926798
2024-04-07,ETH,ETH-USD,3354.21,3458.51,3346.11,3453.49,9931108526
2024-04-08,ETH,ETH-USD,3453.5,3727.62,3409.51,3695.29,19055143129
2024-04-09,ETH,ETH-USD,3695.34,3724.92,3455.11,3505.16,18279773833
2024-04-10,ETH,ETH-USD,3505.16,3561.52,3415.18,3543.74,16872482726
2024-04-11,ETH,ETH-USD,3543.45,3616.19,3477.17,3505.25,14076734489
2024-04-12,ETH,ETH-USD,3505.33,3552.59,3103.43,3243.03,22104869556
2024-04-13,ETH,ETH-USD,3242.94,3299.66,2862.39,3004.9,29930408174
2024-04-14,ETH,ETH-USD,3005.55,3174.67,2914.42,3156.94,25486284994
2024-04-15,ETH,ETH-USD,3156.83,3277.56,3026.54,3101.6,21925843181
2024-04-16,ETH,ETH-USD,3101.14,3127.16,2997.75,3084.92,19441391169
2024-04-17,ETH,ETH-USD,3084.92,3123.67,2918.55,2984.73,17711869375
2024-04-18,ETH,ETH-USD,2984.71,3094.84,2956.13,3066.03,15183777035
2024-04-19,ETH,ETH-USD,3065.95,3127.11,2868.8,3059.28,20399982867
2024-04-20,ETH,ETH-USD,3059.48,3170.67,3021.78,3157.63,9918642130
2024-04-21,ETH,ETH-USD,3157.57,3197.51,3119.55,3147.29,9394387894
2024-04-22,ETH,ETH-USD,3147.66,3236.66,3131.37,3201.65,12063858733
2024-04-23,ETH,ETH-USD,3201.59,3264.42,3154.59,3219.91,11054442653
2024-04-24,ETH,ETH-USD,3219.96,3292.92,3105.98,3139.81,14000234760
2024-04-25,ETH,ETH-USD,3139.62,3190.98,3074.8,3156.51,13989030260
2024-04-26,ETH,ETH-USD,3156.38,3166.19,3103.1,3130.16,10622333862
2024-04-27,ETH,ETH-USD,3129.73,3279.45,3071.34,3252.17,11820785577
2024-04-28,ETH,ETH-USD,3252.25,3351.18,3249.15,3262.77,11379192678
2024-04-29,ETH,ETH-USD,3262.34,3285.47,3116.2,3215.43,15032246816
2024-04-30,ETH,ETH-USD,3215.38,3249.38,2918.23,3012.29,18266894653
2024-05-01,ETH,ETH-USD,3011.02,3020.17,2815.92,2969.78,20005057445
2024-05-02,ETH,ETH-USD,2969.79,3015.05,2894.33,2988.17,13163903903
2024-05-03,ETH,ETH-USD,2988.13,3127.16,2960.18,3103.54,12862183229
2024-05-04,ETH,ETH-USD,3103.62,3167.54,3096.27,3117.58,8283229638
2024-05-05,ETH,ETH-USD,3117.64,3170.06,3075.59,3137.25,8783447639
2024-05-06,ETH,ETH-USD,3137.51,3220.15,3048.24,3062.73,13008587255
2024-05-07,ETH,ETH-USD,3062.75,3129.08,3003.01,3006.58,11743187337
2024-05-08,ETH,ETH-USD,3006.32,3037.2,2938.47,2973.66,11791662158
2024-05-09,ETH,ETH-USD,2973.97,3057.96,2951.22,3036.02,10861947179
2024-05-10,ETH,ETH-USD,3036.23,3052.73,2881.0,2909.79,12278653601
2024-05-11,ETH,ETH-USD,2909.85,2942.18,2888.08,2911.6,6795916454
2024-05-12,ETH,ETH-USD,2911.66,2953.05,2902.2,2928.7,5908941395
2024-05-13,ETH,ETH-USD,2928.81,2994.87,2865.13,2949.36,13352264795
2024-05-14,ETH,ETH-USD,2949.21,2959.55,2863.55,2881.16,12444516140
2024-05-15,ETH,ETH-USD,2881.22,3041.6,2864.74,3037.06,14666902956
2024-05-16,ETH,ETH-USD,3036.01,3041.81,2925.09,2945.13,13035465176
2024-05-17,ETH,ETH-USD,2945.14,3120.3,2934.11,3094.12,14449438097
2024-05-18,ETH,ETH-USD,3094.55,3146.79,3087.7,3122.95,9407051320
2024-05-19,ETH,ETH-USD,3122.82,3137.15,3056.75,3071.84,8747800800
2024-05-20,ETH,ETH-USD,3071.86,3690.81,3050.3,3663.86,31228143948
2024-05-21,ETH,ETH-USD,3663.01,3837.37,3628.1,3789.31,37643853967
2024-05-22,ETH,ETH-USD,3789.37,3810.95,3655.08,3737.22,25155809461
2024-05-23,ETH,ETH-USD,3737.18,3943.55,3552.64,3776.93,45623656317
2024-05-24,ETH,ETH-USD,3776.99,3825.12,3631.99,3726.93,22257061429
2024-05-25,ETH,ETH-USD,3726.98,3776.01,3710.53,3749.24,10000027764
2024-05-26,ETH,ETH-USD,3749.18,3879.47,3732.02,3825.9,14650794791
2024-05-27,ETH,ETH-USD,3826.13,3973.56,3821.93,3892.01,18949181813
2024-05-28,ETH,ETH-USD,3892.1,3924.9,3771.21,3840.26,19846044324
2024-05-29,ETH,ETH-USD,3840.24,3880.65,3742.04,3763.2,17411416736
2024-05-30,ETH,ETH-USD,3763.36,3823.64,3702.26,3746.85,15065849797
2024-05-31,ETH,ETH-USD,3746.86,3843.86,3723.84,3760.03,15290700646
2024-06-01,ETH,ETH-USD,3759.88,3829.29,3749.84,3813.2,8661024535
2024-06-02,ETH,ETH-USD,3813.28,3834.91,3752.41,3780.9,11126903059
2024-06-03,ETH,ETH-USD,3780.85,3848.6,3758.92,3766.39,14082454300
2024-06-04,ETH,ETH-USD,3766.48,3831.36,3738.13,3812.52,13331489271
2024-06-05,ETH,ETH-USD,3812.56,3887.49,3778.66,3864.26,15480034434
2024-06-06,ETH,ETH-USD,3864.26,3878.05,3761.78,3811.61,13606583873
2024-06-07,ETH,ETH-USD,3811.67,3838.45,3615.28,3678.63,18220286186
2024-06-08,ETH,ETH-USD,3677.4,3707.5,3669.64,3680.95,9096091805
2024-06-09,ETH,ETH-USD,3680.94,3719.37,3668.12,3705.9,7910768788
2024-06-10,ETH,ETH-USD,3705.88,3711.43,3648.16,3666.72,10377300126
2024-06-11,ETH,ETH-USD,3666.36,3669.89,3434.75,3498.33,19184721538
2024-06-12,ETH,ETH-USD,3497.9,3652.49,3463.78,3559.62,17142905351
2024-06-13,ETH,ETH-USD,3559.73,3559.73,3431.33,3469.28,14472382154
2024-06-14,ETH,ETH-USD,3467.97,3528.6,3366.22,3480.27,15793876596
2024-06-15,ETH,ETH-USD,3479.79,3589.89,3473.45,3565.55,12733651076
2024-06-16,ETH,ETH-USD,3566.76,3648.09,3541.53,3620.56,9878388158
2024-06-17,ETH,ETH-USD,3622.38,3634.29,3468.15,3511.38,17838856988
2024-06-18,ETH,ETH-USD,3510.57,3514.18,3371.59,3483.68,21022514455
2024-06-19,ETH,ETH-USD,3482.35,3583.32,3466.48,3559.35,15275373778
2024-06-20,ETH,ETH-USD,3559.35,3623.89,3485.46,3511.09,16115123753
2024-06-21,ETH,ETH-USD,3511.27,3542.96,3447.94,3516.08,15933353456
2024-06-22,ETH,ETH-USD,3516.55,3519.5,3477.17,3494.81,7423703673
2024-06-23,ETH,ETH-USD,3494.95,3519.32,3408.58,3418.61,9418141333
2024-06-24,ETH,ETH-USD,3418.78,3430.7,3244.24,3350.26,23137744903
2024-06-25,ETH,ETH-USD,3350.56,3422.21,3335.56,3395.03,13235546063
2024-06-26,ETH,ETH-USD,3394.37,3421.51,3328.39,3369.48,11694054195
2024-06-27,ETH,ETH-USD,3368.89,3470.92,3362.26,3444.8,11771834016
2024-06-28,ETH,ETH-USD,3445.5,3482.96,3363.44,3373.64,12861158844
2024-06-29,ETH,ETH-USD,3373.69,3401.73,3369.55,3372.97,6584792001
2024-06-30,ETH,ETH-USD,3373.08,3453.21,3352.28,3432.89,8396416013
2024-07-01,ETH,ETH-USD,3432.61,3513.31,3425.32,3440.34,12281551839
2024-07-02,ETH,ETH-USD,3439.38,3459.76,3399.03,3416.35,9421757718
2024-07-03,ETH,ETH-USD,3416.25,3426.33,3254.52,3292.92,16121324440
2024-07-04,ETH,ETH-USD,3291.82,3309.2,3054.52,3054.52,20252514386
2024-07-05,ETH,ETH-USD,3057.83,3106.15,2826.01,2981.6,31131942647
2024-07-06,ETH,ETH-USD,2981.99,3080.11,2957.4,3069.38,11586293705
2024-07-07,ETH,ETH-USD,3067.41,3072.81,2923.96,2929.39,10857947538
2024-07-08,ETH,ETH-USD,2929.86,3090.66,2826.48,3018.73,22627377457
2024-07-09,ETH,ETH-USD,3018.8,3105.8,3005.52,3064.03,15269945822
2024-07-10,ETH,ETH-USD,3066.14,3148.41,3026.61,3102.22,14578679176
2024-07-11,ETH,ETH-USD,3101.34,3208.94,3057.22,3100.33,15230095766
2024-07-12,ETH,ETH-USD,3099.99,3154.6,3048.51,3134.16,12751638331
2024-07-13,ETH,ETH-USD,3134.55,3199.99,3115.08,3177.2,8565105946
2024-07-14,ETH,ETH-USD,3176.74,3266.49,3166.43,3244.08,10517709666
2024-07-15,ETH,ETH-USD,3246.13,3494.1,3235.78,3489.55,18305490390
2024-07-16,ETH,ETH-USD,3486.14,3498.22,3351.78,3443.51,20446664416
2024-07-17,ETH,ETH-USD,3446.74,3516.1,3379.1,3388.75,16739123962
2024-07-18,ETH,ETH-USD,3388.03,3488.72,3374.99,3426.26,15035622003
2024-07-19,ETH,ETH-USD,3425.91,3540.59,3377.88,3505.73,17705629736
2024-07-20,ETH,ETH-USD,3505.72,3539.9,3482.49,3519.3,10360198325
2024-07-21,ETH,ETH-USD,3519.43,3546.62,3415.44,3536.61,13845913681
2024-07-22,ETH,ETH-USD,3536.63,3560.08,3425.8,3440.42,18723199034
2024-07-23,ETH,ETH-USD,3440.77,3539.53,3395.42,3482.0,24468405650
2024-07-24,ETH,ETH-USD,3482.15,3487.65,3304.04,3336.34,16040945448
2024-07-25,ETH,ETH-USD,3336.36,3341.44,3088.76,3174.43,25293745810
2024-07-26,ETH,ETH-USD,3174.05,3285.76,3172.78,3275.95,15993893521
2024-07-27,ETH,ETH-USD,3275.89,3327.43,3195.36,3247.61,15198233287
2024-07-28,ETH,ETH-USD,3247.51,3283.15,3201.76,3271.46,8959236446
2024-07-29,ETH,ETH-USD,3271.45,3396.63,3257.72,3320.54,18334852719
2024-07-30,ETH,ETH-USD,3320.64,3365.32,3235.76,3278.67,14045773047
2024-07-31,ETH,ETH-USD,3278.69,3347.64,3216.07,3231.3,16135380637
2024-08-01,ETH,ETH-USD,3231.25,3241.78,3078.54,3201.56,20217639556
2024-08-02,ETH,ETH-USD,3201.6,3214.53,2965.73,2986.01,21400241741
2024-08-03,ETH,ETH-USD,2985.95,3015.3,2861.18,2903.39,17844091431
2024-08-04,ETH,ETH-USD,2903.09,2931.47,2639.57,2686.4,21139601426
2024-08-05,ETH,ETH-USD,2686.03,2695.89,2122.55,2417.21,67668132244
2024-08-06,ETH,ETH-USD,2417.27,2553.58,2416.53,2458.72,26041995921
2024-08-07,ETH,ETH-USD,2458.99,2551.56,2312.17,2336.59,24264218606
2024-08-08,ETH,ETH-USD,2336.92,2721.95,2322.53,2683.35,23468291180
2024-08-09,ETH,ETH-USD,2683.72,2706.45,2555.23,2599.6,17907141655
2024-08-10,ETH,ETH-USD,2599.58,2642.93,2580.66,2610.02,9361014219
2024-08-11,ETH,ETH-USD,2609.97,2718.8,2544.17,2553.25,13595441987
2024-08-12,ETH,ETH-USD,2553.5,2749.14,2513.39,2724.43,21653090666
2024-08-13,ETH,ETH-USD,2724.3,2737.99,2613.8,2703.67,16383053029
2024-08-14,ETH,ETH-USD,2703.59,2775.28,2636.71,2662.91,15825365408
2024-08-15,ETH,ETH-USD,2662.89,2675.31,2518.67,2570.09,16345801912
2024-08-16,ETH,ETH-USD,2570.09,2629.38,2553.07,2593.19,13275561555
2024-08-17,ETH,ETH-USD,2593.17,2626.67,2588.79,2614.55,6676568717
2024-08-18,ETH,ETH-USD,2614.11,2684.03,2596.74,2613.36,9207267415
2024-08-19,ETH,ETH-USD,2612.72,2648.28,2566.4,2637.31,11968963282
2024-08-20,ETH,ETH-USD,2637.31,2695.91,2556.75,2573.11,13249483464
2024-08-21,ETH,ETH-USD,2573.11,2662.95,2538.66,2631.4,12766015263
2024-08-22,ETH,ETH-USD,2630.86,2644.82,2587.11,2622.95,10723280428
2024-08-23,ETH,ETH-USD,2622.92,2799.33,2622.58,2764.45,16857181970
2024-08-24,ETH,ETH-USD,2765.48,2820.02,2737.78,2769.39,11765811307
2024-08-25,ETH,ETH-USD,2769.1,2793.01,2736.09,2749.16,9375535539
2024-08-26,ETH,ETH-USD,2749.25,2763.0,2668.89,2681.34,12282035835
2024-08-27,ETH,ETH-USD,2681.62,2700.15,2401.18,2458.73,18028996056
2024-08-28,ETH,ETH-USD,2458.9,2553.82,2422.29,2528.42,20359545410
2024-08-29,ETH,ETH-USD,2528.36,2595.98,2507.5,2528.79,13946434277
2024-08-30,ETH,ETH-USD,2528.73,2539.92,2432.83,2525.82,15526218255
2024-08-31,ETH,ETH-USD,2525.86,2532.39,2493.71,2513.39,6646876013
2024-09-01,ETH,ETH-USD,2513.42,2515.47,2401.89,2427.9,11800443265
2024-09-02,ETH,ETH-USD,2427.97,2563.09,2426.1,2538.19,12520444224
2024-09-03,ETH,ETH-USD,2538.16,2552.8,2419.88,2420.6,11406800197
2024-09-04,ETH,ETH-USD,2420.19,2488.92,2313.27,2448.98,16709600747
2024-09-05,ETH,ETH-USD,2448.99,2465.39,2348.86,2367.74,13632325040
2024-09-06,ETH,ETH-USD,2367.7,2406.51,2150.86,2223.88,25825618367
2024-09-07,ETH,ETH-USD,2223.93,2310.19,2222.1,2274.11,11124608320
2024-09-08,ETH,ETH-USD,2274.44,2332.36,2243.91,2297.29,10718443487
2024-09-09,ETH,ETH-USD,2297.9,2379.79,2274.12,2358.48,15887712451
2024-09-10,ETH,ETH-USD,2358.5,2398.5,2323.07,2389.58,12795818970
2024-09-11,ETH,ETH-USD,2389.6,2389.72,2279.05,2339.84,15355180967
2024-09-12,ETH,ETH-USD,2339.84,2390.19,2316.16,2361.78,12162634681
2024-09-13,ETH,ETH-USD,2361.74,2462.8,2338.14,2441.61,13759640866
2024-09-14,ETH,ETH-USD,2441.58,2442.63,2386.98,2418.6,8170291680
2024-09-15,ETH,ETH-USD,2418.27,2430.38,2286.63,2320.9,10155470375
2024-09-16,ETH,ETH-USD,2320.89,2334.79,2253.72,2295.28,16819033263
2024-09-17,ETH,ETH-USD,2295.28,2392.15,2263.79,2341.71,15356783863
2024-09-18,ETH,ETH-USD,2341.73,2369.73,2278.66,2369.73,18159056422
2024-09-19,ETH,ETH-USD,2369.37,2492.2,2369.37,2464.75,18437147349
2024-09-20,ETH,ETH-USD,2464.78,2571.99,2439.38,2561.07,19112788620
2024-09-21,ETH,ETH-USD,2560.88,2621.62,2530.84,2615.86,10797825021
2024-09-22,ETH,ETH-USD,2615.85,2632.04,2528.52,2582.86,13180663011
2024-09-23,ETH,ETH-USD,2582.77,2701.68,2541.91,2648.55,19912841456
2024-09-24,ETH,ETH-USD,2648.48,2671.28,2593.15,2654.35,16658812503
2024-09-25,ETH,ETH-USD,2654.36,2672.46,2557.72,2579.39,14119729962
2024-09-26,ETH,ETH-USD,2579.22,2665.99,2559.95,2632.2,17336033595
2024-09-27,ETH,ETH-USD,2632.24,2728.07,2616.95,2695.9,17023020294
2024-09-28,ETH,ETH-USD,2695.82,2704.93,2652.25,2677.54,10252590559
2024-09-29,ETH,ETH-USD,2677.63,2683.45,2635.58,2659.35,11126215671
2024-09-30,ETH,ETH-USD,2659.29,2662.49,2576.98,2603.06,17826446789
2024-10-01,ETH,ETH-USD,2603.26,2657.62,2415.08,2448.92,25482371785
2024-10-02,ETH,ETH-USD,2448.88,2498.12,2354.54,2365.23,20148256472
2024-10-03,ETH,ETH-USD,2365.21,2402.86,2311.03,2349.79,18051447791
2024-10-04,ETH,ETH-USD,2349.73,2440.24,2339.87,2414.79,14879264082
2024-10-05,ETH,ETH-USD,2414.85,2427.52,2390.84,2415.63,8152969183
2024-10-06,ETH,ETH-USD,2415.53,2456.63,2407.1,2439.96,8458690205
2024-10-07,ETH,ETH-USD,2439.94,2520.41,2405.13,2421.8,17414044416
2024-10-08,ETH,ETH-USD,2421.98,2464.13,2400.51,2439.84,14067361080
2024-10-09,ETH,ETH-USD,2439.84,2470.91,2350.95,2368.28,14954047093
2024-10-10,ETH,ETH-USD,2368.27,2417.29,2329.78,2383.86,15327769940
2024-10-11,ETH,ETH-USD,2383.94,2470.4,2380.5,2436.51,13489061564
2024-10-12,ETH,ETH-USD,2436.52,2488.24,2434.2,2476.52,9372169184
2024-10-13,ETH,ETH-USD,2476.52,2484.13,2436.97,2467.68,9189490605
2024-10-14,ETH,ETH-USD,2467.65,2652.88,2443.55,2628.9,21434687898
2024-10-15,ETH,ETH-USD,2629.02,2685.17,2537.94,2606.02,22003780898
2024-10-16,ETH,ETH-USD,2606.02,2644.85,2589.61,2611.1,17012396419
2024-10-17,ETH,ETH-USD,2611.19,2646.87,2577.31,2604.27,15150712321
2024-10-18,ETH,ETH-USD,2604.81,2674.37,2595.96,2641.55,17043738652
2024-10-19,ETH,ETH-USD,2641.49,2661.87,2631.66,2648.66,8557834553
2024-10-20,ETH,ETH-USD,2648.67,2756.44,2635.95,2746.36,14559296242
2024-10-21,ETH,ETH-USD,2746.31,2765.55,2655.29,2665.71,17328615363
2024-10-22,ETH,ETH-USD,2665.66,2669.79,2605.62,2620.2,15541911074
2024-10-23,ETH,ETH-USD,2620.09,2624.45,2457.17,2509.1,17876984551
2024-10-24,ETH,ETH-USD,2523.61,2559.15,2506.72,2534.5,16128627601
2024-10-25,ETH,ETH-USD,2534.45,2563.73,2381.45,2435.93,22560233078
2024-10-26,ETH,ETH-USD,2436.05,2503.23,2427.46,2479.6,13597102184
2024-10-27,ETH,ETH-USD,2479.94,2523.17,2462.27,2505.94,9801434566
2024-10-28,ETH,ETH-USD,2505.59,2587.43,2470.27,2565.35,18971841402
2024-10-29,ETH,ETH-USD,2565.42,2680.05,2560.15,2637.96,22185845095
2024-10-30,ETH,ETH-USD,2637.64,2720.27,2600.61,2657.37,22382690746
2024-10-31,ETH,ETH-USD,2657.21,2667.56,2501.57,2515.8,19760409505
2024-11-01,ETH,ETH-USD,2515.87,2583.78,2467.82,2511.89,20215438328
2024-11-02,ETH,ETH-USD,2512.21,2522.36,2471.96,2491.07,9639457439
2024-11-03,ETH,ETH-USD,2491.09,2495.44,2411.4,2456.43,15667779706
2024-11-04,ETH,ETH-USD,2456.1,2488.35,2359.58,2397.03,17110200696
2024-11-05,ETH,ETH-USD,2397.04,2478.62,2380.6,2422.65,17894057485
2024-11-06,ETH,ETH-USD,2422.54,2743.96,2421.81,2724.17,41887574364
2024-11-07,ETH,ETH-USD,2724.01,2918.74,2701.59,2895.59,35352318438
2024-11-08,ETH,ETH-USD,2895.6,2983.74,2889.48,2962.3,32303261101
2024-11-09,ETH,ETH-USD,2962.79,3156.37,2957.18,3131.14,29210133088
2024-11-10,ETH,ETH-USD,3130.73,3249.91,3073.25,3191.33,47418730187
2024-11-11,ETH,ETH-USD,3191.66,3389.53,3109.77,3374.81,55417771668
2024-11-12,ETH,ETH-USD,3375.15,3444.15,3211.2,3246.26,56686078066
2024-11-13,ETH,ETH-USD,3244.54,3337.88,3121.67,3192.6,52010205682
2024-11-14,ETH,ETH-USD,3192.52,3240.27,3032.97,3058.95,35743352141
2024-11-15,ETH,ETH-USD,3059.53,3130.7,3016.14,3103.04,32701369872
2024-11-16,ETH,ETH-USD,3089.74,3218.09,3073.29,3133.27,26650658846
2024-11-17,ETH,ETH-USD,3133.31,3160.15,3039.25,3075.66,28348163224
2024-11-18,ETH,ETH-USD,3075.72,3225.13,3052.49,3207.86,35445557613
2024-11-19,ETH,ETH-USD,3208.25,3222.0,3070.36,3111.38,29823634432
2024-11-20,ETH,ETH-USD,3111.12,3159.95,3032.6,3072.19,29785491216
2024-11-21,ETH,ETH-USD,3072.06,3388.54,3035.85,3361.05,51619069348
2024-11-22,ETH,ETH-USD,3360.65,3428.46,3262.81,3331.6,36775716442
2024-11-23,ETH,ETH-USD,3331.65,3499.37,3317.65,3396.22,38835184688
2024-11-24,ETH,ETH-USD,3397.0,3451.8,3288.43,3363.66,27901454185
2024-11-25,ETH,ETH-USD,3364.6,3545.28,3304.09,3413.54,51544793988
2024-11-26,ETH,ETH-USD,3412.95,3461.29,3255.54,3326.52,39902959158
2024-11-27,ETH,ETH-USD,3326.03,3687.01,3303.57,3657.25,43383987191
2024-11-28,ETH,ETH-USD,3656.61,3664.88,3531.87,3579.81,32362724276
2024-11-29,ETH,ETH-USD,3579.91,3647.26,3538.45,3593.49,27622629486
2024-11-30,ETH,ETH-USD,3593.6,3739.93,3572.25,3705.71,30670867436
2024-12-01,ETH,ETH-USD,3706.62,3747.46,3663.23,3711.17,28018113530
2024-12-02,ETH,ETH-USD,3710.5,3761.34,3557.25,3644.2,47284967570
2024-12-03,ETH,ETH-USD,3643.74,3670.22,3504.23,3620.71,36839829742
2024-12-04,ETH,ETH-USD,3620.04,3895.17,3617.74,3841.33,56799745752
2024-12-05,ETH,ETH-USD,3840.84,3956.54,3683.42,3811.01,60568296606
2024-12-06,ETH,ETH-USD,3792.21,4093.17,3782.68,4005.81,52853668566
2024-12-07,ETH,ETH-USD,4006.03,4029.45,3974.18,4002.69,22574636761
2024-12-08,ETH,ETH-USD,4007.69,4018.0,3927.85,4005.7,20943378971
2024-12-09,ETH,ETH-USD,4006.1,4008.78,3525.23,3718.69,57029832059
2024-12-10,ETH,ETH-USD,3719.0,3780.75,3520.37,3631.83,58416417599
2024-12-11,ETH,ETH-USD,3631.28,3850.77,3567.57,3832.82,35968053196
2024-12-12,ETH,ETH-USD,3833.17,3987.01,3800.09,3883.1,42971675764
2024-12-13,ETH,ETH-USD,3883.03,3967.4,3855.02,3911.21,34895127659
2024-12-14,ETH,ETH-USD,3910.85,3943.28,3826.76,3868.41,28756190559
2024-12-15,ETH,ETH-USD,3868.44,3971.5,3832.1,3951.94,25069616984
2024-12-16,ETH,ETH-USD,3951.65,4106.96,3882.71,3987.48,46536359669
2024-12-17,ETH,ETH-USD,3987.33,4040.34,3849.29,3886.77,35418700472
2024-12-18,ETH,ETH-USD,3886.89,3902.72,3617.84,3618.79,48946681636
2024-12-19,ETH,ETH-USD,3619.58,3717.66,3330.87,3417.93,58879190250
2024-12-20,ETH,ETH-USD,3417.93,3496.33,3098.2,3472.55,66383827229
2024-12-21,ETH,ETH-USD,3472.59,3552.92,3293.51,3337.22,31579389836
2024-12-22,ETH,ETH-USD,3337.0,3398.66,3219.29,3277.54,24780768375
2024-12-23,ETH,ETH-USD,3277.51,3461.53,3217.37,3415.79,34496081389
2024-12-24,ETH,ETH-USD,3415.74,3535.86,3355.61,3492.05,23083678195
2024-12-25,ETH,ETH-USD,3491.96,3542.83,3440.1,3493.24,17651873225
2024-12-26,ETH,ETH-USD,3493.3,3512.6,3302.31,3331.23,22247726776
2024-12-27,ETH,ETH-USD,3331.05,3436.71,3302.58,3328.92,24091627403
2024-12-28,ETH,ETH-USD,3328.77,3419.92,3318.03,3397.9,14305648523
2024-12-29,ETH,ETH-USD,3397.86,3406.65,3321.66,3349.51,13440907792
2024-12-30,ETH,ETH-USD,3349.59,3428.53,3298.8,3356.39,26981583962
2024-12-31,ETH,ETH-USD,3356.39,3444.4,3311.41,3332.53,20845452085
2025-01-01,ETH,ETH-USD,3332.41,3366.53,3310.26,3353.5,14195410493
2025-01-02,ETH,ETH-USD,3353.41,3493.45,3348.35,3451.39,22243574698
2025-01-03,ETH,ETH-USD,3451.68,3627.06,3421.83,3605.01,21877299255
2025-01-04,ETH,ETH-USD,3605.2,3669.2,3574.33,3657.71,16060610759
2025-01-05,ETH,ETH-USD,3657.74,3673.81,3594.62,3634.1,12830306908
2025-01-06,ETH,ETH-USD,3634.11,3743.94,3611.21,3688.61,23973574043
2025-01-07,ETH,ETH-USD,3688.34,3701.11,3358.09,3381.58,32235312545
2025-01-08,ETH,ETH-USD,3381.62,3413.68,3209.21,3326.33,34337730882
2025-01-09,ETH,ETH-USD,3326.36,3355.86,3159.38,3219.43,28815726276
2025-01-10,ETH,ETH-USD,3219.5,3320.5,3196.11,3267.49,26503845190
2025-01-11,ETH,ETH-USD,3267.52,3317.65,3219.7,3282.22,11772144561
2025-01-12,ETH,ETH-USD,3282.15,3298.02,3224.51,3265.95,11647743556
2025-01-13,ETH,ETH-USD,3266.1,3335.19,2920.59,3135.5,39911742769
2025-01-14,ETH,ETH-USD,3135.67,3254.75,3126.81,3223.68,22847737224
2025-01-15,ETH,ETH-USD,3223.68,3473.1,3186.14,3450.54,25991614661
2025-01-16,ETH,ETH-USD,3450.31,3458.18,3265.68,3308.35,26395516475
2025-01-17,ETH,ETH-USD,3308.19,3525.54,3307.31,3474.11,28200207229
2025-01-18,ETH,ETH-USD,3473.56,3493.06,3228.33,3305.79,32420094038
2025-01-19,ETH,ETH-USD,3305.4,3444.21,3127.62,3208.96,57242875399
2025-01-20,ETH,ETH-USD,3208.93,3444.28,3147.52,3278.04,52383187336
2025-01-21,ETH,ETH-USD,3278.44,3365.78,3202.49,3327.41,32804001146
2025-01-22,ETH,ETH-USD,3327.24,3364.75,3223.39,3240.22,22171220981
2025-01-23,ETH,ETH-USD,3240.48,3346.73,3184.07,3334.71,32419520084
2025-01-24,ETH,ETH-USD,3334.81,3424.9,3277.32,3309.55,25578325671
2025-01-25,ETH,ETH-USD,3309.71,3349.3,3270.27,3317.27,13744316078
2025-01-26,ETH,ETH-USD,3317.29,3359.31,3233.92,3236.13,14471528757
2025-01-27,ETH,ETH-USD,3235.86,3250.4,3024.09,3178.92,39412486482
2025-01-28,ETH,ETH-USD,3179.09,3222.74,3040.09,3077.11,20718206194
2025-01-29,ETH,ETH-USD,3076.38,3177.98,3055.18,3113.0,22727786058
2025-01-30,ETH,ETH-USD,3113.29,3282.99,3093.12,3247.78,19958405782
2025-01-31,ETH,ETH-USD,3247.87,3437.57,3214.94,3298.27,30128115902
2025-02-01,ETH,ETH-USD,3298.82,3329.66,3103.92,3118.33,19917507079
2025-02-02,ETH,ETH-USD,3118.61,3161.89,2755.47,2868.69,42060930305
2025-02-03,ETH,ETH-USD,2868.08,2919.48,2159.28,2884.57,92453553253
2025-02-04,ETH,ETH-USD,2883.82,2888.25,2636.17,2735.05,48795275985
2025-02-05,ETH,ETH-USD,2735.23,2824.4,2701.1,2787.78,31960764447
2025-02-06,ETH,ETH-USD,2787.66,2857.14,2662.45,2688.4,29500645692
2025-02-07,ETH,ETH-USD,2688.9,2798.03,2564.97,2622.21,29526663418
2025-02-08,ETH,ETH-USD,2623.0,2665.48,2591.78,2632.31,17059263074
2025-02-09,ETH,ETH-USD,2632.58,2695.22,2530.44,2628.72,17517088276
2025-02-10,ETH,ETH-USD,2628.65,2692.81,2564.02,2661.17,19414208113
2025-02-11,ETH,ETH-USD,2661.32,2724.9,2565.4,2602.78,21156550492
2025-02-12,ETH,ETH-USD,2602.83,2794.87,2551.17,2736.9,26919387954
2025-02-13,ETH,ETH-USD,2737.03,2756.44,2615.67,2675.9,19481004625
2025-02-14,ETH,ETH-USD,2675.94,2790.02,2666.27,2726.09,17732289901
2025-02-15,ETH,ETH-USD,2726.07,2738.68,2668.53,2693.56,10803019357
2025-02-16,ETH,ETH-USD,2693.56,2724.1,2655.3,2663.32,10593602117
2025-02-17,ETH,ETH-USD,2663.23,2848.78,2640.18,2743.2,24170425078
2025-02-18,ETH,ETH-USD,2743.02,2754.68,2606.9,2669.34,23004152928
2025-02-19,ETH,ETH-USD,2669.21,2735.92,2656.38,2715.77,15272401903
2025-02-20,ETH,ETH-USD,2715.68,2770.03,2708.22,2740.39,15917259320
2025-02-21,ETH,ETH-USD,2740.02,2842.83,2616.92,2659.66,31441524621
2025-02-22,ETH,ETH-USD,2660.04,2797.06,2653.87,2764.03,16403164397
2025-02-23,ETH,ETH-USD,2764.03,2850.61,2746.77,2821.31,20493767269
2025-02-24,ETH,ETH-USD,2820.46,2839.01,2478.9,2513.82,29127380459
2025-02-25,ETH,ETH-USD,2514.21,2529.67,2326.63,2493.59,40044790246
2025-02-26,ETH,ETH-USD,2493.38,2503.42,2255.05,2331.45,28815111323
2025-02-27,ETH,ETH-USD,2331.51,2378.09,2230.45,2305.48,24286213447
2025-02-28,ETH,ETH-USD,2305.56,2310.95,2076.17,2237.91,35737904667
2025-03-01,ETH,ETH-USD,2237.94,2279.87,2144.09,2216.64,16135258239
2025-03-02,ETH,ETH-USD,2216.52,2548.81,2175.32,2519.69,34854193845
2025-03-03,ETH,ETH-USD,2519.53,2522.32,2097.08,2145.57,31473561910
2025-03-04,ETH,ETH-USD,2145.65,2220.36,1996.77,2170.02,33935738380
2025-03-05,ETH,ETH-USD,2169.99,2272.8,2156.1,2241.98,22105432727
2025-03-06,ETH,ETH-USD,2241.91,2319.4,2177.68,2202.48,18509069102
2025-03-07,ETH,ETH-USD,2202.5,2254.23,2103.47,2138.99,22425792863
2025-03-08,ETH,ETH-USD,2139.8,2232.33,2107.73,2201.51,10533204814
2025-03-09,ETH,ETH-USD,2201.71,2210.31,1991.19,2015.51,16103964994
2025-03-10,ETH,ETH-USD,2015.43,2150.71,1812.77,1861.15,35005066442
2025-03-11,ETH,ETH-USD,1859.78,1961.8,1760.94,1919.84,30898385863
2025-03-12,ETH,ETH-USD,1919.66,1954.57,1832.02,1908.98,22898872951
2025-03-13,ETH,ETH-USD,1909.02,1919.69,1823.53,1862.97,17977225564
2025-03-14,ETH,ETH-USD,1863.0,1945.09,1861.11,1909.47,12122715282
2025-03-15,ETH,ETH-USD,1909.53,1955.24,1904.97,1937.39,6456484591
2025-03-16,ETH,ETH-USD,1937.38,1940.47,1863.49,1887.44,9292997638
2025-03-17,ETH,ETH-USD,1887.45,1951.63,1880.48,1927.0,10436892087
2025-03-18,ETH,ETH-USD,1927.01,1935.18,1872.51,1932.54,10170844746
2025-03-19,ETH,ETH-USD,1932.54,2068.76,1928.25,2057.75,20065206266
2025-03-20,ETH,ETH-USD,2057.95,2067.48,1952.24,1982.1,13217865782
2025-03-21,ETH,ETH-USD,1981.85,1994.89,1937.21,1964.85,9708125480
2025-03-22,ETH,ETH-USD,1964.94,2005.04,1964.27,1980.04,6117036512
2025-03-23,ETH,ETH-USD,1979.98,2019.89,1977.71,2005.3,7522339707
2025-03-24,ETH,ETH-USD,2005.72,2101.98,1978.76,2077.48,14044912402
2025-03-25,ETH,ETH-USD,2078.57,2096.52,2038.64,2067.76,11735658914
2025-03-26,ETH,ETH-USD,2067.51,2078.37,1982.41,2009.19,13178523590
2025-03-27,ETH,ETH-USD,2008.94,2037.4,1987.72,2002.36,11593274543
2025-03-28,ETH,ETH-USD,2002.41,2015.45,1863.01,1895.5,18160526498
2025-03-29,ETH,ETH-USD,1895.55,1911.9,1799.2,1827.32,12194771785
2025-03-30,ETH,ETH-USD,1827.31,1847.57,1769.41,1806.22,9854857162
2025-03-31,ETH,ETH-USD,1806.32,1852.55,1778.69,1823.48,15765030938
2025-04-01,ETH,ETH-USD,1823.56,1926.3,1820.35,1905.49,15001220420
2025-04-02,ETH,ETH-USD,1905.48,1951.18,1782.76,1795.31,22593742104
2025-04-03,ETH,ETH-USD,1794.98,1844.07,1751.38,1815.64,16450974373
2025-04-04,ETH,ETH-USD,1815.61,1833.96,1760.59,1815.34,18061720814
2025-04-05,ETH,ETH-USD,1815.34,1826.3,1767.51,1805.97,6374712479
2025-04-06,ETH,ETH-USD,1805.96,1815.57,1539.44,1576.73,22154445576
2025-04-07,ETH,ETH-USD,1576.95,1634.04,1415.37,1555.24,46073959047
2025-04-08,ETH,ETH-USD,1554.93,1617.34,1447.61,1472.55,21315312919
2025-04-09,ETH,ETH-USD,1472.6,1687.19,1386.8,1668.04,39252195855
2025-04-10,ETH,ETH-USD,1668.2,1669.39,1474.91,1522.52,21379604307
2025-04-11,ETH,ETH-USD,1522.47,1587.54,1505.0,1567.15,14871838813
2025-04-12,ETH,ETH-USD,1567.16,1666.02,1546.82,1643.53,12110995013
2025-04-13,ETH,ETH-USD,1643.5,1648.29,1564.84,1596.69,13909890792
2025-04-14,ETH,ETH-USD,1596.88,1689.86,1596.09,1622.77,16518325094
2025-04-15,ETH,ETH-USD,1622.77,1659.84,1585.23,1588.63,13175452875
2025-04-16,ETH,ETH-USD,1589.03,1610.78,1540.03,1578.11,15339621551
2025-04-17,ETH,ETH-USD,1578.01,1615.31,1564.2,1582.55,11312160796
2025-04-18,ETH,ETH-USD,1582.4,1599.42,1573.9,1588.92,7123507323
2025-04-19,ETH,ETH-USD,1588.97,1629.05,1585.47,1612.92,7168138700
2025-04-20,ETH,ETH-USD,1612.97,1618.44,1566.69,1587.51,7642784469
2025-04-21,ETH,ETH-USD,1587.46,1656.12,1566.15,1579.73,15403785611
2025-04-22,ETH,ETH-USD,1579.82,1773.64,1542.0,1757.33,23747917555
2025-04-23,ETH,ETH-USD,1757.2,1829.71,1746.92,1796.1,22904644756
2025-04-24,ETH,ETH-USD,1795.98,1801.69,1724.74,1769.83,15207402759
2025-04-25,ETH,ETH-USD,1770.0,1826.7,1740.33,1786.63,17459399281
2025-04-26,ETH,ETH-USD,1786.53,1839.36,1781.47,1821.88,11926379867
2025-04-27,ETH,ETH-USD,1822.18,1856.44,1785.9,1792.86,11321944113
2025-04-28,ETH,ETH-USD,1792.45,1827.48,1747.73,1798.85,17043640437
2025-04-29,ETH,ETH-USD,1798.91,1842.03,1782.28,1799.18,14734257744
2025-04-30,ETH,ETH-USD,1799.21,1816.69,1736.14,1793.78,14810431362
2025-05-01,ETH,ETH-USD,1794.04,1872.94,1793.15,1839.22,15861442721
2025-05-02,ETH,ETH-USD,1839.17,1869.53,1814.73,1842.71,13570171872
2025-05-03,ETH,ETH-USD,1842.72,1848.25,1812.82,1833.84,8344452620
2025-05-04,ETH,ETH-USD,1833.65,1850.0,1804.5,1808.59,8918979887
2025-05-05,ETH,ETH-USD,1808.7,1832.05,1783.31,1819.7,11389336489
2025-05-06,ETH,ETH-USD,1819.73,1820.8,1753.32,1815.09,13206516310
2025-05-07,ETH,ETH-USD,1815.02,1849.66,1788.69,1811.61,50540755039
2025-05-08,ETH,ETH-USD,1811.55,2222.21,1809.46,2206.51,37777245241
2025-05-09,ETH,ETH-USD,2206.13,2486.01,2186.05,2345.51,43766026875
2025-05-10,ETH,ETH-USD,2345.76,2597.54,2320.24,2582.42,30265913403
2025-05-11,ETH,ETH-USD,2582.71,2603.26,2441.73,2510.24,26496368543
2025-05-12,ETH,ETH-USD,2510.29,2620.9,2411.59,2496.4,32121858921
2025-05-13,ETH,ETH-USD,2496.34,2736.89,2418.33,2680.13,33528741590
2025-05-14,ETH,ETH-USD,2680.26,2721.95,2549.69,2610.06,26602676588
2025-05-15,ETH,ETH-USD,2610.03,2645.07,2482.21,2546.86,26637688883
2025-05-16,ETH,ETH-USD,2547.06,2645.61,2532.03,2536.3,21298907763
2025-05-17,ETH,ETH-USD,2536.3,2537.78,2449.07,2475.75,18830706230
2025-05-18,ETH,ETH-USD,2475.77,2585.7,2344.67,2498.23,25005164865
2025-05-19,ETH,ETH-USD,2498.8,2545.46,2353.43,2529.17,27351331811
2025-05-20,ETH,ETH-USD,2529.14,2585.62,2446.45,2524.17,23453322578
2025-05-21,ETH,ETH-USD,2524.16,2614.06,2454.54,2552.35,31952904125
2025-05-22,ETH,ETH-USD,2552.77,2691.1,2546.43,2664.16,26596978352
2025-05-23,ETH,ETH-USD,2664.08,2731.22,2504.87,2526.44,30536501878
2025-05-24,ETH,ETH-USD,2526.39,2575.13,2516.02,2530.65,11380899856
2025-05-25,ETH,ETH-USD,2530.89,2553.87,2467.88,2551.76,14556431364
2025-05-26,ETH,ETH-USD,2551.38,2598.57,2530.32,2564.14,14936610009
2025-05-27,ETH,ETH-USD,2564.14,2712.29,2512.59,2663.07,26264200536
2025-05-28,ETH,ETH-USD,2663.01,2688.74,2611.16,2682.21,19087366068
2025-05-29,ETH,ETH-USD,2681.84,2784.75,2620.98,2632.65,27567479811
2025-05-30,ETH,ETH-USD,2632.84,2648.26,2510.16,2529.94,24599403943
2025-05-31,ETH,ETH-USD,2529.83,2550.48,2484.22,2529.09,13992843765
2025-06-01,ETH,ETH-USD,2529.1,2547.77,2472.54,2536.27,13287852482
2025-06-02,ETH,ETH-USD,2536.18,2615.52,2477.29,2607.1,16744168824
2025-06-03,ETH,ETH-USD,2607.2,2652.42,2582.25,2593.28,18291179016
2025-06-04,ETH,ETH-USD,2593.48,2677.97,2585.74,2608.64,18621211035
2025-06-05,ETH,ETH-USD,2608.61,2640.6,2395.75,2416.29,26194462737
2025-06-06,ETH,ETH-USD,2416.46,2530.39,2387.61,2477.19,19407449565
2025-06-07,ETH,ETH-USD,2477.18,2543.05,2459.14,2526.51,11664303387
2025-06-08,ETH,ETH-USD,2526.19,2547.47,2493.92,2510.79,12097170203
2025-06-09,ETH,ETH-USD,2510.84,2693.81,2479.87,2681.52,20605172560
2025-06-10,ETH,ETH-USD,2681.29,2824.81,2658.68,2813.52,35555755055
2025-06-11,ETH,ETH-USD,2813.74,2877.63,2746.46,2773.53,30705408054
2025-06-12,ETH,ETH-USD,2773.6,2784.26,2619.97,2651.8,25924959613
2025-06-13,ETH,ETH-USD,2651.92,2651.92,2443.96,2579.49,37986747138
2025-06-14,ETH,ETH-USD,2579.72,2580.16,2491.49,2533.44,14285000473
2025-06-15,ETH,ETH-USD,2533.18,2558.68,2493.2,2546.84,13961893828
2025-06-16,ETH,ETH-USD,2547.23,2680.09,2517.15,2540.6,22792449577
2025-06-17,ETH,ETH-USD,2540.31,2617.9,2456.65,2510.76,25653232897
2025-06-18,ETH,ETH-USD,2510.82,2546.63,2469.05,2524.3,19873957905
2025-06-19,ETH,ETH-USD,2524.4,2546.77,2486.1,2521.65,12782730709
2025-06-20,ETH,ETH-USD,2521.53,2569.01,2371.47,2407.3,22592586688
2025-06-21,ETH,ETH-USD,2407.35,2448.41,2222.81,2300.5,16108791762
2025-06-22,ETH,ETH-USD,2298.84,2313.85,2116.68,2228.21,28458151601
2025-06-23,ETH,ETH-USD,2228.48,2434.24,2191.42,2421.82,26247439429
2025-06-24,ETH,ETH-USD,2421.83,2481.22,2379.57,2448.01,19539047009
2025-06-25,ETH,ETH-USD,2448.74,2468.68,2394.61,2419.31,17158118625
2025-06-26,ETH,ETH-USD,2419.15,2519.62,2399.53,2416.15,18300413888
2025-06-27,ETH,ETH-USD,2416.02,2463.15,2386.32,2423.87,15309834970
2025-06-28,ETH,ETH-USD,2423.93,2448.19,2407.76,2437.11,8273074809
2025-06-29,ETH,ETH-USD,2437.11,2523.32,2417.63,2500.96,12500580479
2025-06-30,ETH,ETH-USD,2500.61,2521.72,2438.05,2486.46,16859727663
2025-07-01,ETH,ETH-USD,2486.43,2500.59,2389.82,2405.79,15025451796
2025-07-02,ETH,ETH-USD,2405.86,2616.78,2378.39,2571.34,22792512025
2025-07-03,ETH,ETH-USD,2570.8,2635.19,2558.58,2591.01,20873559425
2025-07-04,ETH,ETH-USD,2590.85,2601.12,2475.75,2508.52,17222740209
2025-07-05,ETH,ETH-USD,2508.1,2529.84,2489.0,2517.28,9289382302
2025-07-06,ETH,ETH-USD,2517.28,2603.06,2505.37,2571.24,13190436110
2025-07-07,ETH,ETH-USD,2571.4,2589.32,2517.9,2543.01,18440266947
2025-07-08,ETH,ETH-USD,2542.97,2626.66,2525.44,2615.51,17537487206
2025-07-09,ETH,ETH-USD,2615.51,2794.52,2591.95,2770.78,27229452849
2025-07-10,ETH,ETH-USD,2770.74,2995.15,2757.27,2954.85,33929201261
2025-07-11,ETH,ETH-USD,2954.83,3038.14,2916.96,2957.89,36226558863
2025-07-12,ETH,ETH-USD,2958.33,2979.78,2907.19,2942.91,16317198254
2025-07-13,ETH,ETH-USD,2942.85,3016.39,2938.74,2973.36,17361753131
2025-07-14,ETH,ETH-USD,2973.23,3079.99,2965.32,3013.35,36349290556
2025-07-15,ETH,ETH-USD,3013.29,3142.43,2934.37,3139.89,39013656112
2025-07-16,ETH,ETH-USD,3139.89,3422.6,3102.48,3371.51,46771354461
2025-07-17,ETH,ETH-USD,3371.51,3521.69,3316.0,3476.78,47532846793
2025-07-18,ETH,ETH-USD,3476.12,3674.86,3463.39,3549.02,59198465810
2025-07-19,ETH,ETH-USD,3548.93,3608.28,3512.97,3595.27,26031719746
2025-07-20,ETH,ETH-USD,3595.24,3819.4,3582.35,3759.47,44600451066
2025-07-21,ETH,ETH-USD,3758.92,3856.77,3705.35,3763.37,42611467663
2025-07-22,ETH,ETH-USD,3762.88,3798.1,3624.14,3749.15,45248868820
2025-07-23,ETH,ETH-USD,3749.24,3765.03,3532.86,3629.7,41283228953
2025-07-24,ETH,ETH-USD,3629.73,3771.38,3515.0,3708.01,40377960354
2025-07-25,ETH,ETH-USD,3708.01,3744.82,3579.96,3727.27,42264509577
2025-07-26,ETH,ETH-USD,3727.24,3789.79,3702.77,3741.4,24635287361
2025-07-27,ETH,ETH-USD,3741.26,3876.93,3733.68,3875.25,28897450394
2025-07-28,ETH,ETH-USD,3875.26,3940.65,3756.52,3787.43,35831336149
2025-07-29,ETH,ETH-USD,3788.32,3884.0,3716.88,3793.45,35540435995
2025-07-30,ETH,ETH-USD,3793.58,3832.88,3683.14,3808.2,34392494235
2025-07-31,ETH,ETH-USD,3808.25,3877.47,3685.0,3696.71,32839839444
2025-08-01,ETH,ETH-USD,3696.14,3722.59,3432.38,3488.37,46261558200
2025-08-02,ETH,ETH-USD,3487.96,3535.56,3370.94,3392.74,30165065282
2025-08-03,ETH,ETH-USD,3392.74,3520.83,3357.94,3497.38,19363593865
2025-08-04,ETH,ETH-USD,3497.61,3734.98,3491.55,3718.99,30905749658
2025-08-05,ETH,ETH-USD,3719.82,3720.66,3547.62,3611.9,32778742296
2025-08-06,ETH,ETH-USD,3612.04,3698.12,3567.1,3683.92,26924415763
2025-08-07,ETH,ETH-USD,3684.06,3926.2,3650.37,3914.33,38627826066
2025-08-08,ETH,ETH-USD,3914.11,4068.85,3882.44,4009.85,45460293892
2025-08-09,ETH,ETH-USD,4009.15,4323.76,4007.71,4263.6,45279715746
2025-08-10,ETH,ETH-USD,4263.55,4332.21,4163.94,4254.22,36173931367
2025-08-11,ETH,ETH-USD,4254.23,4362.09,4168.88,4226.97,49989853803
2025-08-12,ETH,ETH-USD,4227.21,4634.06,4222.36,4590.92,57237189036
2025-08-13,ETH,ETH-USD,4590.66,4784.67,4566.24,4756.28,62550014642
2025-08-14,ETH,ETH-USD,4756.04,4788.55,4461.28,4548.17,75681632806
2025-08-15,ETH,ETH-USD,4549.08,4667.73,4375.55,4439.99,55445715824
2025-08-16,ETH,ETH-USD,4440.0,4493.15,4379.16,4426.18,26816931514
2025-08-17,ETH,ETH-USD,4426.26,4575.88,4400.71,4473.27,31348101438
2025-08-18,ETH,ETH-USD,4473.33,4484.01,4229.38,4312.5,53518423360
2025-08-19,ETH,ETH-USD,4312.53,4355.08,4070.54,4073.46,50440367102
2025-08-20,ETH,ETH-USD,4073.17,4376.79,4064.97,4334.5,49577862965
2025-08-21,ETH,ETH-USD,4334.57,4338.83,4205.78,4223.21,33618359942
2025-08-22,ETH,ETH-USD,4223.73,4884.23,4209.47,4831.35,75965521535
2025-08-23,ETH,ETH-USD,4831.09,4831.61,4669.73,4776.09,36503623278
2025-08-24,ETH,ETH-USD,4776.7,4953.73,4714.47,4779.65,52405003873
2025-08-25,ETH,ETH-USD,4779.77,4796.35,4343.95,4372.99,63936163545
2025-08-26,ETH,ETH-USD,4372.88,4632.07,4316.3,4600.43,53829747706
2025-08-27,ETH,ETH-USD,4600.51,4659.99,4489.3,4503.39,43509902322
2025-08-28,ETH,ETH-USD,4503.63,4629.03,4435.11,4507.18,36045274078
2025-08-29,ETH,ETH-USD,4507.63,4513.86,4272.46,4360.15,46899991962
2025-08-30,ETH,ETH-USD,4360.09,4413.27,4264.2,4374.15,25883112278
2025-08-31,ETH,ETH-USD,4374.89,4497.18,4373.6,4390.02,26683044984
2025-09-01,ETH,ETH-USD,4389.63,4490.35,4221.25,4314.47,37530746508
2025-09-02,ETH,ETH-USD,4314.39,4414.93,4260.46,4325.37,39884692334
2025-09-03,ETH,ETH-USD,4324.7,4489.2,4286.21,4450.39,35260873497
2025-09-04,ETH,ETH-USD,4450.22,4483.45,4268.59,4298.74,34919798552
2025-09-05,ETH,ETH-USD,4298.84,4484.36,4258.05,4306.99,44163736676
2025-09-06,ETH,ETH-USD,4306.97,4327.44,4244.75,4274.24,18108246446
2025-09-07,ETH,ETH-USD,4274.17,4334.27,4271.53,4305.35,17426783536
2025-09-08,ETH,ETH-USD,4305.38,4381.27,4279.97,4308.07,32277142378
2025-09-09,ETH,ETH-USD,4308.28,4381.23,4277.85,4309.04,30703320925
2025-09-10,ETH,ETH-USD,4309.09,4450.42,4286.06,4349.15,39521365146
2025-09-11,ETH,ETH-USD,4349.2,4471.7,4339.72,4461.23,35959212991
2025-09-12,ETH,ETH-USD,4461.48,4734.27,4453.28,4715.25,43839753626
2025-09-13,ETH,ETH-USD,4714.7,4763.36,4609.13,4668.18,34843845977
2025-09-14,ETH,ETH-USD,4668.17,4690.64,4581.85,4609.6,28394160275
2025-09-15,ETH,ETH-USD,4609.72,4670.53,4469.86,4526.82,40224062009
2025-09-16,ETH,ETH-USD,4526.08,4537.6,4428.33,4503.56,32761501436
2025-09-17,ETH,ETH-USD,4503.64,4617.23,4429.64,4592.73,44120899417
2025-09-18,ETH,ETH-USD,4592.44,4643.97,4556.27,4589.92,33497259158
2025-09-19,ETH,ETH-USD,4589.51,4620.79,4443.26,4470.92,30352619653
2025-09-20,ETH,ETH-USD,4470.98,4509.81,4459.16,4482.27,18056494322
2025-09-21,ETH,ETH-USD,4482.58,4499.39,4447.12,4451.33,19330306133
2025-09-22,ETH,ETH-USD,4451.58,4457.08,4092.4,4202.88,58221334533
2025-09-23,ETH,ETH-USD,4203.02,4227.73,4120.82,4165.5,32460075911
2025-09-24,ETH,ETH-USD,4165.41,4206.9,4081.35,4153.47,33538388785
2025-09-25,ETH,ETH-USD,4153.52,4162.06,3829.01,3868.33,68963092031
2025-09-26,ETH,ETH-USD,3868.69,4069.17,3868.43,4035.89,47873508328
2025-09-27,ETH,ETH-USD,4035.91,4038.45,3975.76,4018.66,20382555776
2025-09-28,ETH,ETH-USD,4018.66,4143.0,3969.79,4141.48,24631307054
2025-09-29,ETH,ETH-USD,4141.36,4234.78,4087.93,4217.34,38560429932
2025-09-30,ETH,ETH-USD,4217.06,4238.67,4095.44,4145.96,37679153330
2025-10-01,ETH,ETH-USD,4146.03,4351.11,4125.54,4351.11,46161664723
2025-10-02,ETH,ETH-USD,4352.24,4517.67,4336.53,4487.92,48074066058
2025-10-03,ETH,ETH-USD,4486.93,4591.44,4431.48,4514.87,49603450230
2025-10-04,ETH,ETH-USD,4514.91,4519.53,4444.01,4489.2,21832270764
2025-10-05,ETH,ETH-USD,4489.05,4616.53,4472.14,4515.42,44880806324
2025-10-06,ETH,ETH-USD,4515.3,4736.21,4492.87,4687.77,44992456374
2025-10-07,ETH,ETH-USD,4687.71,4755.22,4443.57,4451.15,54879425294
2025-10-08,ETH,ETH-USD,4451.11,4556.22,4417.77,4527.65,40456628235
2025-10-09,ETH,ETH-USD,4526.96,4531.72,4273.56,4369.14,47903074596
2025-10-10,ETH,ETH-USD,4369.07,4395.57,3460.22,3843.01,97736621123
2025-10-11,ETH,ETH-USD,3840.96,3882.24,3652.79,3750.61,62475475938
2025-10-12,ETH,ETH-USD,3750.95,4195.4,3701.48,4164.43,61216174681
2025-10-13,ETH,ETH-USD,4164.05,4292.85,4061.22,4245.47,50253782420
2025-10-14,ETH,ETH-USD,4245.37,4265.11,3895.97,4125.41,67094148347
2025-10-15,ETH,ETH-USD,4125.36,4213.86,3935.16,3987.46,50462889453
2025-10-16,ETH,ETH-USD,3987.15,4079.65,3829.65,3894.75,49147390731
2025-10-17,ETH,ETH-USD,3894.38,3950.57,3678.62,3832.56,57404271888
2025-10-18,ETH,ETH-USD,3833.01,3927.25,3822.27,3890.35,23815676385
2025-10-19,ETH,ETH-USD,3890.58,4029.36,3843.77,3984.65,32870655221
2025-10-20,ETH,ETH-USD,3984.7,4084.16,3911.73,3980.76,40224612563
2025-10-21,ETH,ETH-USD,3980.74,4109.53,3843.23,3876.76,49960290350
2025-10-22,ETH,ETH-USD,3877.36,3890.63,3718.08,3808.12,46173305673
2025-10-23,ETH,ETH-USD,3808.08,3930.97,3801.24,3856.03,36361652714
2025-10-24,ETH,ETH-USD,3856.03,4002.56,3849.72,3934.57,34090708715
2025-10-25,ETH,ETH-USD,3934.49,3967.65,3914.64,3953.47,15245229017
2025-10-26,ETH,ETH-USD,3953.44,4177.31,3923.19,4157.99,29120786315
2025-10-27,ETH,ETH-USD,4158.01,4250.67,4099.57,4120.12,40271333201
2025-10-28,ETH,ETH-USD,4120.27,4173.51,3940.83,3982.26,39684155177
2025-10-29,ETH,ETH-USD,3980.76,4036.35,3849.54,3903.35,35255876156
2025-10-30,ETH,ETH-USD,3903.32,3948.22,3681.91,3804.38,39981939289
2025-10-31,ETH,ETH-USD,3805.08,3900.58,3797.67,3847.08,37800100395
2025-11-01,ETH,ETH-USD,3847.17,3906.78,3832.63,3874.19,17490279524
2025-11-02,ETH,ETH-USD,3873.89,3914.88,3840.0,3911.06,20479611654
2025-11-03,ETH,ETH-USD,3911.75,3912.63,3560.26,3602.31,53091469560
2025-11-04,ETH,ETH-USD,3602.04,3652.69,3063.09,3292.57,76827517773
2025-11-05,ETH,ETH-USD,3292.15,3479.81,3170.51,3425.17,46955882330
2025-11-06,ETH,ETH-USD,3425.36,3454.34,3245.28,3312.26,36731850433
2025-11-07,ETH,ETH-USD,3312.03,3471.8,3195.9,3435.3,42609994022
2025-11-08,ETH,ETH-USD,3435.15,3482.27,3357.71,3400.38,23613870398
2025-11-09,ETH,ETH-USD,3400.1,3616.44,3359.72,3582.62,28821543888
2025-11-10,ETH,ETH-USD,3583.44,3656.15,3508.99,3568.46,35638045619
2025-11-11,ETH,ETH-USD,3568.47,3644.53,3404.86,3415.28,39734688531
2025-11-12,ETH,ETH-USD,3415.8,3586.01,3373.71,3413.09,34898956623
2025-11-13,ETH,ETH-USD,3412.99,3561.86,3156.03,3232.76,50283416669
2025-11-14,ETH,ETH-USD,3232.3,3252.66,3071.97,3103.79,47003809463
2025-11-15,ETH,ETH-USD,3104.23,3227.69,3104.23,3166.63,19932940649
2025-11-16,ETH,ETH-USD,3166.79,3244.84,3007.07,3092.85,30987886524
2025-11-17,ETH,ETH-USD,3092.94,3218.13,2957.31,3024.54,41026793235
2025-11-18,ETH,ETH-USD,3024.41,3167.93,2948.33,3122.98,41581494270
2025-11-19,ETH,ETH-USD,3122.65,3122.65,2871.23,3023.07,40229739844
2025-11-20,ETH,ETH-USD,3022.89,3057.79,2790.6,2831.78,43917885207
2025-11-21,ETH,ETH-USD,2829.26,2880.6,2626.87,2765.7,51476486049
2025-11-22,ETH,ETH-USD,2766.09,2795.43,2704.5,2767.61,15408928941
2025-11-23,ETH,ETH-USD,2767.59,2856.45,2767.47,2801.68,20358404499
2025-11-24,ETH,ETH-USD,2801.2,2982.82,2763.38,2952.71,32491657389
2025-11-25,ETH,ETH-USD,2952.58,2978.7,2857.84,2957.94,23336017779
2025-11-26,ETH,ETH-USD,2958.33,3043.93,2889.89,3027.81,21433162961
2025-11-27,ETH,ETH-USD,3027.8,3070.73,2987.2,3014.54,16972780500
2025-11-28,ETH,ETH-USD,3014.54,3095.03,2995.77,3032.3,20659958964
2025-11-29,ETH,ETH-USD,3032.3,3051.96,2966.85,2991.69,12775481230
2025-11-30,ETH,ETH-USD,2991.38,3051.6,2978.83,2992.11,11530446514
2025-12-01,ETH,ETH-USD,2991.92,2996.88,2720.44,2800.19,36679598313
2025-12-02,ETH,ETH-USD,2800.22,3032.76,2784.39,2997.94,26593645111
2025-12-03,ETH,ETH-USD,2997.8,3212.56,2988.14,3191.57,29949301036
2025-12-04,ETH,ETH-USD,3188.34,3238.56,3071.31,3134.32,27434991113
2025-12-05,ETH,ETH-USD,3134.36,3192.46,2989.83,3024.43,28000268228
2025-12-06,ETH,ETH-USD,3024.49,3067.66,3013.98,3040.21,10962819760
2025-12-07,ETH,ETH-USD,3040.18,3148.77,2930.65,3061.3,20383496376
2025-12-08,ETH,ETH-USD,3061.01,3177.87,3043.7,3125.2,25262165670
2025-12-09,ETH,ETH-USD,3124.94,3395.84,3092.88,3321.11,32012553374
2025-12-10,ETH,ETH-USD,3321.2,3446.62,3290.15,3325.39,30694387989
2025-12-11,ETH,ETH-USD,3324.39,3327.34,3149.03,3237.06,29066243707
2025-12-12,ETH,ETH-USD,3237.03,3265.37,3050.27,3084.17,24391003174
2025-12-13,ETH,ETH-USD,3084.13,3134.85,3080.08,3116.7,9916869400
2025-12-14,ETH,ETH-USD,3116.74,3128.62,3034.69,3060.59,15619543350
2025-12-15,ETH,ETH-USD,3060.48,3175.12,2899.69,2964.18,28765976892
2025-12-16,ETH,ETH-USD,2964.38,2978.92,2890.01,2964.18,22709189818
2025-12-17,ETH,ETH-USD,2964.02,3025.82,2791.33,2831.4,26159825528
2025-12-18,ETH,ETH-USD,2831.49,2994.55,2777.12,2827.07,29194181349
2025-12-19,ETH,ETH-USD,2827.41,3014.61,2811.39,2977.97,27870687989
2025-12-20,ETH,ETH-USD,2977.87,2992.31,2967.84,2977.58,7612418215
2025-12-21,ETH,ETH-USD,2977.51,3009.81,2945.39,3001.61,11178096676
2025-12-22,ETH,ETH-USD,3001.61,3073.35,2965.18,3006.07,20342034264
2025-12-23,ETH,ETH-USD,3006.07,3033.2,2902.33,2963.37,21453213168
2025-12-24,ETH,ETH-USD,2962.92,2975.17,2888.99,2945.59,13984770325
2025-12-25,ETH,ETH-USD,2945.42,2968.71,2891.11,2903.58,11828871179
2025-12-26,ETH,ETH-USD,2903.62,2991.22,2894.15,2925.75,18562196049
2021-12-28,SOL,SOL-USD,195.62,195.62,177.04,177.43,2826063568
2021-12-29,SOL,SOL-USD,177.39,180.59,170.44,170.66,2175731146
2021-12-30,SOL,SOL-USD,170.76,175.69,168.4,172.75,1540637869
2021-12-31,SOL,SOL-USD,172.7,177.36,168.31,170.3,1567918820
2022-01-01,SOL,SOL-USD,170.31,178.96,170.2,178.52,1084780603
2022-01-02,SOL,SOL-USD,178.53,179.43,175.01,176.38,995389409
2022-01-03,SOL,SOL-USD,176.39,176.39,167.53,170.3,1345778058
2022-01-04,SOL,SOL-USD,170.29,173.74,166.74,167.94,1499265336
2022-01-05,SOL,SOL-USD,167.94,171.11,148.22,155.1,2123759721
2022-01-06,SOL,SOL-USD,155.11,155.11,146.67,150.43,2097172620
2022-01-07,SOL,SOL-USD,150.41,150.52,135.15,136.4,2926269672
2022-01-08,SOL,SOL-USD,136.4,147.84,134.02,142.51,2730000333
2022-01-09,SOL,SOL-USD,142.54,145.44,138.39,140.84,1599123912
2022-01-10,SOL,SOL-USD,140.83,143.56,130.8,135.95,2040883379
2022-01-11,SOL,SOL-USD,135.94,143.3,134.13,140.18,1554197314
2022-01-12,SOL,SOL-USD,140.2,152.94,138.55,151.7,2242337550
2022-01-13,SOL,SOL-USD,151.69,157.54,146.01,146.01,2177023564
2022-01-14,SOL,SOL-USD,146.03,150.47,142.39,146.16,1822320951
2022-01-15,SOL,SOL-USD,146.18,149.35,144.42,147.8,1123271784
2022-01-16,SOL,SOL-USD,147.79,151.77,146.4,147.86,1172854751
2022-01-17,SOL,SOL-USD,147.88,148.21,137.5,139.93,1487772250
2022-01-18,SOL,SOL-USD,139.93,142.47,134.9,141.59,1449435942
2022-01-19,SOL,SOL-USD,141.55,142.29,133.36,135.79,1444663456
2022-01-20,SOL,SOL-USD,135.79,143.62,127.17,127.21,984099352
2022-01-21,SOL,SOL-USD,127.33,128.43,107.91,111.97,3771688473
2022-01-22,SOL,SOL-USD,111.98,113.59,89.29,94.18,4039466376
2022-01-23,SOL,SOL-USD,94.31,104.52,93.59,99.58,2548191912
2022-01-24,SOL,SOL-USD,99.62,99.77,81.23,91.65,4664539688
2022-01-25,SOL,SOL-USD,91.66,99.7,87.76,94.72,2842652332
2022-01-26,SOL,SOL-USD,94.72,103.72,89.81,92.24,3177186515
2022-01-27,SOL,SOL-USD,92.22,94.06,86.19,89.63,2513945822
2022-01-28,SOL,SOL-USD,89.53,93.36,87.57,91.31,2156098049
2022-01-29,SOL,SOL-USD,91.35,98.61,90.96,96.22,1727329992
2022-01-30,SOL,SOL-USD,96.25,97.3,91.71,93.3,1110338981
2022-01-31,SOL,SOL-USD,93.3,100.73,89.59,99.74,1888454241
2022-02-01,SOL,SOL-USD,99.73,112.98,99.48,109.98,3568466349
2022-02-02,SOL,SOL-USD,110.02,111.96,97.74,101.84,3297984784
2022-02-03,SOL,SOL-USD,101.83,102.67,94.64,101.46,2618951519
2022-02-04,SOL,SOL-USD,101.34,112.41,100.68,112.17,3121470028
2022-02-05,SOL,SOL-USD,112.21,118.21,110.53,113.89,2337469324
2022-02-06,SOL,SOL-USD,113.9,115.87,112.19,115.3,1488437091
2022-02-07,SOL,SOL-USD,115.28,121.55,113.14,117.36,2501444983
2022-02-08,SOL,SOL-USD,117.41,119.97,110.24,113.6,2670414753
2022-02-09,SOL,SOL-USD,113.53,116.83,109.98,114.02,1844036035
2022-02-10,SOL,SOL-USD,114.02,114.79,106.2,106.2,2534257400
2022-02-11,SOL,SOL-USD,106.23,107.85,95.6,96.38,2244853464
2022-02-12,SOL,SOL-USD,96.4,99.55,93.5,95.92,1722515979
2022-02-13,SOL,SOL-USD,95.89,97.21,91.82,93.24,1150014559
2022-02-14,SOL,SOL-USD,93.19,97.74,91.21,96.43,1787236369
2022-02-15,SOL,SOL-USD,96.44,105.29,96.43,104.87,2134576044
2022-02-16,SOL,SOL-USD,104.93,105.35,98.58,101.93,1908954820
2022-02-17,SOL,SOL-USD,101.9,102.63,92.68,93.41,1872498133
2022-02-18,SOL,SOL-USD,93.46,96.2,89.71,90.07,1669246812
2022-02-19,SOL,SOL-USD,90.05,92.54,88.95,91.5,1084605729
2022-02-20,SOL,SOL-USD,91.44,93.32,86.02,90.9,1912980153
2022-02-21,SOL,SOL-USD,90.88,95.9,83.12,83.12,2892900595
2022-02-22,SOL,SOL-USD,83.11,87.16,81.2,86.47,2046554018
2022-02-23,SOL,SOL-USD,86.47,92.74,84.9,84.9,2293962445
2022-02-24,SOL,SOL-USD,84.86,92.28,76.86,89.19,5253578948
2022-02-25,SOL,SOL-USD,89.23,94.78,87.28,92.6,3069242551
2022-02-26,SOL,SOL-USD,92.61,94.6,89.76,90.14,1721041901
2022-02-27,SOL,SOL-USD,90.12,91.99,84.49,85.52,2012522473
2022-02-28,SOL,SOL-USD,85.5,101.04,84.58,99.52,3457872746
2022-03-01,SOL,SOL-USD,99.54,101.56,94.89,98.65,3225742519
2022-03-02,SOL,SOL-USD,98.65,105.98,97.11,100.65,3800592927
2022-03-03,SOL,SOL-USD,100.65,101.43,94.38,95.54,2309311748
2022-03-04,SOL,SOL-USD,95.57,95.71,87.55,88.25,2592829728
2022-03-05,SOL,SOL-USD,88.29,91.04,86.29,89.65,1437161887
2022-03-06,SOL,SOL-USD,89.65,89.87,84.33,84.54,1467561782
2022-03-07,SOL,SOL-USD,84.55,86.48,80.32,82.13,2375648176
2022-03-08,SOL,SOL-USD,82.11,84.78,81.54,82.25,2112765959
2022-03-09,SOL,SOL-USD,82.28,89.48,82.21,88.2,2624860794
2022-03-10,SOL,SOL-USD,88.19,88.45,81.02,82.94,2196400279
2022-03-11,SOL,SOL-USD,82.94,84.05,80.28,80.74,1852734626
2022-03-12,SOL,SOL-USD,80.75,82.66,80.72,81.55,1036290480
2022-03-13,SOL,SOL-USD,81.53,82.88,78.0,78.94,1316842580
2022-03-14,SOL,SOL-USD,78.93,82.1,78.27,81.17,1676601058
2022-03-15,SOL,SOL-USD,81.17,85.52,79.07,82.96,1627848455
2022-03-16,SOL,SOL-USD,82.95,87.9,81.65,87.9,2370877301
2022-03-17,SOL,SOL-USD,87.86,90.76,86.75,87.88,2440062581
2022-03-18,SOL,SOL-USD,87.87,91.85,84.64,89.82,2745357460
2022-03-19,SOL,SOL-USD,89.82,94.36,89.39,92.42,1951674158
2022-03-20,SOL,SOL-USD,92.41,92.44,88.15,88.61,1286133603
2022-03-21,SOL,SOL-USD,88.61,91.01,87.21,88.76,1598537312
2022-03-22,SOL,SOL-USD,88.74,93.77,88.18,90.51,1879747152
2022-03-23,SOL,SOL-USD,90.51,96.05,89.81,95.1,2099467745
2022-03-24,SOL,SOL-USD,95.02,103.46,94.07,102.22,3601646600
2022-03-25,SOL,SOL-USD,102.24,104.58,97.32,98.66,2175497007
2022-03-26,SOL,SOL-USD,98.67,103.19,97.83,101.76,1282869612
2022-03-27,SOL,SOL-USD,101.77,107.3,99.27,107.08,1572329892
2022-03-28,SOL,SOL-USD,107.08,113.18,105.48,106.47,2877146388
2022-03-29,SOL,SOL-USD,106.33,115.28,106.0,111.71,3052274877
2022-03-30,SOL,SOL-USD,111.69,124.61,107.77,120.7,3908170428
2022-03-31,SOL,SOL-USD,120.68,128.93,120.2,122.66,4115229587
2022-04-01,SOL,SOL-USD,122.74,137.56,118.79,134.43,4434807484
2022-04-02,SOL,SOL-USD,134.45,143.02,132.14,132.2,3394186456
2022-04-03,SOL,SOL-USD,132.24,140.26,131.23,136.78,2585967812
2022-04-04,SOL,SOL-USD,136.76,137.63,126.87,132.41,2828117206
2022-04-05,SOL,SOL-USD,132.39,136.18,126.56,126.86,2239922210
2022-04-06,SOL,SOL-USD,126.86,127.28,112.77,112.88,3281009143
2022-04-07,SOL,SOL-USD,112.94,119.76,111.96,118.8,2431083313
2022-04-08,SOL,SOL-USD,118.82,122.25,108.54,109.8,2376864565
2022-04-09,SOL,SOL-USD,109.8,113.11,108.63,112.97,1202250516
2022-04-10,SOL,SOL-USD,112.97,115.81,110.08,111.74,1280232450
2022-04-11,SOL,SOL-USD,111.7,111.83,98.67,99.34,2272498194
2022-04-12,SOL,SOL-USD,99.38,109.12,98.94,103.31,2317008207
2022-04-13,SOL,SOL-USD,103.28,105.68,100.49,105.0,1675840412
2022-04-14,SOL,SOL-USD,104.94,107.33,99.26,100.71,1686576071
2022-04-15,SOL,SOL-USD,100.71,102.67,100.1,101.31,1050639351
2022-04-16,SOL,SOL-USD,101.3,103.27,100.96,102.26,774939305
2022-04-17,SOL,SOL-USD,102.25,105.29,99.96,100.41,1057908299
2022-04-18,SOL,SOL-USD,100.41,102.52,95.24,102.16,1846133932
2022-04-19,SOL,SOL-USD,102.2,108.58,101.3,108.58,1711909607
2022-04-20,SOL,SOL-USD,108.6,110.72,104.77,105.5,1761531528
2022-04-21,SOL,SOL-USD,105.5,109.77,100.77,101.78,1838571747
2022-04-22,SOL,SOL-USD,101.76,103.5,99.58,100.61,1274793594
2022-04-23,SOL,SOL-USD,100.62,102.77,98.78,100.74,823252482
2022-04-24,SOL,SOL-USD,100.73,102.22,99.01,99.24,818266008
2022-04-25,SOL,SOL-USD,99.24,101.44,94.76,101.25,1538486689
2022-04-26,SOL,SOL-USD,101.22,101.74,95.18,95.78,1301074534
2022-04-27,SOL,SOL-USD,95.79,100.54,95.28,98.38,1253566599
2022-04-28,SOL,SOL-USD,98.38,100.4,96.69,98.19,1307131609
2022-04-29,SOL,SOL-USD,98.18,98.57,92.88,94.01,1234575023
2022-04-30,SOL,SOL-USD,94.01,94.93,82.91,85.1,1293033765
2022-05-01,SOL,SOL-USD,85.09,92.43,84.94,89.67,1426749080
2022-05-02,SOL,SOL-USD,89.67,90.69,85.41,87.58,1265220129
2022-05-03,SOL,SOL-USD,87.56,88.69,84.92,85.84,1011988792
2022-05-04,SOL,SOL-USD,85.84,92.94,85.73,92.77,1428455342
2022-05-05,SOL,SOL-USD,92.77,95.03,81.83,84.6,1805979399
2022-05-06,SOL,SOL-USD,84.59,84.65,80.47,81.76,1585081920
2022-05-07,SOL,SOL-USD,81.77,82.18,77.88,78.98,1139093165
2022-05-08,SOL,SOL-USD,78.99,79.28,74.53,75.22,1439700868
2022-05-09,SOL,SOL-USD,75.23,76.98,63.27,63.27,2773999164
2022-05-10,SOL,SOL-USD,63.37,73.76,61.03,66.77,3677013066
2022-05-11,SOL,SOL-USD,66.73,68.12,44.0,50.21,4432811558
2022-05-12,SOL,SOL-USD,50.24,53.66,38.05,44.68,4471167155
2022-05-13,SOL,SOL-USD,44.63,55.9,44.08,48.59,2854210432
2022-05-14,SOL,SOL-USD,48.68,53.06,46.22,52.42,2042138537
2022-05-15,SOL,SOL-USD,52.43,58.88,49.83,58.81,1843835578
2022-05-16,SOL,SOL-USD,58.8,58.8,52.27,53.65,2067312217
2022-05-17,SOL,SOL-USD,53.66,58.04,53.51,57.13,1823895389
2022-05-18,SOL,SOL-USD,57.12,57.7,49.73,49.76,1745565671
2022-05-19,SOL,SOL-USD,49.79,53.62,48.64,52.21,1958004386
2022-05-20,SOL,SOL-USD,52.21,53.44,48.05,49.54,1830699507
2022-05-21,SOL,SOL-USD,49.54,51.06,48.77,50.32,979492374
2022-05-22,SOL,SOL-USD,50.32,53.02,49.86,52.76,1105760506
2022-05-23,SOL,SOL-USD,52.74,54.47,48.93,49.06,1661669360
2022-05-24,SOL,SOL-USD,49.06,50.58,47.5,49.65,1508166642
2022-05-25,SOL,SOL-USD,49.65,50.44,47.67,47.98,1304580067
2022-05-26,SOL,SOL-USD,47.98,48.55,42.32,43.49,2208994514
2022-05-27,SOL,SOL-USD,43.47,43.81,40.27,40.98,2256358026
2022-05-28,SOL,SOL-USD,41.49,44.66,40.55,44.34,1254325884
2022-05-29,SOL,SOL-USD,44.34,45.39,42.0,44.91,1317843243
2022-05-30,SOL,SOL-USD,44.91,47.94,44.36,47.18,1708817065
2022-05-31,SOL,SOL-USD,47.18,48.04,44.84,45.77,1509191627
2022-06-01,SOL,SOL-USD,45.77,45.95,40.05,40.27,1422647092
2022-06-02,SOL,SOL-USD,40.26,41.33,38.36,40.89,1554022054
2022-06-03,SOL,SOL-USD,40.9,41.43,37.8,38.26,1348656102
2022-06-04,SOL,SOL-USD,38.27,39.04,36.04,38.93,1130762770
2022-06-05,SOL,SOL-USD,38.93,40.0,38.04,38.48,998532387
2022-06-06,SOL,SOL-USD,38.5,44.45,38.44,42.43,1955057411
2022-06-07,SOL,SOL-USD,42.43,42.45,37.78,39.44,1974825213
2022-06-08,SOL,SOL-USD,39.43,40.53,38.4,38.84,1211034282
2022-06-09,SOL,SOL-USD,38.85,41.72,38.56,39.97,1265873005
2022-06-10,SOL,SOL-USD,39.97,40.77,37.0,37.09,1177042406
2022-06-11,SOL,SOL-USD,37.09,37.84,33.44,33.82,1086904917
2022-06-12,SOL,SOL-USD,33.84,34.23,30.74,30.74,1430666510
2022-06-13,SOL,SOL-USD,30.73,30.92,26.14,28.19,2577135234
2022-06-14,SOL,SOL-USD,28.18,31.61,26.06,29.71,2317785256
2022-06-15,SOL,SOL-USD,29.7,34.57,26.87,34.49,2574959860
2022-06-16,SOL,SOL-USD,34.51,35.71,29.73,29.99,1908909523
2022-06-17,SOL,SOL-USD,30.0,32.01,29.48,30.74,1283536081
2022-06-18,SOL,SOL-USD,30.74,31.84,27.46,31.81,1804420726
2022-06-19,SOL,SOL-USD,31.81,35.16,28.91,34.24,2005402608
2022-06-20,SOL,SOL-USD,34.24,36.76,31.89,35.42,1958378683
2022-06-21,SOL,SOL-USD,35.4,38.8,34.4,36.12,1790090431
2022-06-22,SOL,SOL-USD,36.18,36.7,33.8,34.12,1533123071
2022-06-23,SOL,SOL-USD,34.12,38.35,34.08,38.18,1666479184
2022-06-24,SOL,SOL-USD,38.2,42.73,37.85,42.21,1765927064
2022-06-25,SOL,SOL-USD,42.2,42.49,39.88,42.33,1271293523
2022-06-26,SOL,SOL-USD,42.3,42.34,39.38,39.41,1138724690
2022-06-27,SOL,SOL-USD,39.41,41.08,38.17,38.45,1253389517
2022-06-28,SOL,SOL-USD,38.45,39.71,35.23,35.33,1361946847
2022-06-29,SOL,SOL-USD,35.33,35.97,33.25,33.87,1366803516
2022-06-30,SOL,SOL-USD,33.91,34.05,31.06,33.59,1321861663
2022-07-01,SOL,SOL-USD,33.65,35.23,31.93,32.8,1427407655
2022-07-02,SOL,SOL-USD,32.81,33.93,31.96,33.36,765552187
2022-07-03,SOL,SOL-USD,33.36,33.58,32.22,33.39,605659825
2022-07-04,SOL,SOL-USD,33.39,36.81,32.52,36.79,1091202628
2022-07-05,SOL,SOL-USD,36.76,36.87,33.27,35.4,1569156882
2022-07-06,SOL,SOL-USD,35.4,37.48,34.89,37.07,1410588451
2022-07-07,SOL,SOL-USD,37.08,39.12,36.5,38.52,1189167903
2022-07-08,SOL,SOL-USD,38.52,39.35,36.56,38.29,1485794730
2022-07-09,SOL,SOL-USD,38.29,38.79,37.87,38.07,789899204
2022-07-10,SOL,SOL-USD,38.07,38.07,36.39,36.7,714119421
2022-07-11,SOL,SOL-USD,36.69,36.69,33.34,33.46,930216020
2022-07-12,SOL,SOL-USD,33.47,34.5,32.76,32.76,916386230
2022-07-13,SOL,SOL-USD,32.75,34.94,31.96,34.91,1313110217
2022-07-14,SOL,SOL-USD,34.91,37.22,33.69,37.11,1320137563
2022-07-15,SOL,SOL-USD,37.11,38.85,36.65,37.42,1266226950
2022-07-16,SOL,SOL-USD,37.41,40.08,36.4,39.57,1149921714
2022-07-17,SOL,SOL-USD,39.58,40.97,38.55,38.64,1119935904
2022-07-18,SOL,SOL-USD,38.65,43.75,38.61,43.75,1793335611
2022-07-19,SOL,SOL-USD,43.67,47.1,42.72,44.9,2530289999
2022-07-20,SOL,SOL-USD,44.9,46.1,41.64,42.09,2020822242
2022-07-21,SOL,SOL-USD,42.09,43.92,39.82,43.19,1926399176
2022-07-22,SOL,SOL-USD,43.19,44.22,40.14,40.62,1523873136
2022-07-23,SOL,SOL-USD,40.59,41.83,38.71,40.04,1151436691
2022-07-24,SOL,SOL-USD,40.04,42.02,39.61,41.01,1115260733
2022-07-25,SOL,SOL-USD,41.01,41.05,36.71,36.71,1465847128
2022-07-26,SOL,SOL-USD,36.72,36.72,34.82,36.19,1362323126
2022-07-27,SOL,SOL-USD,36.2,40.39,35.76,40.31,1829226049
2022-07-28,SOL,SOL-USD,40.3,44.07,39.13,42.85,2454901807
2022-07-29,SOL,SOL-USD,42.88,44.23,41.28,41.93,2066610408
2022-07-30,SOL,SOL-USD,41.92,46.48,41.62,43.76,1980341418
2022-07-31,SOL,SOL-USD,43.76,45.05,42.35,42.4,1356657075
2022-08-01,SOL,SOL-USD,42.4,43.12,40.74,41.79,1082119921
2022-08-02,SOL,SOL-USD,41.77,42.33,39.75,39.75,1205226999
2022-08-03,SOL,SOL-USD,39.75,40.73,37.89,38.54,2312325350
2022-08-04,SOL,SOL-USD,38.54,39.68,38.04,38.83,1235137178
2022-08-05,SOL,SOL-USD,38.82,41.17,38.8,40.56,1198859111
2022-08-06,SOL,SOL-USD,40.56,40.85,39.95,40.06,650997770
2022-08-07,SOL,SOL-USD,40.06,41.49,39.34,40.61,614104051
2022-08-08,SOL,SOL-USD,40.61,43.54,40.6,42.17,1117550363
2022-08-09,SOL,SOL-USD,42.18,42.7,39.94,40.37,895263875
2022-08-10,SOL,SOL-USD,40.37,42.61,39.26,42.37,1389333742
2022-08-11,SOL,SOL-USD,42.37,45.12,42.37,42.82,1735349568
2022-08-12,SOL,SOL-USD,42.82,45.38,42.23,45.33,1128246063
2022-08-13,SOL,SOL-USD,45.34,48.18,45.34,46.49,1416039040
2022-08-14,SOL,SOL-USD,46.51,47.96,44.69,44.92,1061034922
2022-08-15,SOL,SOL-USD,44.92,47.13,42.91,43.82,1364253429
2022-08-16,SOL,SOL-USD,43.81,44.19,42.78,43.16,1131452045
2022-08-17,SOL,SOL-USD,43.15,44.63,40.29,40.4,1336772691
2022-08-18,SOL,SOL-USD,40.43,41.61,39.53,39.55,885648540
2022-08-19,SOL,SOL-USD,39.54,39.54,35.76,35.89,1821467945
2022-08-20,SOL,SOL-USD,35.88,37.22,34.36,35.27,1203622743
2022-08-21,SOL,SOL-USD,35.26,36.98,34.78,36.53,982071275
2022-08-22,SOL,SOL-USD,36.53,36.53,33.9,35.47,1139846770
2022-08-23,SOL,SOL-USD,35.48,36.05,34.31,35.65,854779221
2022-08-24,SOL,SOL-USD,35.65,36.29,34.43,34.96,946325778
2022-08-25,SOL,SOL-USD,34.96,36.42,34.93,35.32,828503624
2022-08-26,SOL,SOL-USD,35.31,35.58,31.5,31.73,1315871629
2022-08-27,SOL,SOL-USD,31.71,32.21,30.95,31.54,764882265
2022-08-28,SOL,SOL-USD,31.54,32.13,30.39,30.39,562501615
2022-08-29,SOL,SOL-USD,30.39,32.52,30.12,32.47,891913484
2022-08-30,SOL,SOL-USD,32.46,33.07,30.8,31.41,861409804
2022-08-31,SOL,SOL-USD,31.42,32.88,31.24,31.47,769308937
2022-09-01,SOL,SOL-USD,31.48,31.71,30.51,31.59,666487074
2022-09-02,SOL,SOL-USD,31.58,32.36,30.84,31.23,659575995
2022-09-03,SOL,SOL-USD,31.23,31.23,30.86,31.11,314531753
2022-09-04,SOL,SOL-USD,31.11,32.14,31.08,32.11,392954663
2022-09-05,SOL,SOL-USD,32.11,32.37,31.21,32.19,512588616
2022-09-06,SOL,SOL-USD,32.2,33.79,30.64,30.89,1196204019
2022-09-07,SOL,SOL-USD,30.88,32.9,30.49,32.71,779212909
2022-09-08,SOL,SOL-USD,32.71,33.8,32.1,33.61,978070646
2022-09-09,SOL,SOL-USD,33.61,35.8,33.61,34.74,1186140934
2022-09-10,SOL,SOL-USD,34.73,35.36,34.37,35.13,731145106
2022-09-11,SOL,SOL-USD,35.12,35.9,34.12,34.97,757216096
2022-09-12,SOL,SOL-USD,34.97,38.17,34.51,37.42,1701399970
2022-09-13,SOL,SOL-USD,37.42,38.87,32.87,33.43,1785181627
2022-09-14,SOL,SOL-USD,33.02,34.28,32.87,34.09,1003604224
2022-09-15,SOL,SOL-USD,34.09,34.72,32.72,33.05,1139377803
2022-09-16,SOL,SOL-USD,33.04,33.2,31.64,32.21,765952525
2022-09-17,SOL,SOL-USD,32.21,33.85,32.21,33.75,501302380
2022-09-18,SOL,SOL-USD,33.75,33.95,30.98,31.06,694870049
2022-09-19,SOL,SOL-USD,31.05,32.99,30.69,32.69,971182780
2022-09-20,SOL,SOL-USD,32.69,32.79,31.39,31.43,819978937
2022-09-21,SOL,SOL-USD,31.43,33.13,30.2,30.83,1193686258
2022-09-22,SOL,SOL-USD,30.82,32.81,30.64,32.41,833702543
2022-09-23,SOL,SOL-USD,32.41,33.91,31.36,33.68,982495447
2022-09-24,SOL,SOL-USD,33.68,34.7,33.27,33.46,872691785
2022-09-25,SOL,SOL-USD,33.46,33.99,32.01,32.34,610529879
2022-09-26,SOL,SOL-USD,32.34,33.88,31.96,33.88,936313674
2022-09-27,SOL,SOL-USD,33.88,35.24,32.27,32.75,1223724195
2022-09-28,SOL,SOL-USD,32.74,33.74,31.73,33.24,998520503
2022-09-29,SOL,SOL-USD,33.24,34.34,32.79,33.95,951223921
2022-09-30,SOL,SOL-USD,33.95,35.13,32.74,33.21,1210784941
2022-10-01,SOL,SOL-USD,33.22,33.23,32.47,32.47,572976679
2022-10-02,SOL,SOL-USD,32.47,33.0,32.0,32.06,532211084
2022-10-03,SOL,SOL-USD,32.06,33.2,31.95,32.97,633204077
2022-10-04,SOL,SOL-USD,32.96,34.34,32.88,34.12,717157069
2022-10-05,SOL,SOL-USD,34.12,34.31,33.28,34.07,655950188
2022-10-06,SOL,SOL-USD,34.07,34.46,33.33,33.34,712289836
2022-10-07,SOL,SOL-USD,33.34,33.73,32.55,33.0,649212486
2022-10-08,SOL,SOL-USD,33.0,33.04,32.45,32.58,367021196
2022-10-09,SOL,SOL-USD,32.58,33.1,32.48,32.91,405849928
2022-10-10,SOL,SOL-USD,32.91,33.34,31.97,31.97,640691958
2022-10-11,SOL,SOL-USD,31.97,31.97,30.58,30.78,733071932
2022-10-12,SOL,SOL-USD,30.78,31.46,30.73,31.17,490127096
2022-10-13,SOL,SOL-USD,31.16,31.18,28.2,30.54,1302451856
2022-10-14,SOL,SOL-USD,30.54,31.91,29.76,30.01,836283411
2022-10-15,SOL,SOL-USD,30.01,30.15,29.53,29.58,547825492
2022-10-16,SOL,SOL-USD,29.58,30.44,29.58,30.17,608389719
2022-10-17,SOL,SOL-USD,30.17,31.26,29.88,31.22,658840500
2022-10-18,SOL,SOL-USD,31.22,31.41,29.83,30.16,715092973
2022-10-19,SOL,SOL-USD,30.16,30.21,28.83,28.9,697269954
2022-10-20,SOL,SOL-USD,28.89,29.43,28.07,28.09,803871622
2022-10-21,SOL,SOL-USD,28.08,28.24,26.99,28.11,967208274
2022-10-22,SOL,SOL-USD,28.11,28.14,27.56,28.01,474234383
2022-10-23,SOL,SOL-USD,28.01,29.33,27.86,29.27,633157057
2022-10-24,SOL,SOL-USD,29.27,29.41,28.22,28.31,667625312
2022-10-25,SOL,SOL-USD,28.31,32.19,28.12,30.94,1336242036
2022-10-26,SOL,SOL-USD,30.93,31.84,30.77,31.28,1250974763
2022-10-27,SOL,SOL-USD,31.29,32.2,30.59,30.63,1275994871
2022-10-28,SOL,SOL-USD,30.63,32.45,30.19,32.11,1063403956
2022-10-29,SOL,SOL-USD,32.11,33.74,31.92,32.86,1165931963
2022-10-30,SOL,SOL-USD,32.86,33.48,32.06,32.97,731319297
2022-10-31,SOL,SOL-USD,32.96,34.31,32.29,32.61,1174404933
2022-11-01,SOL,SOL-USD,32.61,33.33,32.2,32.25,729292793
2022-11-02,SOL,SOL-USD,32.25,32.83,30.29,30.79,1166999748
2022-11-03,SOL,SOL-USD,30.79,32.14,30.68,30.84,832207929
2022-11-04,SOL,SOL-USD,30.84,34.1,30.73,33.78,1364403572
2022-11-05,SOL,SOL-USD,33.78,38.55,33.74,36.77,2470595904
2022-11-06,SOL,SOL-USD,36.77,36.9,32.55,32.68,1650006613
2022-11-07,SOL,SOL-USD,32.68,33.07,28.93,29.6,2545092967
2022-11-08,SOL,SOL-USD,29.6,31.06,21.78,24.15,6120104231
2022-11-09,SOL,SOL-USD,24.16,24.16,12.51,13.94,4647808136
2022-11-10,SOL,SOL-USD,13.99,18.68,13.41,17.68,4084381465
2022-11-11,SOL,SOL-USD,17.66,18.14,15.51,16.33,2191908978
2022-11-12,SOL,SOL-USD,16.34,16.41,14.54,14.54,866923655
2022-11-13,SOL,SOL-USD,14.54,14.66,13.12,13.16,880792311
2022-11-14,SOL,SOL-USD,13.17,14.89,12.25,14.0,1365413449
2022-11-15,SOL,SOL-USD,14.0,14.97,13.93,14.3,833458645
2022-11-16,SOL,SOL-USD,14.3,14.56,13.71,14.29,487495993
2022-11-17,SOL,SOL-USD,14.29,14.46,13.08,13.64,673219780
2022-11-18,SOL,SOL-USD,13.64,13.79,13.04,13.25,357193046
2022-11-19,SOL,SOL-USD,13.25,13.26,12.64,12.85,314294255
2022-11-20,SOL,SOL-USD,12.85,13.42,12.2,12.25,508411732
2022-11-21,SOL,SOL-USD,12.25,12.26,11.34,11.85,504498729
2022-11-22,SOL,SOL-USD,11.84,12.47,11.01,12.44,529418278
2022-11-23,SOL,SOL-USD,12.44,14.4,12.43,14.35,859905329
2022-11-24,SOL,SOL-USD,14.35,14.85,13.92,14.58,620159372
2022-11-25,SOL,SOL-USD,14.58,14.58,13.96,14.06,323667943
2022-11-26,SOL,SOL-USD,14.06,14.89,14.03,14.16,333271818
2022-11-27,SOL,SOL-USD,14.16,14.41,14.08,14.12,225035409
2022-11-28,SOL,SOL-USD,14.11,14.15,12.82,13.4,447463511
2022-11-29,SOL,SOL-USD,13.4,13.9,13.28,13.37,265372933
2022-11-30,SOL,SOL-USD,13.37,14.22,13.31,14.12,331594403
2022-12-01,SOL,SOL-USD,14.13,14.15,13.44,13.48,232200065
2022-12-02,SOL,SOL-USD,13.48,13.77,13.38,13.72,245049936
2022-12-03,SOL,SOL-USD,13.72,13.73,13.28,13.3,161314094
2022-12-04,SOL,SOL-USD,13.3,13.72,13.3,13.72,141802483
2022-12-05,SOL,SOL-USD,13.72,14.14,13.63,13.83,335440747
2022-12-06,SOL,SOL-USD,13.83,14.32,13.83,14.29,279979830
2022-12-07,SOL,SOL-USD,14.29,14.31,13.5,13.52,223134812
2022-12-08,SOL,SOL-USD,13.52,13.75,13.31,13.69,195918913
2022-12-09,SOL,SOL-USD,13.69,13.98,13.54,13.58,211833041
2022-12-10,SOL,SOL-USD,13.58,13.7,13.57,13.58,109293691
2022-12-11,SOL,SOL-USD,13.58,13.78,13.41,13.43,117436002
2022-12-12,SOL,SOL-USD,13.43,13.46,12.95,13.32,205298705
2022-12-13,SOL,SOL-USD,13.32,14.06,12.83,13.83,315949878
2022-12-14,SOL,SOL-USD,13.84,14.89,13.83,14.14,441479811
2022-12-15,SOL,SOL-USD,14.14,14.47,13.91,14.02,272679087
2022-12-16,SOL,SOL-USD,14.02,14.15,12.15,12.27,358747840
2022-12-17,SOL,SOL-USD,12.27,12.51,11.99,12.5,222801055
2022-12-18,SOL,SOL-USD,12.5,12.57,12.31,12.41,110722042
2022-12-19,SOL,SOL-USD,12.42,12.57,11.74,11.93,206060595
2022-12-20,SOL,SOL-USD,11.93,12.44,11.88,12.28,177388342
2022-12-21,SOL,SOL-USD,12.28,12.28,11.93,12.13,167974882
2022-12-22,SOL,SOL-USD,12.13,12.17,11.72,11.79,181200151
2022-12-23,SOL,SOL-USD,11.79,12.08,11.76,11.79,157181374
2022-12-24,SOL,SOL-USD,11.79,11.79,11.24,11.44,202780776
2022-12-25,SOL,SOL-USD,11.44,11.53,11.27,11.39,105389060
2022-12-26,SOL,SOL-USD,11.39,11.45,11.14,11.31,132410401
2022-12-27,SOL,SOL-USD,11.31,11.39,10.77,11.09,223332961
2022-12-28,SOL,SOL-USD,11.08,11.1,9.52,9.76,468728777
2022-12-29,SOL,SOL-USD,9.76,9.83,8.14,9.65,772500177
2022-12-30,SOL,SOL-USD,9.65,10.02,9.06,9.88,837030648
2022-12-31,SOL,SOL-USD,9.88,10.15,9.69,9.96,285758573
2023-01-01,SOL,SOL-USD,9.96,10.05,9.72,9.98,194221164
2023-01-02,SOL,SOL-USD,9.98,11.37,9.85,11.27,558570124
2023-01-03,SOL,SOL-USD,11.27,13.5,11.05,13.34,1149255381
2023-01-04,SOL,SOL-USD,13.35,14.1,12.92,13.44,1142852070
2023-01-05,SOL,SOL-USD,13.43,13.77,12.99,13.42,564255825
2023-01-06,SOL,SOL-USD,13.42,13.54,12.77,13.53,517147909
2023-01-07,SOL,SOL-USD,13.53,13.53,13.06,13.09,210349250
2023-01-08,SOL,SOL-USD,13.09,14.33,12.92,14.32,535020165
2023-01-09,SOL,SOL-USD,14.33,17.36,14.33,16.3,2029272608
2023-01-10,SOL,SOL-USD,16.3,16.64,15.71,16.2,833408341
2023-01-11,SOL,SOL-USD,16.2,16.45,15.37,16.36,630606082
2023-01-12,SOL,SOL-USD,16.79,16.81,15.74,16.62,884719784
2023-01-13,SOL,SOL-USD,16.62,18.51,16.38,18.29,1037251176
2023-01-14,SOL,SOL-USD,18.29,24.57,18.27,24.25,3399684035
2023-01-15,SOL,SOL-USD,24.26,24.65,22.12,22.87,1661787281
2023-01-16,SOL,SOL-USD,22.88,24.75,22.59,23.58,1596086615
2023-01-17,SOL,SOL-USD,23.58,23.8,22.88,22.88,926501252
2023-01-18,SOL,SOL-USD,22.89,23.48,20.69,20.85,1427677518
2023-01-19,SOL,SOL-USD,20.85,21.77,20.53,21.43,799641392
2023-01-20,SOL,SOL-USD,21.43,25.68,21.0,25.55,1419157455
2023-01-21,SOL,SOL-USD,25.55,26.41,24.61,24.63,1948796870
2023-01-22,SOL,SOL-USD,24.62,25.39,23.76,24.23,1029738787
2023-01-23,SOL,SOL-USD,24.23,24.89,23.97,24.36,874649827
2023-01-24,SOL,SOL-USD,24.35,25.17,22.65,22.8,837211317
2023-01-25,SOL,SOL-USD,22.8,25.22,22.4,24.57,1166026842
2023-01-26,SOL,SOL-USD,24.56,25.12,23.95,24.35,809826004
2023-01-27,SOL,SOL-USD,24.35,24.86,23.5,24.41,682926581
2023-01-28,SOL,SOL-USD,24.41,25.02,23.84,23.98,489857934
2023-01-29,SOL,SOL-USD,23.98,26.65,23.83,26.13,1131621628
2023-01-30,SOL,SOL-USD,26.14,26.25,23.49,23.95,1084170329
2023-01-31,SOL,SOL-USD,23.95,24.34,23.59,23.95,617019880
2023-02-01,SOL,SOL-USD,23.95,25.13,22.64,24.99,984317489
2023-02-02,SOL,SOL-USD,24.99,26.04,24.25,24.27,1017290364
2023-02-03,SOL,SOL-USD,24.26,25.0,24.12,24.68,643813200
2023-02-04,SOL,SOL-USD,24.68,24.89,24.32,24.32,321758043
2023-02-05,SOL,SOL-USD,24.32,24.43,23.12,23.49,578466008
2023-02-06,SOL,SOL-USD,23.49,23.69,22.6,22.71,449884793
2023-02-07,SOL,SOL-USD,22.7,23.9,22.61,23.86,625438600
2023-02-08,SOL,SOL-USD,23.86,24.15,22.88,23.19,534148944
2023-02-09,SOL,SOL-USD,23.2,23.28,20.2,20.45,797436250
2023-02-10,SOL,SOL-USD,20.45,21.12,19.84,20.13,654189930
2023-02-11,SOL,SOL-USD,20.13,20.86,20.12,20.83,267159267
2023-02-12,SOL,SOL-USD,20.83,22.26,20.65,21.49,532943787
2023-02-13,SOL,SOL-USD,21.49,21.53,19.87,20.79,693292656
2023-02-14,SOL,SOL-USD,20.78,22.25,20.71,21.82,865868623
2023-02-15,SOL,SOL-USD,21.82,23.9,21.5,23.88,747616299
2023-02-16,SOL,SOL-USD,23.88,24.03,22.26,22.29,885086333
2023-02-17,SOL,SOL-USD,22.28,23.49,22.15,23.17,580803415
2023-02-18,SOL,SOL-USD,23.17,23.76,22.97,23.48,370892073
2023-02-19,SOL,SOL-USD,23.48,25.52,23.27,24.84,993875671
2023-02-20,SOL,SOL-USD,24.85,26.93,24.34,26.18,1459545676
2023-02-21,SOL,SOL-USD,26.18,26.42,24.67,24.95,925847245
2023-02-22,SOL,SOL-USD,24.95,25.14,23.38,24.18,892548647
2023-02-23,SOL,SOL-USD,24.18,24.64,23.68,23.9,579213279
2023-02-24,SOL,SOL-USD,23.9,24.06,22.64,23.05,612377428
2023-02-25,SOL,SOL-USD,23.06,23.27,21.64,22.52,547286025
2023-02-26,SOL,SOL-USD,22.52,23.48,22.32,23.26,370371591
2023-02-27,SOL,SOL-USD,23.26,23.37,22.4,22.69,475987023
2023-02-28,SOL,SOL-USD,22.69,22.73,21.83,21.92,351065863
2023-03-01,SOL,SOL-USD,21.91,22.8,21.74,22.51,346532018
2023-03-02,SOL,SOL-USD,22.51,22.58,21.73,21.98,322545445
2023-03-03,SOL,SOL-USD,21.99,22.0,20.54,21.4,489228523
2023-03-04,SOL,SOL-USD,21.4,21.54,20.37,20.97,249364880
2023-03-05,SOL,SOL-USD,20.97,21.62,20.9,20.98,278729462
2023-03-06,SOL,SOL-USD,20.98,21.1,20.52,20.64,318022843
2023-03-07,SOL,SOL-USD,20.63,20.89,19.82,20.24,394901279
2023-03-08,SOL,SOL-USD,20.24,20.33,18.29,18.42,620543521
2023-03-09,SOL,SOL-USD,18.42,18.69,16.94,17.31,754162560
2023-03-10,SOL,SOL-USD,17.31,18.32,16.12,18.24,944032048
2023-03-11,SOL,SOL-USD,18.24,18.85,17.17,18.23,696894876
2023-03-12,SOL,SOL-USD,18.22,20.39,17.94,20.31,666940879
2023-03-13,SOL,SOL-USD,20.31,21.34,18.96,20.43,1161164364
2023-03-14,SOL,SOL-USD,20.43,22.11,19.91,20.93,1130224251
2023-03-15,SOL,SOL-USD,20.94,21.49,18.83,19.29,816614774
2023-03-16,SOL,SOL-USD,19.3,19.88,19.04,19.73,438673097
2023-03-17,SOL,SOL-USD,19.73,21.68,19.5,21.63,623518286
2023-03-18,SOL,SOL-USD,21.63,22.86,21.14,21.2,789771840
2023-03-19,SOL,SOL-USD,21.2,22.45,21.2,21.9,475166077
2023-03-20,SOL,SOL-USD,21.9,23.83,21.59,22.18,1147250538
2023-03-21,SOL,SOL-USD,22.18,23.22,21.64,22.62,745081556
2023-03-22,SOL,SOL-USD,22.61,23.07,21.15,21.48,851680842
2023-03-23,SOL,SOL-USD,21.48,22.7,21.22,22.22,555730954
2023-03-24,SOL,SOL-USD,22.21,22.26,20.36,20.68,547225198
2023-03-25,SOL,SOL-USD,20.68,20.95,20.18,20.45,272949711
2023-03-26,SOL,SOL-USD,20.44,21.13,20.35,20.98,226663968
2023-03-27,SOL,SOL-USD,20.98,20.98,19.51,19.92,359607077
2023-03-28,SOL,SOL-USD,19.92,20.76,19.67,20.47,347656506
2023-03-29,SOL,SOL-USD,20.47,21.51,20.46,21.11,378726667
2023-03-30,SOL,SOL-USD,21.11,21.59,20.23,20.55,472449267
2023-03-31,SOL,SOL-USD,20.55,21.44,20.16,21.17,352864960
2023-04-01,SOL,SOL-USD,21.17,21.31,20.86,20.98,209186327
2023-04-02,SOL,SOL-USD,21.09,21.29,20.32,20.54,229561591
2023-04-03,SOL,SOL-USD,20.54,20.93,20.02,20.44,437266506
2023-04-04,SOL,SOL-USD,20.44,21.24,20.35,20.92,305630170
2023-04-05,SOL,SOL-USD,20.92,21.32,20.67,20.97,324885702
2023-04-06,SOL,SOL-USD,20.97,20.97,20.51,20.61,222557225
2023-04-07,SOL,SOL-USD,20.61,20.77,20.27,20.47,171660856
2023-04-08,SOL,SOL-USD,20.47,20.71,19.95,20.04,194413927
2023-04-09,SOL,SOL-USD,20.04,20.42,19.96,20.3,152580905
2023-04-10,SOL,SOL-USD,20.3,20.94,20.12,20.88,224169192
2023-04-11,SOL,SOL-USD,20.88,23.64,20.86,23.02,1083533914
2023-04-12,SOL,SOL-USD,23.02,24.34,22.42,23.99,1204250258
2023-04-13,SOL,SOL-USD,23.81,25.24,23.7,24.43,792335438
2023-04-14,SOL,SOL-USD,24.44,25.46,23.82,24.77,859037933
2023-04-15,SOL,SOL-USD,24.77,24.77,23.87,24.08,379745930
2023-04-16,SOL,SOL-USD,24.08,25.45,23.95,25.36,466841333
2023-04-17,SOL,SOL-USD,25.36,25.94,24.41,24.56,789077237
2023-04-18,SOL,SOL-USD,24.56,25.42,24.1,24.85,487693856
2023-04-19,SOL,SOL-USD,24.85,24.94,22.27,22.71,836873906
2023-04-20,SOL,SOL-USD,22.7,23.12,21.66,22.18,658826580
2023-04-21,SOL,SOL-USD,22.18,22.38,21.13,21.28,489546774
2023-04-22,SOL,SOL-USD,21.28,21.95,21.11,21.82,246809009
2023-04-23,SOL,SOL-USD,21.82,22.22,21.07,21.48,314447869
2023-04-24,SOL,SOL-USD,21.48,21.95,21.08,21.39,358681450
2023-04-25,SOL,SOL-USD,21.39,21.94,20.78,21.93,367752382
2023-04-26,SOL,SOL-USD,21.93,22.92,20.57,21.28,690088236
2023-04-27,SOL,SOL-USD,21.28,22.48,21.23,22.34,509745191
2023-04-28,SOL,SOL-USD,22.34,23.46,22.21,23.37,511781472
2023-04-29,SOL,SOL-USD,23.37,23.75,22.99,23.18,369964075
2023-04-30,SOL,SOL-USD,23.18,23.93,22.83,22.83,368042267
2023-05-01,SOL,SOL-USD,22.83,22.88,21.64,21.99,438350469
2023-05-02,SOL,SOL-USD,21.99,22.37,21.77,22.26,296722866
2023-05-03,SOL,SOL-USD,22.27,22.27,21.28,22.22,445797367
2023-05-04,SOL,SOL-USD,22.22,22.44,21.65,21.73,291826693
2023-05-05,SOL,SOL-USD,21.73,23.03,21.71,22.83,423211212
2023-05-06,SOL,SOL-USD,22.83,23.22,21.73,21.97,351934449
2023-05-07,SOL,SOL-USD,21.97,22.74,21.81,21.84,303626005
2023-05-08,SOL,SOL-USD,21.81,21.81,20.26,20.66,553548056
2023-05-09,SOL,SOL-USD,20.66,20.96,20.46,20.68,272780907
2023-05-10,SOL,SOL-USD,20.68,21.3,20.17,20.95,490700208
2023-05-11,SOL,SOL-USD,20.96,20.96,19.86,20.23,376535594
2023-05-12,SOL,SOL-USD,20.23,20.93,19.86,20.91,362726295
2023-05-13,SOL,SOL-USD,20.92,21.25,20.82,20.87,224618367
2023-05-14,SOL,SOL-USD,20.87,21.24,20.67,20.95,184522451
2023-05-15,SOL,SOL-USD,20.95,21.49,20.65,21.01,307353987
2023-05-16,SOL,SOL-USD,21.01,21.12,20.48,20.68,279283146
2023-05-17,SOL,SOL-USD,20.68,21.17,20.5,21.07,279742763
2023-05-18,SOL,SOL-USD,21.07,21.07,20.17,20.35,293327002
2023-05-19,SOL,SOL-USD,20.35,20.56,20.31,20.35,149073606
2023-05-20,SOL,SOL-USD,20.35,20.36,20.15,20.29,121021517
2023-05-21,SOL,SOL-USD,20.29,20.38,19.51,19.61,210641913
2023-05-22,SOL,SOL-USD,19.61,19.98,19.38,19.54,216922971
2023-05-23,SOL,SOL-USD,19.54,20.15,19.45,20.04,258761187
2023-05-24,SOL,SOL-USD,20.04,20.06,18.91,19.22,297840141
2023-05-25,SOL,SOL-USD,19.22,19.53,18.89,19.26,194537149
2023-05-26,SOL,SOL-USD,19.26,19.54,19.12,19.37,140228468
2023-05-27,SOL,SOL-USD,19.37,20.5,19.35,20.43,179682882
2023-05-28,SOL,SOL-USD,20.43,21.15,20.34,20.8,291460886
2023-05-29,SOL,SOL-USD,20.8,20.97,20.3,20.59,228295637
2023-05-30,SOL,SOL-USD,20.59,21.38,20.52,21.25,367512387
2023-05-31,SOL,SOL-USD,21.26,21.32,20.47,20.82,246152341
2023-06-01,SOL,SOL-USD,20.82,20.97,20.46,20.5,209047110
2023-06-02,SOL,SOL-USD,20.5,21.36,20.38,21.26,237609887
2023-06-03,SOL,SOL-USD,21.26,21.34,21.02,21.16,144933830
2023-06-04,SOL,SOL-USD,21.16,22.28,21.06,21.82,317802167
2023-06-05,SOL,SOL-USD,21.82,22.04,19.42,20.08,594214946
2023-06-06,SOL,SOL-USD,20.06,20.68,19.32,20.4,441408235
2023-06-07,SOL,SOL-USD,20.4,20.49,18.55,18.63,390444801
2023-06-08,SOL,SOL-USD,18.64,19.08,18.29,18.91,258460307
2023-06-09,SOL,SOL-USD,18.91,19.3,17.16,17.38,463344687
2023-06-10,SOL,SOL-USD,17.38,17.39,13.38,15.66,1230339924
2023-06-11,SOL,SOL-USD,15.65,16.12,15.2,15.56,446176848
2023-06-12,SOL,SOL-USD,15.56,15.61,14.82,15.2,384209938
2023-06-13,SOL,SOL-USD,15.2,15.87,14.82,15.02,363876713
2023-06-14,SOL,SOL-USD,15.02,15.31,14.2,14.49,296502336
2023-06-15,SOL,SOL-USD,14.49,15.01,14.21,14.76,329864409
2023-06-16,SOL,SOL-USD,14.76,15.4,14.47,15.31,232544705
2023-06-17,SOL,SOL-USD,15.31,16.07,15.19,15.65,206436912
2023-06-18,SOL,SOL-USD,15.65,15.81,15.36,15.44,141612316
2023-06-19,SOL,SOL-USD,15.44,16.08,15.41,16.07,163949883
2023-06-20,SOL,SOL-USD,16.08,16.67,15.76,16.64,265787114
2023-06-21,SOL,SOL-USD,16.64,17.38,16.58,17.26,357788986
2023-06-22,SOL,SOL-USD,17.26,17.7,16.61,16.64,299233520
2023-06-23,SOL,SOL-USD,16.64,17.51,16.24,17.15,386994632
2023-06-24,SOL,SOL-USD,17.15,17.52,16.46,16.65,260480952
2023-06-25,SOL,SOL-USD,16.65,17.34,16.61,16.97,252839095
2023-06-26,SOL,SOL-USD,16.97,17.1,16.02,16.27,275948459
2023-06-27,SOL,SOL-USD,16.27,16.91,16.18,16.62,259041273
2023-06-28,SOL,SOL-USD,16.62,16.63,15.75,15.99,327399744
2023-06-29,SOL,SOL-USD,15.99,18.2,15.91,17.97,737633196
2023-06-30,SOL,SOL-USD,17.97,19.86,17.31,18.9,1120379648
2023-07-01,SOL,SOL-USD,18.9,18.97,17.95,18.68,349552752
2023-07-02,SOL,SOL-USD,18.69,19.7,18.58,19.45,497231250
2023-07-03,SOL,SOL-USD,19.45,19.61,18.94,19.24,324227812
2023-07-04,SOL,SOL-USD,19.24,19.88,19.1,19.14,345225951
2023-07-05,SOL,SOL-USD,19.15,19.36,18.5,18.99,260416081
2023-07-06,SOL,SOL-USD,18.99,20.92,18.89,19.73,903770571
2023-07-07,SOL,SOL-USD,19.73,21.6,19.32,21.48,988591308
2023-07-08,SOL,SOL-USD,21.49,22.4,21.36,21.86,693929963
2023-07-09,SOL,SOL-USD,21.85,22.32,21.09,21.35,405174806
2023-07-10,SOL,SOL-USD,21.35,21.78,20.57,21.31,543191863
2023-07-11,SOL,SOL-USD,21.31,22.29,21.24,22.09,453810523
2023-07-12,SOL,SOL-USD,22.09,22.71,21.83,21.98,541605988
2023-07-13,SOL,SOL-USD,21.98,26.62,21.49,26.03,1527996472
2023-07-14,SOL,SOL-USD,26.02,30.06,25.43,26.74,2184090884
2023-07-15,SOL,SOL-USD,26.73,29.06,26.69,27.39,1323279744
2023-07-16,SOL,SOL-USD,27.4,28.55,26.9,27.38,753056132
2023-07-17,SOL,SOL-USD,27.39,28.38,25.9,26.87,970813262
2023-07-18,SOL,SOL-USD,26.87,27.05,24.82,25.54,696782373
2023-07-19,SOL,SOL-USD,25.55,26.92,25.42,26.37,603189951
2023-07-20,SOL,SOL-USD,26.37,26.9,25.17,25.38,606255421
2023-07-21,SOL,SOL-USD,25.38,25.95,25.14,25.54,410907584
2023-07-22,SOL,SOL-USD,25.54,25.95,24.31,24.54,335432006
2023-07-23,SOL,SOL-USD,24.53,25.21,24.25,24.77,330741258
2023-07-24,SOL,SOL-USD,24.77,24.81,23.07,23.38,492344649
2023-07-25,SOL,SOL-USD,23.38,23.53,22.86,23.28,346742173
2023-07-26,SOL,SOL-USD,23.28,25.52,23.21,25.18,688135176
2023-07-27,SOL,SOL-USD,25.18,25.59,24.72,25.1,514211484
2023-07-28,SOL,SOL-USD,25.1,25.47,24.58,24.85,374045446
2023-07-29,SOL,SOL-USD,24.84,25.37,24.78,25.17,265061245
2023-07-30,SOL,SOL-USD,25.17,25.19,23.85,24.26,365262222
2023-07-31,SOL,SOL-USD,24.26,24.75,23.66,23.72,376948332
2023-08-01,SOL,SOL-USD,23.72,24.0,23.09,24.0,428254164
2023-08-02,SOL,SOL-USD,23.99,24.22,22.98,23.15,393185796
2023-08-03,SOL,SOL-USD,23.14,23.35,22.54,22.64,365983702
2023-08-04,SOL,SOL-USD,22.63,23.52,22.52,22.79,382245804
2023-08-05,SOL,SOL-USD,22.79,22.9,22.33,22.63,250613466
2023-08-06,SOL,SOL-USD,22.63,23.42,22.6,23.19,320595154
2023-08-07,SOL,SOL-USD,23.19,23.5,22.49,23.07,353804981
2023-08-08,SOL,SOL-USD,23.07,24.73,23.02,24.21,495649796
2023-08-09,SOL,SOL-USD,24.21,24.95,24.19,24.38,447009018
2023-08-10,SOL,SOL-USD,24.38,24.81,24.15,24.61,339616018
2023-08-11,SOL,SOL-USD,24.61,24.87,24.36,24.58,314045619
2023-08-12,SOL,SOL-USD,24.59,25.11,24.41,24.91,253389584
2023-08-13,SOL,SOL-USD,24.91,24.91,24.24,24.24,263449955
2023-08-14,SOL,SOL-USD,24.24,25.23,24.1,25.14,359715099
2023-08-15,SOL,SOL-USD,25.15,25.24,23.76,23.9,424193111
2023-08-16,SOL,SOL-USD,23.9,23.99,22.49,22.81,441171937
2023-08-17,SOL,SOL-USD,22.81,23.38,20.3,21.71,620931325
2023-08-18,SOL,SOL-USD,21.71,22.17,21.09,21.34,411279768
2023-08-19,SOL,SOL-USD,21.34,22.15,21.32,21.88,244048976
2023-08-20,SOL,SOL-USD,21.88,22.0,21.63,21.77,198853112
2023-08-21,SOL,SOL-USD,21.77,21.78,20.68,21.21,339125910
2023-08-22,SOL,SOL-USD,21.21,21.25,19.74,20.55,381594696
2023-08-23,SOL,SOL-USD,20.55,21.75,20.45,21.7,404686524
2023-08-24,SOL,SOL-USD,21.71,21.99,20.75,21.03,328472951
2023-08-25,SOL,SOL-USD,21.04,21.05,20.15,20.39,278312420
2023-08-26,SOL,SOL-USD,20.39,20.4,20.22,20.28,144065112
2023-08-27,SOL,SOL-USD,20.28,20.87,20.26,20.79,177496132
2023-08-28,SOL,SOL-USD,20.79,20.79,20.17,20.56,200600033
2023-08-29,SOL,SOL-USD,20.56,21.98,20.13,21.78,469679540
2023-08-30,SOL,SOL-USD,21.78,21.93,20.64,20.83,292322455
2023-08-31,SOL,SOL-USD,20.83,21.01,19.55,19.74,343649256
2023-09-01,SOL,SOL-USD,19.73,19.91,19.09,19.33,286842939
2023-09-02,SOL,SOL-USD,19.33,19.67,19.19,19.49,200858690
2023-09-03,SOL,SOL-USD,19.49,19.66,19.28,19.58,164570332
2023-09-04,SOL,SOL-USD,19.58,19.95,19.24,19.5,220024399
2023-09-05,SOL,SOL-USD,19.5,20.55,19.09,20.27,387328289
2023-09-06,SOL,SOL-USD,20.27,20.35,19.22,19.62,313630984
2023-09-07,SOL,SOL-USD,19.62,19.97,19.37,19.89,242438252
2023-09-08,SOL,SOL-USD,19.89,20.21,19.42,19.6,219114497
2023-09-09,SOL,SOL-USD,19.6,19.6,19.4,19.45,101925453
2023-09-10,SOL,SOL-USD,19.45,19.45,17.87,18.25,520683204
2023-09-11,SOL,SOL-USD,18.25,18.41,17.46,17.74,380225621
2023-09-12,SOL,SOL-USD,17.74,18.66,17.61,17.93,361388393
2023-09-13,SOL,SOL-USD,17.93,18.51,17.74,18.4,356729875
2023-09-14,SOL,SOL-USD,18.4,19.27,18.4,18.84,349380172
2023-09-15,SOL,SOL-USD,18.84,19.41,18.59,19.17,205202282
2023-09-16,SOL,SOL-USD,19.17,19.42,18.92,19.14,146477836
2023-09-17,SOL,SOL-USD,19.14,19.14,18.71,18.83,112594680
2023-09-18,SOL,SOL-USD,18.83,20.1,18.65,19.66,316245106
2023-09-19,SOL,SOL-USD,19.66,20.36,19.61,20.04,253895801
2023-09-20,SOL,SOL-USD,20.04,20.48,19.85,20.3,233206126
2023-09-21,SOL,SOL-USD,20.3,20.3,19.37,19.48,253809695
2023-09-22,SOL,SOL-USD,19.48,19.77,19.22,19.44,170874161
2023-09-23,SOL,SOL-USD,19.44,19.56,19.31,19.47,97379053
2023-09-24,SOL,SOL-USD,19.47,19.66,19.31,19.37,115380619
2023-09-25,SOL,SOL-USD,19.37,19.7,19.22,19.4,163848456
2023-09-26,SOL,SOL-USD,19.4,19.51,18.94,19.02,170201883
2023-09-27,SOL,SOL-USD,19.02,19.45,18.77,19.13,210385139
2023-09-28,SOL,SOL-USD,19.13,19.96,19.11,19.96,225954938
2023-09-29,SOL,SOL-USD,19.96,20.42,19.88,20.3,219571069
2023-09-30,SOL,SOL-USD,20.3,21.73,20.12,21.4,328987954
2023-10-01,SOL,SOL-USD,21.39,24.4,21.17,23.84,637123111
2023-10-02,SOL,SOL-USD,23.84,24.6,22.98,23.37,658084028
2023-10-03,SOL,SOL-USD,23.37,24.66,23.3,23.55,653491878
2023-10-04,SOL,SOL-USD,23.56,23.75,22.69,23.14,429268875
2023-10-05,SOL,SOL-USD,23.15,23.72,22.63,22.69,361288781
2023-10-06,SOL,SOL-USD,22.69,23.71,22.69,23.42,402665506
2023-10-07,SOL,SOL-USD,23.42,24.1,23.12,23.29,278403509
2023-10-08,SOL,SOL-USD,23.29,23.61,23.14,23.25,190670414
2023-10-09,SOL,SOL-USD,23.24,23.35,21.81,22.12,356967743
2023-10-10,SOL,SOL-USD,22.12,22.46,21.74,22.11,241087146
2023-10-11,SOL,SOL-USD,22.11,22.39,21.68,22.01,278925381
2023-10-12,SOL,SOL-USD,22.01,22.02,21.07,21.3,283320977
2023-10-13,SOL,SOL-USD,21.3,22.16,21.13,21.83,269268807
2023-10-14,SOL,SOL-USD,21.83,22.2,21.82,22.01,174004594
2023-10-15,SOL,SOL-USD,22.01,22.14,21.71,21.92,178940996
2023-10-16,SOL,SOL-USD,21.92,24.41,21.92,23.98,726713710
2023-10-17,SOL,SOL-USD,23.98,24.49,23.64,23.96,520830665
2023-10-18,SOL,SOL-USD,23.96,24.3,23.42,23.43,362606644
2023-10-19,SOL,SOL-USD,23.43,25.39,23.26,24.94,663249208
2023-10-20,SOL,SOL-USD,24.94,27.32,24.77,27.03,910991447
2023-10-21,SOL,SOL-USD,27.03,30.14,26.71,29.39,1160814433
2023-10-22,SOL,SOL-USD,29.38,29.97,28.21,29.04,665340924
2023-10-23,SOL,SOL-USD,29.26,32.47,28.9,31.85,1581590969
2023-10-24,SOL,SOL-USD,31.85,32.36,29.7,30.15,1450364573
2023-10-25,SOL,SOL-USD,30.15,33.69,30.06,32.46,1458706203
2023-10-26,SOL,SOL-USD,32.46,33.22,30.8,32.78,1015617285
2023-10-27,SOL,SOL-USD,32.78,33.3,31.53,31.74,870812666
2023-10-28,SOL,SOL-USD,31.74,32.48,31.51,31.65,380462073
2023-10-29,SOL,SOL-USD,31.65,33.13,31.43,32.82,507672244
2023-10-30,SOL,SOL-USD,32.82,35.17,32.39,34.96,1099930941
2023-10-31,SOL,SOL-USD,34.96,38.55,34.91,38.52,1577034191
2023-11-01,SOL,SOL-USD,38.51,46.25,37.96,41.46,3630725002
2023-11-02,SOL,SOL-USD,41.39,44.49,38.98,40.21,2583692673
2023-11-03,SOL,SOL-USD,40.21,40.23,38.22,39.52,1755955299
2023-11-04,SOL,SOL-USD,39.52,42.7,39.17,42.35,1454107898
2023-11-05,SOL,SOL-USD,42.37,42.8,40.38,41.24,884855278
2023-11-06,SOL,SOL-USD,41.24,42.16,39.83,42.13,1010459088
2023-11-07,SOL,SOL-USD,42.14,44.43,40.32,43.09,1780187159
2023-11-08,SOL,SOL-USD,43.09,43.81,42.39,43.19,1009177437
2023-11-09,SOL,SOL-USD,43.18,48.7,42.61,45.44,2830770419
2023-11-10,SOL,SOL-USD,45.44,57.35,45.22,56.64,3795204638
2023-11-11,SOL,SOL-USD,56.64,63.42,54.04,56.1,4182963132
2023-11-12,SOL,SOL-USD,56.13,61.71,54.94,56.15,2987356952
2023-11-13,SOL,SOL-USD,56.18,59.71,51.91,51.91,2942685126
2023-11-14,SOL,SOL-USD,51.9,57.73,51.71,56.84,3195616616
2023-11-15,SOL,SOL-USD,56.84,66.87,56.31,65.53,3793937162
2023-11-16,SOL,SOL-USD,65.54,67.99,56.81,57.87,3922608772
2023-11-17,SOL,SOL-USD,57.92,60.42,54.55,58.42,3185454735
2023-11-18,SOL,SOL-USD,58.39,59.28,55.06,58.51,1942321169
2023-11-19,SOL,SOL-USD,58.52,62.02,56.88,61.39,1998656461
2023-11-20,SOL,SOL-USD,61.37,61.37,56.35,56.53,1937313546
2023-11-21,SOL,SOL-USD,56.54,57.37,51.56,52.0,2440890238
2023-11-22,SOL,SOL-USD,52.0,58.79,51.74,57.59,1985653842
2023-11-23,SOL,SOL-USD,57.58,59.47,56.29,56.6,1379316733
2023-11-24,SOL,SOL-USD,56.58,58.69,56.35,56.87,1146346831
2023-11-25,SOL,SOL-USD,56.87,59.65,56.33,58.85,1183793273
2023-11-26,SOL,SOL-USD,58.85,58.96,56.51,57.64,871154750
2023-11-27,SOL,SOL-USD,57.63,58.02,53.71,55.06,1237763215
2023-11-28,SOL,SOL-USD,55.06,58.61,54.09,58.19,1412314015
2023-11-29,SOL,SOL-USD,58.19,61.65,57.86,59.25,1941361674
2023-11-30,SOL,SOL-USD,59.25,61.44,58.95,59.24,1263841021
2023-12-01,SOL,SOL-USD,59.24,61.76,58.78,59.8,1376669760
2023-12-02,SOL,SOL-USD,59.8,63.83,59.77,63.83,1346327049
2023-12-03,SOL,SOL-USD,63.82,65.4,62.42,63.04,1368876645
2023-12-04,SOL,SOL-USD,63.04,65.13,60.28,61.53,2211865569
2023-12-05,SOL,SOL-USD,61.53,62.54,59.25,60.99,1693517649
2023-12-06,SOL,SOL-USD,60.98,66.38,60.98,61.9,3030993886
2023-12-07,SOL,SOL-USD,61.93,69.3,61.87,67.84,3002455075
2023-12-08,SOL,SOL-USD,67.85,75.13,67.84,75.0,3612712432
2023-12-09,SOL,SOL-USD,74.99,77.5,72.04,72.26,2893248364
2023-12-10,SOL,SOL-USD,72.27,74.72,70.92,74.71,1849363354
2023-12-11,SOL,SOL-USD,74.71,74.84,67.22,70.37,3729540309
2023-12-12,SOL,SOL-USD,70.34,72.34,65.97,68.54,2366453484
2023-12-13,SOL,SOL-USD,68.53,72.35,64.37,70.77,2414610075
2023-12-14,SOL,SOL-USD,70.75,76.18,69.86,75.62,2464938440
2023-12-15,SOL,SOL-USD,75.64,79.15,72.37,72.37,2821390652
2023-12-16,SOL,SOL-USD,72.43,77.08,71.57,73.47,1781972898
2023-12-17,SOL,SOL-USD,73.47,74.72,70.82,71.0,1552380672
2023-12-18,SOL,SOL-USD,70.93,75.38,67.33,74.35,2281865174
2023-12-19,SOL,SOL-USD,74.35,76.27,72.01,72.99,1900875405
2023-12-20,SOL,SOL-USD,72.99,83.96,72.99,82.19,3745738278
2023-12-21,SOL,SOL-USD,82.19,95.32,81.24,93.85,4711493441
2023-12-22,SOL,SOL-USD,93.86,99.12,90.8,98.0,5284203995
2023-12-23,SOL,SOL-USD,98.0,109.51,93.11,107.59,3957434568
2023-12-24,SOL,SOL-USD,107.73,117.38,107.73,112.49,6365529251
2023-12-25,SOL,SOL-USD,112.56,125.19,108.9,121.15,5951791518
2023-12-26,SOL,SOL-USD,121.08,121.14,104.73,112.68,6117657160
2023-12-27,SOL,SOL-USD,112.65,115.03,105.43,107.02,4267938569
2023-12-28,SOL,SOL-USD,107.02,109.42,97.67,102.1,4492625126
2023-12-29,SOL,SOL-USD,102.07,109.67,100.06,106.31,4445797973
2023-12-30,SOL,SOL-USD,106.3,107.33,101.07,101.85,1863177830
2023-12-31,SOL,SOL-USD,101.84,105.13,99.89,101.51,1748630533
2024-01-01,SOL,SOL-USD,101.51,109.51,101.51,109.51,2157671990
2024-01-02,SOL,SOL-USD,109.55,116.88,106.39,106.61,3782057553
2024-01-03,SOL,SOL-USD,106.62,109.85,92.92,98.59,5472216595
2024-01-04,SOL,SOL-USD,98.59,107.98,97.11,105.08,3272723247
2024-01-05,SOL,SOL-USD,105.05,105.24,95.94,99.98,3022127826
2024-01-06,SOL,SOL-USD,99.99,100.04,92.02,93.86,2235902092
2024-01-07,SOL,SOL-USD,93.86,96.69,88.22,89.28,2288061692
2024-01-08,SOL,SOL-USD,89.28,99.76,85.65,97.79,4152448360
2024-01-09,SOL,SOL-USD,97.82,103.8,95.89,99.41,4070131683
2024-01-10,SOL,SOL-USD,99.38,105.08,92.56,102.03,4216429514
2024-01-11,SOL,SOL-USD,102.1,106.94,98.41,99.91,4174026719
2024-01-12,SOL,SOL-USD,99.91,100.25,88.31,91.72,2868799888
2024-01-13,SOL,SOL-USD,91.76,96.92,89.75,95.73,1880329065
2024-01-14,SOL,SOL-USD,95.73,102.17,93.89,94.13,2736734725
2024-01-15,SOL,SOL-USD,94.04,96.82,93.24,94.49,1755858499
2024-01-16,SOL,SOL-USD,94.44,98.6,94.4,97.63,1806576879
2024-01-17,SOL,SOL-USD,97.62,102.43,97.06,102.06,3220344763
2024-01-18,SOL,SOL-USD,102.03,102.92,92.14,94.25,2684524713
2024-01-19,SOL,SOL-USD,94.25,95.16,87.48,93.39,2631067383
2024-01-20,SOL,SOL-USD,93.39,94.03,90.49,92.57,1204443546
2024-01-21,SOL,SOL-USD,92.59,93.71,90.85,90.85,894963197
2024-01-22,SOL,SOL-USD,90.9,91.64,82.66,83.62,2662287481
2024-01-23,SOL,SOL-USD,83.62,85.84,79.07,84.27,2990436327
2024-01-24,SOL,SOL-USD,84.29,89.27,83.42,88.73,2352477736
2024-01-25,SOL,SOL-USD,88.74,89.38,85.27,86.89,1674093024
2024-01-26,SOL,SOL-USD,86.89,93.53,86.15,92.44,2027305107
2024-01-27,SOL,SOL-USD,92.39,94.44,90.84,94.16,1256585307
2024-01-28,SOL,SOL-USD,94.18,99.38,93.54,95.94,2425625612
2024-01-29,SOL,SOL-USD,95.94,101.77,95.18,101.57,2604890575
2024-01-30,SOL,SOL-USD,101.57,106.21,101.11,101.47,3328090833
2024-01-31,SOL,SOL-USD,101.45,102.55,96.1,97.03,3814467068
2024-02-01,SOL,SOL-USD,97.02,97.94,93.38,97.85,2951395444
2024-02-02,SOL,SOL-USD,97.83,102.41,97.57,100.44,2574044077
2024-02-03,SOL,SOL-USD,100.45,101.06,96.81,97.88,1349320819
2024-02-04,SOL,SOL-USD,97.89,98.46,95.27,95.48,1304106726
2024-02-05,SOL,SOL-USD,95.47,98.54,94.29,95.55,1635327054
2024-02-06,SOL,SOL-USD,95.55,97.79,93.28,96.86,1699997346
2024-02-07,SOL,SOL-USD,96.86,101.24,94.72,100.98,1733607189
2024-02-08,SOL,SOL-USD,101.0,104.8,100.55,102.79,2288429230
2024-02-09,SOL,SOL-USD,102.79,108.99,102.79,106.93,2852770180
2024-02-10,SOL,SOL-USD,106.93,110.74,106.93,109.13,1836561570
2024-02-11,SOL,SOL-USD,109.12,110.56,107.36,107.5,1370383843
2024-02-12,SOL,SOL-USD,107.49,112.07,103.61,111.99,2650731894
2024-02-13,SOL,SOL-USD,111.98,114.81,108.49,112.58,2709494768
2024-02-14,SOL,SOL-USD,112.57,118.33,110.88,116.98,2391239729
2024-02-15,SOL,SOL-USD,116.99,118.31,111.78,113.7,2471486178
2024-02-16,SOL,SOL-USD,113.67,114.25,108.35,110.45,1921299579
2024-02-17,SOL,SOL-USD,110.44,111.07,106.13,108.98,1370606631
2024-02-18,SOL,SOL-USD,108.99,114.0,107.61,112.17,1516321334
2024-02-19,SOL,SOL-USD,112.18,114.72,111.08,111.49,1898655220
2024-02-20,SOL,SOL-USD,111.48,112.04,104.89,108.46,2656976089
2024-02-21,SOL,SOL-USD,108.45,108.45,100.41,105.13,2246861647
2024-02-22,SOL,SOL-USD,105.12,107.0,101.64,101.67,1830636004
2024-02-23,SOL,SOL-USD,101.67,103.02,98.96,99.95,1483285120
2024-02-24,SOL,SOL-USD,99.95,104.65,98.59,104.13,1083637514
2024-02-25,SOL,SOL-USD,104.13,104.33,102.17,103.45,909662462
2024-02-26,SOL,SOL-USD,103.45,110.58,100.46,109.92,2334408023
2024-02-27,SOL,SOL-USD,109.92,112.2,105.9,108.39,2723995106
2024-02-28,SOL,SOL-USD,108.4,118.05,107.46,118.05,5029492553
2024-02-29,SOL,SOL-USD,118.24,134.47,117.67,125.71,6950123902
2024-03-01,SOL,SOL-USD,125.64,137.6,125.64,129.99,4743077738
2024-03-02,SOL,SOL-USD,129.98,131.45,127.68,129.7,2741772676
2024-03-03,SOL,SOL-USD,129.79,132.06,125.77,130.45,2875614168
2024-03-04,SOL,SOL-USD,130.42,134.87,127.8,133.19,4429758300
2024-03-05,SOL,SOL-USD,133.16,142.65,109.54,125.71,8980294607
2024-03-06,SOL,SOL-USD,125.7,134.81,120.32,130.74,5146680159
2024-03-07,SOL,SOL-USD,130.74,149.22,130.7,143.98,7111178325
2024-03-08,SOL,SOL-USD,143.98,152.42,142.54,145.24,5474659974
2024-03-09,SOL,SOL-USD,145.24,149.35,144.29,144.61,2946261381
2024-03-10,SOL,SOL-USD,144.61,148.67,140.84,144.52,3407621981
2024-03-11,SOL,SOL-USD,144.51,150.02,137.63,148.75,5383624184
2024-03-12,SOL,SOL-USD,148.75,154.94,142.87,151.02,6413617983
2024-03-13,SOL,SOL-USD,151.02,166.45,148.95,163.84,5917471836
2024-03-14,SOL,SOL-USD,163.84,177.89,160.23,176.68,8399967972
2024-03-15,SOL,SOL-USD,176.68,188.5,165.41,182.96,14093348410
2024-03-16,SOL,SOL-USD,182.97,197.66,177.46,181.88,11794134069
2024-03-17,SOL,SOL-USD,181.88,204.29,179.23,202.12,10876218562
2024-03-18,SOL,SOL-USD,202.12,209.7,194.85,195.99,11137647410
2024-03-19,SOL,SOL-USD,195.99,198.24,166.18,170.02,11658593922
2024-03-20,SOL,SOL-USD,170.02,192.91,163.3,191.55,8673957460
2024-03-21,SOL,SOL-USD,191.55,195.31,176.28,179.22,5613811275
2024-03-22,SOL,SOL-USD,179.24,181.32,167.88,174.36,4150938142
2024-03-23,SOL,SOL-USD,174.36,178.8,171.02,172.9,2711581881
2024-03-24,SOL,SOL-USD,172.9,186.63,171.67,183.57,2661231893
2024-03-25,SOL,SOL-USD,183.57,194.43,181.25,189.08,4066489821
2024-03-26,SOL,SOL-USD,189.08,196.29,186.75,190.7,3520179571
2024-03-27,SOL,SOL-USD,190.7,192.5,180.42,186.36,3844985014
2024-03-28,SOL,SOL-USD,186.36,190.88,181.0,189.62,2910414256
2024-03-29,SOL,SOL-USD,189.62,192.97,183.65,192.23,3031009580
2024-03-30,SOL,SOL-USD,192.23,199.73,191.22,194.39,2999311846
2024-03-31,SOL,SOL-USD,194.38,203.03,194.04,202.87,2342185476
2024-04-01,SOL,SOL-USD,202.87,204.18,187.49,192.57,3872515434
2024-04-02,SOL,SOL-USD,192.57,192.57,176.13,181.17,4553269015
2024-04-03,SOL,SOL-USD,181.17,191.69,177.4,185.25,4160370221
2024-04-04,SOL,SOL-USD,185.25,190.07,180.51,183.96,4101220964
2024-04-05,SOL,SOL-USD,183.96,184.98,168.24,174.5,7398400404
2024-04-06,SOL,SOL-USD,174.5,179.7,173.87,178.92,4672922789
2024-04-07,SOL,SOL-USD,178.92,182.54,177.07,179.65,1854793003
2024-04-08,SOL,SOL-USD,179.65,184.3,175.59,180.78,2744377905
2024-04-09,SOL,SOL-USD,180.78,180.83,169.37,172.41,2688188866
2024-04-10,SOL,SOL-USD,172.41,175.32,163.81,173.44,3344074648
2024-04-11,SOL,SOL-USD,173.44,176.24,170.39,172.58,2712334365
2024-04-12,SOL,SOL-USD,172.58,175.81,145.52,153.64,4727185451
2024-04-13,SOL,SOL-USD,153.63,154.94,119.83,139.34,8976793985
2024-04-14,SOL,SOL-USD,139.34,152.5,131.29,151.28,7110974218
2024-04-15,SOL,SOL-USD,151.3,155.96,134.57,138.51,5699439234
2024-04-16,SOL,SOL-USD,138.51,140.28,126.87,136.28,5156084639
2024-04-17,SOL,SOL-USD,136.28,142.6,127.53,131.87,4888546522
2024-04-18,SOL,SOL-USD,131.87,143.73,128.08,142.08,4193561506
2024-04-19,SOL,SOL-USD,142.08,147.33,128.86,142.68,5857667913
2024-04-20,SOL,SOL-USD,142.68,152.1,140.01,151.13,2795892211
2024-04-21,SOL,SOL-USD,151.13,153.42,147.17,148.61,2211663291
2024-04-22,SOL,SOL-USD,148.61,158.37,146.99,157.03,2959650502
2024-04-23,SOL,SOL-USD,157.03,159.94,153.32,154.7,2750685937
2024-04-24,SOL,SOL-USD,154.7,159.58,145.77,147.75,3932336720
2024-04-25,SOL,SOL-USD,147.75,149.3,142.26,144.89,3674969172
2024-04-26,SOL,SOL-USD,144.89,145.85,138.91,139.1,2564389027
2024-04-27,SOL,SOL-USD,139.1,142.87,134.03,141.29,2373155947
2024-04-28,SOL,SOL-USD,141.29,144.51,137.23,137.86,1959005342
2024-04-29,SOL,SOL-USD,137.86,138.74,133.71,137.78,2464951751
2024-04-30,SOL,SOL-USD,137.78,139.67,121.64,126.96,3407320371
2024-05-01,SOL,SOL-USD,126.96,135.11,119.38,134.63,4136407963
2024-05-02,SOL,SOL-USD,134.63,140.28,128.26,137.81,3380078368
2024-05-03,SOL,SOL-USD,137.81,144.96,136.12,143.77,3216962298
2024-05-04,SOL,SOL-USD,143.77,148.94,142.57,146.14,3050187811
2024-05-05,SOL,SOL-USD,146.14,147.92,143.48,145.71,2034794725
2024-05-06,SOL,SOL-USD,145.71,156.63,145.58,152.8,2926902880
2024-05-07,SOL,SOL-USD,152.81,159.05,148.08,148.13,2687619013
2024-05-08,SOL,SOL-USD,148.13,149.81,140.17,142.29,2502237557
2024-05-09,SOL,SOL-USD,142.29,153.09,140.79,152.85,2249863780
2024-05-10,SOL,SOL-USD,152.85,155.41,144.94,146.22,2471594251
2024-05-11,SOL,SOL-USD,146.22,147.43,143.33,145.31,1243751505
2024-05-12,SOL,SOL-USD,145.31,147.57,142.88,143.52,936690341
2024-05-13,SOL,SOL-USD,143.52,150.55,138.03,147.28,2556255769
2024-05-14,SOL,SOL-USD,147.28,148.83,141.91,142.03,2586166419
2024-05-15,SOL,SOL-USD,142.03,158.64,141.35,158.19,3585715674
2024-05-16,SOL,SOL-USD,158.19,164.32,156.77,159.12,3498272951
2024-05-17,SOL,SOL-USD,159.12,171.61,159.12,169.53,3371355809
2024-05-18,SOL,SOL-USD,169.53,175.78,168.93,172.54,2479657643
2024-05-19,SOL,SOL-USD,172.54,175.19,166.73,170.09,2300080451
2024-05-20,SOL,SOL-USD,170.09,187.45,168.03,186.52,4636864705
2024-05-21,SOL,SOL-USD,186.52,188.49,174.71,178.12,4568414163
2024-05-22,SOL,SOL-USD,178.12,183.07,175.45,176.86,3833758536
2024-05-23,SOL,SOL-USD,176.86,180.17,167.4,175.99,5117258940
2024-05-24,SOL,SOL-USD,175.99,176.03,162.87,167.8,4013502065
2024-05-25,SOL,SOL-USD,167.8,170.36,166.11,168.44,1875205755
2024-05-26,SOL,SOL-USD,168.44,168.44,161.26,163.35,2543881488
2024-05-27,SOL,SOL-USD,163.35,171.99,163.34,170.0,2745440475
2024-05-28,SOL,SOL-USD,170.0,173.02,164.97,168.65,3342283019
2024-05-29,SOL,SOL-USD,168.65,173.64,167.32,168.07,2852496248
2024-05-30,SOL,SOL-USD,168.07,172.42,163.68,166.98,2932316784
2024-05-31,SOL,SOL-USD,166.98,170.63,163.93,165.64,2415920333
2024-06-01,SOL,SOL-USD,165.64,167.74,165.59,166.03,1058869941
2024-06-02,SOL,SOL-USD,166.03,166.92,161.65,163.25,1562269041
2024-06-03,SOL,SOL-USD,163.25,167.04,161.85,164.92,2182487608
2024-06-04,SOL,SOL-USD,164.93,171.82,164.52,171.8,2057558426
2024-06-05,SOL,SOL-USD,171.8,175.48,171.38,173.48,2405906612
2024-06-06,SOL,SOL-USD,173.48,174.3,167.86,170.02,1965442993
2024-06-07,SOL,SOL-USD,170.02,172.44,155.8,162.51,3298527575
2024-06-08,SOL,SOL-USD,162.5,163.62,157.54,157.97,1722237785
2024-06-09,SOL,SOL-USD,157.96,162.92,156.77,162.08,1475878151
2024-06-10,SOL,SOL-USD,162.08,162.83,157.77,158.93,1815361482
2024-06-11,SOL,SOL-USD,158.93,159.52,145.87,149.43,2812642453
2024-06-12,SOL,SOL-USD,149.42,161.51,145.82,155.18,2853692260
2024-06-13,SOL,SOL-USD,155.19,155.19,146.17,147.31,2085097655
2024-06-14,SOL,SOL-USD,147.28,148.79,140.12,143.09,2330458883
2024-06-15,SOL,SOL-USD,143.07,145.54,143.02,145.41,1065293341
2024-06-16,SOL,SOL-USD,145.42,151.13,143.18,151.13,1147997523
2024-06-17,SOL,SOL-USD,151.14,151.58,140.14,143.33,2244770232
2024-06-18,SOL,SOL-USD,143.31,143.61,130.29,137.5,4046511952
2024-06-19,SOL,SOL-USD,137.48,141.67,134.73,135.61,2241396569
2024-06-20,SOL,SOL-USD,135.61,141.08,132.09,133.47,2343938226
2024-06-21,SOL,SOL-USD,133.47,135.23,128.92,134.59,2214701928
2024-06-22,SOL,SOL-USD,134.57,136.46,133.14,133.67,948392979
2024-06-23,SOL,SOL-USD,133.66,135.01,128.27,128.59,1063910411
2024-06-24,SOL,SOL-USD,128.6,132.31,123.67,132.24,3420423301
2024-06-25,SOL,SOL-USD,132.27,139.73,131.3,136.56,2517391150
2024-06-26,SOL,SOL-USD,136.55,140.17,134.93,136.61,1670038554
2024-06-27,SOL,SOL-USD,136.61,150.77,135.24,149.45,2831651846
2024-06-28,SOL,SOL-USD,149.45,150.05,139.31,139.7,2396070692
2024-06-29,SOL,SOL-USD,139.72,142.82,139.67,140.01,1139066175
2024-06-30,SOL,SOL-USD,140.01,147.2,137.14,146.49,1567841881
2024-07-01,SOL,SOL-USD,146.48,148.8,145.82,146.6,1814659116
2024-07-02,SOL,SOL-USD,146.59,154.71,146.12,153.7,2024773533
2024-07-03,SOL,SOL-USD,153.71,154.2,139.52,140.73,2813419415
2024-07-04,SOL,SOL-USD,140.72,142.51,127.55,127.55,3243822145
2024-07-05,SOL,SOL-USD,127.61,135.85,122.44,134.37,4644036182
2024-07-06,SOL,SOL-USD,134.36,144.01,132.61,143.24,2078535871
2024-07-07,SOL,SOL-USD,143.19,143.19,131.77,131.77,1842515124
2024-07-08,SOL,SOL-USD,131.8,141.63,128.56,139.46,3692404575
2024-07-09,SOL,SOL-USD,139.54,143.93,136.74,141.35,2418798702
2024-07-10,SOL,SOL-USD,141.37,145.85,138.86,141.97,1952272010
2024-07-11,SOL,SOL-USD,141.98,145.32,135.85,135.88,2286890972
2024-07-12,SOL,SOL-USD,135.86,140.42,134.16,139.53,1990173458
2024-07-13,SOL,SOL-USD,139.53,143.37,138.18,141.92,1131518484
2024-07-14,SOL,SOL-USD,141.93,148.55,141.93,147.62,2009294488
2024-07-15,SOL,SOL-USD,147.67,159.94,147.2,159.93,2580623500
2024-07-16,SOL,SOL-USD,159.77,162.47,153.05,160.55,3034234774
2024-07-17,SOL,SOL-USD,160.56,163.6,155.07,155.58,2255652667
2024-07-18,SOL,SOL-USD,155.59,161.59,155.57,159.07,2044591406
2024-07-19,SOL,SOL-USD,159.09,171.51,156.61,169.19,3617009839
2024-07-20,SOL,SOL-USD,169.18,174.83,167.56,173.89,1908476088
2024-07-21,SOL,SOL-USD,173.89,184.87,171.12,184.54,3080452915
2024-07-22,SOL,SOL-USD,184.55,184.79,177.04,178.98,2808509242
2024-07-23,SOL,SOL-USD,178.98,180.5,170.99,172.76,3230351478
2024-07-24,SOL,SOL-USD,172.76,182.36,171.21,178.03,3112174836
2024-07-25,SOL,SOL-USD,178.03,179.52,165.93,171.96,4067186719
2024-07-26,SOL,SOL-USD,171.96,183.54,171.88,183.14,2816314095
2024-07-27,SOL,SOL-USD,183.14,188.14,178.6,184.09,3248901126
2024-07-28,SOL,SOL-USD,184.09,186.51,181.4,184.89,1852374783
2024-07-29,SOL,SOL-USD,184.89,193.73,181.89,182.78,3654304391
2024-07-30,SOL,SOL-USD,182.77,184.18,176.02,179.11,2766172800
2024-07-31,SOL,SOL-USD,179.11,184.18,171.82,171.83,3055204208
2024-08-01,SOL,SOL-USD,171.83,172.69,157.99,167.67,4402828194
2024-08-02,SOL,SOL-USD,167.66,169.04,150.08,152.64,4507521137
2024-08-03,SOL,SOL-USD,152.64,153.78,140.22,142.92,3620526646
2024-08-04,SOL,SOL-USD,142.92,145.84,132.14,138.06,4333596296
2024-08-05,SOL,SOL-USD,138.05,139.14,110.61,129.86,14114308949
2024-08-06,SOL,SOL-USD,129.86,149.35,129.79,144.09,5813459735
2024-08-07,SOL,SOL-USD,144.09,155.01,142.75,144.63,5529725414
2024-08-08,SOL,SOL-USD,144.63,163.03,142.02,162.93,5385642745
2024-08-09,SOL,SOL-USD,162.93,163.25,151.23,156.46,3217916997
2024-08-10,SOL,SOL-USD,156.46,158.59,152.87,153.96,1662980960
2024-08-11,SOL,SOL-USD,153.96,157.93,141.35,141.53,2411765937
2024-08-12,SOL,SOL-USD,141.53,150.81,141.44,146.45,3380174341
2024-08-13,SOL,SOL-USD,146.45,149.61,143.15,146.71,2224488388
2024-08-14,SOL,SOL-USD,146.71,151.73,142.72,143.92,2714536693
2024-08-15,SOL,SOL-USD,143.92,147.35,138.16,142.75,3032770371
2024-08-16,SOL,SOL-USD,142.74,144.8,136.38,139.33,2707615564
2024-08-17,SOL,SOL-USD,139.33,141.96,137.87,141.8,1199702073
2024-08-18,SOL,SOL-USD,141.8,146.96,140.96,142.59,1866239536
2024-08-19,SOL,SOL-USD,142.59,145.92,140.75,144.34,2077549615
2024-08-20,SOL,SOL-USD,144.35,148.65,141.36,143.17,2124392770
2024-08-21,SOL,SOL-USD,142.33,144.16,139.27,142.71,1923259439
2024-08-22,SOL,SOL-USD,142.71,144.81,140.93,143.26,1368400829
2024-08-23,SOL,SOL-USD,143.26,153.77,143.16,153.11,2560976300
2024-08-24,SOL,SOL-USD,153.11,162.17,152.15,160.73,2749419604
2024-08-25,SOL,SOL-USD,160.73,161.95,155.51,158.91,2085078554
2024-08-26,SOL,SOL-USD,158.91,161.91,155.88,157.24,2588808155
2024-08-27,SOL,SOL-USD,157.24,159.62,145.66,146.9,2783392784
2024-08-28,SOL,SOL-USD,146.9,148.69,140.97,143.89,2932401182
2024-08-29,SOL,SOL-USD,143.89,147.22,138.27,140.05,2098251665
2024-08-30,SOL,SOL-USD,140.05,141.01,132.45,138.1,2683385690
2024-08-31,SOL,SOL-USD,138.1,138.99,134.64,135.37,892155699
2024-09-01,SOL,SOL-USD,135.37,136.0,128.24,128.69,1974170865
2024-09-02,SOL,SOL-USD,128.69,135.35,127.27,135.0,2092221241
2024-09-03,SOL,SOL-USD,135.0,137.14,127.57,127.58,1787700523
2024-09-04,SOL,SOL-USD,127.58,134.87,123.61,133.6,2663812153
2024-09-05,SOL,SOL-USD,133.6,135.09,128.14,129.33,1926178088
2024-09-06,SOL,SOL-USD,129.33,134.17,121.06,124.99,3520537699
2024-09-07,SOL,SOL-USD,124.99,129.29,124.27,127.72,1321261949
2024-09-08,SOL,SOL-USD,127.72,131.52,126.81,129.99,1317794291
2024-09-09,SOL,SOL-USD,129.99,136.19,127.22,135.03,2443769044
2024-09-10,SOL,SOL-USD,135.03,137.81,132.63,135.64,1642358500
2024-09-11,SOL,SOL-USD,135.63,135.8,128.43,132.5,2122617674
2024-09-12,SOL,SOL-USD,132.5,136.61,132.44,136.14,1597055803
2024-09-13,SOL,SOL-USD,136.14,139.83,131.86,139.1,1668690414
2024-09-14,SOL,SOL-USD,139.1,139.73,135.94,137.18,952465288
2024-09-15,SOL,SOL-USD,137.18,137.92,130.97,131.5,1358403273
2024-09-16,SOL,SOL-USD,131.5,132.3,129.14,131.47,1623218789
2024-09-17,SOL,SOL-USD,131.47,135.49,130.48,131.54,1726861492
2024-09-18,SOL,SOL-USD,131.54,133.99,127.25,133.99,2260675347
2024-09-19,SOL,SOL-USD,133.99,143.9,133.99,142.84,2884543933
2024-09-20,SOL,SOL-USD,142.84,151.76,141.32,146.57,3241123621
2024-09-21,SOL,SOL-USD,146.57,149.84,144.8,149.53,1385610390
2024-09-22,SOL,SOL-USD,149.53,149.87,141.38,144.8,1597826979
2024-09-23,SOL,SOL-USD,144.8,148.97,142.64,144.81,2344229720
2024-09-24,SOL,SOL-USD,144.81,153.54,143.3,152.89,2927238360
2024-09-25,SOL,SOL-USD,152.89,153.55,147.45,148.02,2138602628
2024-09-26,SOL,SOL-USD,148.02,157.86,146.87,155.58,3009969111
2024-09-27,SOL,SOL-USD,155.58,160.98,154.13,157.75,2765830721
2024-09-28,SOL,SOL-USD,157.75,159.35,155.3,156.91,1300870644
2024-09-29,SOL,SOL-USD,156.91,161.62,155.24,158.63,1773980028
2024-09-30,SOL,SOL-USD,158.63,159.51,152.02,152.62,2376780676
2024-10-01,SOL,SOL-USD,152.62,157.26,142.84,145.29,3656164855
2024-10-02,SOL,SOL-USD,145.29,148.83,138.92,140.39,2892264150
2024-10-03,SOL,SOL-USD,140.38,142.81,133.55,136.79,2914986844
2024-10-04,SOL,SOL-USD,136.79,144.43,136.08,143.17,2361841303
2024-10-05,SOL,SOL-USD,143.17,144.83,141.17,142.71,1113937760
2024-10-06,SOL,SOL-USD,142.71,146.62,142.11,146.44,1168715645
2024-10-07,SOL,SOL-USD,146.44,152.1,143.6,143.99,2678803498
2024-10-08,SOL,SOL-USD,143.99,145.45,141.24,143.39,1710617951
2024-10-09,SOL,SOL-USD,143.4,145.13,138.8,139.32,1697499287
2024-10-10,SOL,SOL-USD,139.31,140.58,135.58,138.89,1770157917
2024-10-11,SOL,SOL-USD,138.89,146.43,138.76,145.38,1797846253
2024-10-12,SOL,SOL-USD,145.38,147.14,144.76,146.5,1118630507
2024-10-13,SOL,SOL-USD,146.5,148.71,144.62,147.57,1294444111
2024-10-14,SOL,SOL-USD,147.57,157.75,147.01,157.45,2929339176
2024-10-15,SOL,SOL-USD,157.45,158.72,150.91,154.72,3451652506
2024-10-16,SOL,SOL-USD,154.72,158.14,153.08,154.23,2397546608
2024-10-17,SOL,SOL-USD,154.24,155.55,147.94,150.32,2157747733
2024-10-18,SOL,SOL-USD,150.32,156.54,149.7,154.98,1754226839
2024-10-19,SOL,SOL-USD,154.98,159.71,153.91,159.64,1440375026
2024-10-20,SOL,SOL-USD,159.64,167.59,157.77,166.94,2579198899
2024-10-21,SOL,SOL-USD,166.94,171.43,161.81,166.22,3924173188
2024-10-22,SOL,SOL-USD,166.22,170.76,163.29,167.26,3470792372
2024-10-23,SOL,SOL-USD,167.26,173.82,164.19,170.93,3861697575
2024-10-24,SOL,SOL-USD,171.11,179.0,170.52,177.16,3529481044
2024-10-25,SOL,SOL-USD,177.16,177.19,160.04,164.76,4869966180
2024-10-26,SOL,SOL-USD,164.76,172.82,162.44,170.71,2755373492
2024-10-27,SOL,SOL-USD,170.71,177.9,170.19,176.55,2427933420
2024-10-28,SOL,SOL-USD,176.55,179.41,172.87,178.1,3623055701
2024-10-29,SOL,SOL-USD,178.1,183.04,176.86,179.36,3919545873
2024-10-30,SOL,SOL-USD,179.36,181.15,173.4,174.92,2772422773
2024-10-31,SOL,SOL-USD,174.93,176.28,167.58,168.43,2652620406
2024-11-01,SOL,SOL-USD,168.43,173.85,164.03,166.26,3157093060
2024-11-02,SOL,SOL-USD,166.26,168.46,162.39,166.01,1618170398
2024-11-03,SOL,SOL-USD,166.01,166.38,158.14,162.55,2645801646
2024-11-04,SOL,SOL-USD,162.55,164.71,155.17,157.75,2809006700
2024-11-05,SOL,SOL-USD,157.75,169.13,156.99,166.72,3243848057
2024-11-06,SOL,SOL-USD,166.72,189.92,166.7,186.95,9822932731
2024-11-07,SOL,SOL-USD,186.95,197.9,186.14,196.33,4700842780
2024-11-08,SOL,SOL-USD,196.33,204.97,196.02,199.94,5673142495
2024-11-09,SOL,SOL-USD,199.94,203.35,195.47,200.19,3363617004
2024-11-10,SOL,SOL-USD,200.2,215.18,198.98,210.61,8564655765
2024-11-11,SOL,SOL-USD,210.61,223.22,204.56,222.64,10290809023
2024-11-12,SOL,SOL-USD,222.64,225.01,205.45,212.23,11308516682
2024-11-13,SOL,SOL-USD,212.21,220.34,201.47,215.18,11296665808
2024-11-14,SOL,SOL-USD,215.18,222.64,207.5,209.22,8094554275
2024-11-15,SOL,SOL-USD,209.24,219.54,204.83,218.09,6109860311
2024-11-16,SOL,SOL-USD,218.57,221.66,213.8,215.85,4698955745
2024-11-17,SOL,SOL-USD,215.85,241.24,212.73,237.58,9981076722
2024-11-18,SOL,SOL-USD,237.58,248.19,234.4,239.79,8798714213
2024-11-19,SOL,SOL-USD,239.8,247.09,234.15,238.1,6711919414
2024-11-20,SOL,SOL-USD,238.09,242.11,230.91,235.42,6454141445
2024-11-21,SOL,SOL-USD,235.43,259.05,230.34,257.07,10735314060
2024-11-22,SOL,SOL-USD,257.08,263.7,252.14,256.52,7249493783
2024-11-23,SOL,SOL-USD,256.52,263.83,253.19,255.18,6234742858
2024-11-24,SOL,SOL-USD,255.18,259.63,243.12,252.92,5330146683
2024-11-25,SOL,SOL-USD,252.92,256.42,231.55,234.45,6616015635
2024-11-26,SOL,SOL-USD,234.45,239.64,222.96,230.98,6996936265
2024-11-27,SOL,SOL-USD,230.97,243.12,228.13,242.3,5381404312
2024-11-28,SOL,SOL-USD,242.3,245.2,233.2,237.76,4047310070
2024-11-29,SOL,SOL-USD,237.76,246.78,236.82,243.55,4152396835
2024-11-30,SOL,SOL-USD,243.55,245.24,237.72,237.74,3549156564
2024-12-01,SOL,SOL-USD,237.74,239.81,234.53,237.07,3726118866
2024-12-02,SOL,SOL-USD,237.07,237.88,220.55,225.76,7374176295
2024-12-03,SOL,SOL-USD,225.77,239.27,216.47,234.2,8404095315
2024-12-04,SOL,SOL-USD,234.2,240.72,225.25,229.12,6569129896
2024-12-05,SOL,SOL-USD,229.12,244.68,223.46,234.0,8820663279
2024-12-06,SOL,SOL-USD,236.54,246.42,231.43,237.05,6726557034
2024-12-07,SOL,SOL-USD,237.05,243.12,234.66,238.55,4003422914
2024-12-08,SOL,SOL-USD,239.49,241.44,233.71,236.67,3204778349
2024-12-09,SOL,SOL-USD,237.46,237.46,209.71,217.34,8610208198
2024-12-10,SOL,SOL-USD,217.33,220.74,203.72,213.82,8419973004
2024-12-11,SOL,SOL-USD,213.84,230.51,211.99,227.45,5615074058
2024-12-12,SOL,SOL-USD,227.45,234.33,225.95,227.03,4935392005
2024-12-13,SOL,SOL-USD,227.03,228.27,220.82,224.84,4029626623
2024-12-14,SOL,SOL-USD,224.84,227.24,215.34,219.84,2925240730
2024-12-15,SOL,SOL-USD,219.84,225.07,215.91,223.66,2969473030
2024-12-16,SOL,SOL-USD,223.66,227.04,213.48,216.33,5071129914
2024-12-17,SOL,SOL-USD,216.33,228.69,211.91,222.82,6445051900
2024-12-18,SOL,SOL-USD,222.82,225.89,205.0,206.38,6888988933
2024-12-19,SOL,SOL-USD,206.38,212.0,188.03,194.28,8043974299
2024-12-20,SOL,SOL-USD,194.28,199.36,175.91,194.21,9600073165
2024-12-21,SOL,SOL-USD,194.21,201.63,178.74,181.3,5368845730
2024-12-22,SOL,SOL-USD,181.29,187.53,177.13,180.17,4001292417
2024-12-23,SOL,SOL-USD,180.17,193.05,176.72,189.75,4922594345
2024-12-24,SOL,SOL-USD,189.75,198.7,186.12,196.99,3412375255
2024-12-25,SOL,SOL-USD,196.99,201.63,195.35,197.48,2688415733
2024-12-26,SOL,SOL-USD,197.48,199.4,186.86,188.22,2864701219
2024-12-27,SOL,SOL-USD,188.22,193.75,182.95,183.83,2788285851
2024-12-28,SOL,SOL-USD,183.83,195.44,183.83,195.01,2158687217
2024-12-29,SOL,SOL-USD,195.02,197.18,188.34,189.74,2165753102
2024-12-30,SOL,SOL-USD,189.74,196.12,185.94,191.03,3246300054
2024-12-31,SOL,SOL-USD,191.05,198.68,187.98,189.26,3276526561
2025-01-01,SOL,SOL-USD,189.27,194.82,187.88,193.87,2324231668
2025-01-02,SOL,SOL-USD,193.87,209.07,193.26,207.77,4230329837
2025-01-03,SOL,SOL-USD,207.77,219.56,205.65,217.75,4064420852
2025-01-04,SOL,SOL-USD,217.75,217.91,213.83,216.62,2432220391
2025-01-05,SOL,SOL-USD,216.62,218.88,211.77,213.39,2403765299
2025-01-06,SOL,SOL-USD,213.39,222.95,211.65,218.72,3408034919
2025-01-07,SOL,SOL-USD,218.41,219.14,202.12,202.23,4360983978
2025-01-08,SOL,SOL-USD,202.23,203.06,188.96,197.56,5028291858
2025-01-09,SOL,SOL-USD,197.56,198.9,182.32,185.03,3815664216
2025-01-10,SOL,SOL-USD,185.01,192.76,183.87,187.58,3739014100
2025-01-11,SOL,SOL-USD,187.57,191.72,184.28,188.0,2174290937
2025-01-12,SOL,SOL-USD,188.0,190.75,185.25,188.56,1544086708
2025-01-13,SOL,SOL-USD,188.55,191.78,170.63,182.84,5225490858
2025-01-14,SOL,SOL-USD,182.83,189.94,181.96,187.5,2748310371
2025-01-15,SOL,SOL-USD,187.5,205.93,186.0,205.91,4071481523
2025-01-16,SOL,SOL-USD,205.92,216.84,198.66,211.23,6099125467
2025-01-17,SOL,SOL-USD,211.23,221.85,209.97,219.62,5118230275
2025-01-18,SOL,SOL-USD,219.62,268.75,217.58,261.87,23186958912
2025-01-19,SOL,SOL-USD,261.87,294.33,239.61,250.59,33172955667
2025-01-20,SOL,SOL-USD,250.62,272.15,231.63,242.25,22690757561
2025-01-21,SOL,SOL-USD,242.24,259.83,231.68,250.41,10694802909
2025-01-22,SOL,SOL-USD,250.41,271.53,248.75,257.24,8880832578
2025-01-23,SOL,SOL-USD,257.24,258.13,242.5,253.46,9264528949
2025-01-24,SOL,SOL-USD,253.46,269.81,247.63,253.36,7483041553
2025-01-25,SOL,SOL-USD,253.37,260.58,246.66,256.07,5035419721
2025-01-26,SOL,SOL-USD,256.07,259.63,240.85,240.88,4178231600
2025-01-27,SOL,SOL-USD,240.89,242.43,221.98,235.07,10736630238
2025-01-28,SOL,SOL-USD,235.07,243.89,225.26,227.2,5105320114
2025-01-29,SOL,SOL-USD,227.2,237.71,222.92,227.94,5385638692
2025-01-30,SOL,SOL-USD,227.95,244.33,227.14,239.02,4636567306
2025-01-31,SOL,SOL-USD,239.02,241.67,228.48,231.64,4043216055
2025-02-01,SOL,SOL-USD,231.64,233.86,213.44,213.79,3546350864
2025-02-02,SOL,SOL-USD,213.78,218.38,195.45,203.12,8432593480
2025-02-03,SOL,SOL-USD,203.12,218.65,180.41,216.15,15260840772
2025-02-04,SOL,SOL-USD,216.15,220.0,202.85,207.09,7328632702
2025-02-05,SOL,SOL-USD,207.08,209.32,195.39,195.99,3826498437
2025-02-06,SOL,SOL-USD,195.99,203.89,188.17,189.77,3936545265
2025-02-07,SOL,SOL-USD,189.76,203.15,188.48,192.2,4593806344
2025-02-08,SOL,SOL-USD,192.2,200.83,190.13,199.6,2387525186
2025-02-09,SOL,SOL-USD,199.59,207.27,194.24,200.5,3380872965
2025-02-10,SOL,SOL-USD,200.5,208.83,196.38,200.36,4106376694
2025-02-11,SOL,SOL-USD,200.36,205.92,195.32,197.98,3907611299
2025-02-12,SOL,SOL-USD,197.98,198.45,189.61,196.77,4290836657
2025-02-13,SOL,SOL-USD,196.77,198.26,189.43,194.46,2755407329
2025-02-14,SOL,SOL-USD,194.45,205.13,194.35,199.94,3732334277
2025-02-15,SOL,SOL-USD,199.89,200.05,192.81,194.48,1869221857
2025-02-16,SOL,SOL-USD,194.48,196.07,186.98,188.49,2160799161
2025-02-17,SOL,SOL-USD,188.49,189.51,175.26,177.69,4345262539
2025-02-18,SOL,SOL-USD,177.69,178.95,161.31,169.08,6684824301
2025-02-19,SOL,SOL-USD,169.09,174.12,163.96,169.01,3717681436
2025-02-20,SOL,SOL-USD,169.01,176.59,167.87,176.05,3347070717
2025-02-21,SOL,SOL-USD,176.04,180.43,167.31,168.89,4684370707
2025-02-22,SOL,SOL-USD,168.89,174.47,168.37,172.16,2026581266
2025-02-23,SOL,SOL-USD,172.16,173.04,166.63,168.04,1621130854
2025-02-24,SOL,SOL-USD,168.04,169.56,140.57,141.99,7062261489
2025-02-25,SOL,SOL-USD,141.99,146.74,132.49,144.11,9341433919
2025-02-26,SOL,SOL-USD,144.1,144.87,130.69,134.83,4916419994
2025-02-27,SOL,SOL-USD,134.83,142.18,134.73,137.62,3723520943
2025-02-28,SOL,SOL-USD,137.62,148.18,125.74,148.03,7544673033
2025-03-01,SOL,SOL-USD,148.03,150.79,138.68,143.68,3305410077
2025-03-02,SOL,SOL-USD,143.68,178.51,140.3,178.5,11540413390
2025-03-03,SOL,SOL-USD,178.5,178.63,139.79,142.02,9241009702
2025-03-04,SOL,SOL-USD,142.03,146.4,131.57,144.92,8035056091
2025-03-05,SOL,SOL-USD,144.92,149.49,140.6,146.27,4501939048
2025-03-06,SOL,SOL-USD,146.27,152.78,142.78,143.36,4204376336
2025-03-07,SOL,SOL-USD,143.36,150.02,135.72,139.21,6090751623
2025-03-08,SOL,SOL-USD,139.21,140.9,135.48,136.94,2270939562
2025-03-09,SOL,SOL-USD,136.94,139.73,125.94,126.44,3429886567
2025-03-10,SOL,SOL-USD,126.44,131.24,115.92,118.29,5519806938
2025-03-11,SOL,SOL-USD,118.29,128.15,113.19,125.26,5259428587
2025-03-12,SOL,SOL-USD,125.26,130.66,121.37,126.58,4112201839
2025-03-13,SOL,SOL-USD,126.58,128.16,120.91,123.29,2871050068
2025-03-14,SOL,SOL-USD,123.29,135.64,123.12,133.31,3161542602
2025-03-15,SOL,SOL-USD,133.31,136.48,132.56,135.91,1844463215
2025-03-16,SOL,SOL-USD,135.92,136.47,125.39,125.99,2456569508
2025-03-17,SOL,SOL-USD,125.99,130.53,125.86,128.16,2487364373
2025-03-18,SOL,SOL-USD,128.16,128.16,121.94,125.31,2534317858
2025-03-19,SOL,SOL-USD,125.31,135.93,124.3,135.57,3539287974
2025-03-20,SOL,SOL-USD,135.57,135.77,126.85,127.5,2469659459
2025-03-21,SOL,SOL-USD,127.5,129.96,124.98,128.43,2370317364
2025-03-22,SOL,SOL-USD,128.43,131.58,127.93,128.48,1442831196
2025-03-23,SOL,SOL-USD,128.48,133.96,128.34,132.6,1711242607
2025-03-24,SOL,SOL-USD,132.6,144.88,132.16,140.87,4207560020
2025-03-25,SOL,SOL-USD,140.87,147.06,138.35,143.82,3585353324
2025-03-26,SOL,SOL-USD,143.82,145.37,136.14,137.29,3083070981
2025-03-27,SOL,SOL-USD,137.29,140.17,135.92,138.35,2660348034
2025-03-28,SOL,SOL-USD,138.35,138.95,127.98,129.42,3532896573
2025-03-29,SOL,SOL-USD,129.42,130.38,123.07,124.59,2253256988
2025-03-30,SOL,SOL-USD,124.59,126.62,123.3,124.64,1639017444
2025-03-31,SOL,SOL-USD,124.64,127.7,123.08,124.69,3206702485
2025-04-01,SOL,SOL-USD,124.7,130.03,123.95,126.68,2993289339
2025-04-02,SOL,SOL-USD,126.68,135.7,117.74,117.76,5399672438
2025-04-03,SOL,SOL-USD,117.75,120.79,112.48,117.06,4633002432
2025-04-04,SOL,SOL-USD,117.06,123.9,113.6,122.79,5182517335
2025-04-05,SOL,SOL-USD,122.79,122.79,117.19,120.26,1667996329
2025-04-06,SOL,SOL-USD,120.26,120.93,104.0,105.71,3822458629
2025-04-07,SOL,SOL-USD,105.71,111.47,96.59,106.9,8644174246
2025-04-08,SOL,SOL-USD,106.91,112.3,103.14,105.51,5353641480
2025-04-09,SOL,SOL-USD,105.51,120.47,101.43,119.06,7096350476
2025-04-10,SOL,SOL-USD,119.06,119.08,108.6,112.8,4310698523
2025-04-11,SOL,SOL-USD,112.81,122.4,112.19,121.53,3953610468
2025-04-12,SOL,SOL-USD,121.53,133.76,119.66,132.26,4089397536
2025-04-13,SOL,SOL-USD,132.26,133.51,125.52,128.58,3818650340
2025-04-14,SOL,SOL-USD,128.58,135.19,128.23,129.31,4425565001
2025-04-15,SOL,SOL-USD,129.31,134.19,126.14,126.26,3272094237
2025-04-16,SOL,SOL-USD,126.26,133.59,123.72,131.45,4448562334
2025-04-17,SOL,SOL-USD,131.45,135.91,129.73,134.7,3504448606
2025-04-18,SOL,SOL-USD,134.7,135.87,132.59,134.07,2142264993
2025-04-19,SOL,SOL-USD,134.07,140.09,133.69,139.75,2522912658
2025-04-20,SOL,SOL-USD,139.75,141.83,135.77,137.77,2796023398
2025-04-21,SOL,SOL-USD,137.77,142.66,134.12,136.7,4162691832
2025-04-22,SOL,SOL-USD,136.7,149.95,135.38,148.74,4659792312
2025-04-23,SOL,SOL-USD,148.74,153.87,147.45,151.15,4699152180
2025-04-24,SOL,SOL-USD,151.15,152.75,145.66,152.3,3903057847
2025-04-25,SOL,SOL-USD,152.32,156.05,150.13,150.92,4411923686
2025-04-26,SOL,SOL-USD,150.92,153.02,148.04,149.29,2128235815
2025-04-27,SOL,SOL-USD,149.29,150.21,145.77,148.25,2015737709
2025-04-28,SOL,SOL-USD,148.25,153.21,144.89,147.81,3819502747
2025-04-29,SOL,SOL-USD,147.81,150.04,145.17,146.43,2872743502
2025-04-30,SOL,SOL-USD,146.43,148.21,140.71,147.64,3017472875
2025-05-01,SOL,SOL-USD,147.64,153.87,147.61,150.85,3224541533
2025-05-02,SOL,SOL-USD,150.84,151.73,147.45,148.05,2823970426
2025-05-03,SOL,SOL-USD,148.05,148.96,146.11,146.8,1567415096
2025-05-04,SOL,SOL-USD,146.8,147.68,143.82,143.98,1636835620
2025-05-05,SOL,SOL-USD,143.99,147.62,142.9,146.7,2238980623
2025-05-06,SOL,SOL-USD,146.7,147.09,141.67,146.77,2728680947
2025-05-07,SOL,SOL-USD,146.77,149.34,144.88,147.21,4316881378
2025-05-08,SOL,SOL-USD,147.22,163.98,147.21,163.96,6372889923
2025-05-09,SOL,SOL-USD,163.96,175.86,161.25,172.83,7452318987
2025-05-10,SOL,SOL-USD,172.83,178.57,168.93,177.62,4012477696
2025-05-11,SOL,SOL-USD,177.62,179.62,169.72,173.03,4025374577
2025-05-12,SOL,SOL-USD,173.04,180.95,169.08,174.25,6940951587
2025-05-13,SOL,SOL-USD,174.25,184.7,166.81,184.01,5170161208
2025-05-14,SOL,SOL-USD,184.01,184.72,173.73,176.71,4610872279
2025-05-15,SOL,SOL-USD,176.71,178.11,167.28,169.01,4347587992
2025-05-16,SOL,SOL-USD,169.01,173.96,166.76,167.33,3495576096
2025-05-17,SOL,SOL-USD,167.33,169.77,164.22,165.93,2783616834
2025-05-18,SOL,SOL-USD,165.93,176.49,165.51,173.9,3866092629
2025-05-19,SOL,SOL-USD,173.84,173.84,159.65,166.86,4498613127
2025-05-20,SOL,SOL-USD,166.86,172.86,164.78,168.48,3787047019
2025-05-21,SOL,SOL-USD,168.48,175.52,166.3,173.68,5254974027
2025-05-22,SOL,SOL-USD,173.68,180.55,172.76,179.69,4913432701
2025-05-23,SOL,SOL-USD,179.69,187.28,173.57,173.83,7488253558
2025-05-24,SOL,SOL-USD,173.84,178.14,172.79,176.04,3002798120
2025-05-25,SOL,SOL-USD,176.03,176.72,169.36,175.73,3395309315
2025-05-26,SOL,SOL-USD,175.73,178.98,173.7,174.91,2872898398
2025-05-27,SOL,SOL-USD,174.91,179.22,171.58,176.82,3737068836
2025-05-28,SOL,SOL-USD,176.81,177.38,169.11,172.19,3454599629
2025-05-29,SOL,SOL-USD,172.19,175.18,166.26,166.59,3480369993
2025-05-30,SOL,SOL-USD,166.59,167.35,156.03,156.23,4458908034
2025-05-31,SOL,SOL-USD,156.24,157.94,152.44,156.64,2817151487
2025-06-01,SOL,SOL-USD,156.64,157.83,150.84,157.78,2554572841
2025-06-02,SOL,SOL-USD,157.78,158.89,152.0,157.0,3070599881
2025-06-03,SOL,SOL-USD,157.0,163.39,154.71,155.34,3739800274
2025-06-04,SOL,SOL-USD,155.34,157.85,153.18,153.36,2694510572
2025-06-05,SOL,SOL-USD,153.36,154.56,141.9,144.54,4691163987
2025-06-06,SOL,SOL-USD,144.54,152.02,144.44,147.91,2780168622
2025-06-07,SOL,SOL-USD,147.91,152.83,147.19,150.13,1895979261
2025-06-08,SOL,SOL-USD,150.13,155.04,148.22,152.43,1928262265
2025-06-09,SOL,SOL-USD,152.43,161.5,149.84,161.09,3689102023
2025-06-10,SOL,SOL-USD,161.09,165.53,156.84,165.03,4891108456
2025-06-11,SOL,SOL-USD,165.03,168.02,159.43,161.06,5292694830
2025-06-12,SOL,SOL-USD,161.06,161.2,152.24,152.79,3655760294
2025-06-13,SOL,SOL-USD,152.79,152.79,141.44,148.63,6346327306
2025-06-14,SOL,SOL-USD,148.63,148.65,142.23,144.76,2159011897
2025-06-15,SOL,SOL-USD,144.76,153.22,144.36,152.81,3600058127
2025-06-16,SOL,SOL-USD,152.81,158.61,150.87,150.87,4629439778
2025-06-17,SOL,SOL-USD,150.86,154.15,145.87,147.75,4505742897
2025-06-18,SOL,SOL-USD,147.75,149.16,143.97,146.35,3507323344
2025-06-19,SOL,SOL-USD,146.36,147.79,143.11,147.07,2754965137
2025-06-20,SOL,SOL-USD,147.07,148.72,136.51,140.17,4112242022
2025-06-21,SOL,SOL-USD,140.17,142.5,132.41,135.16,3335622844
2025-06-22,SOL,SOL-USD,135.2,137.55,126.83,131.62,4990284543
2025-06-23,SOL,SOL-USD,131.62,146.6,131.16,144.85,5742740781
2025-06-24,SOL,SOL-USD,144.85,146.59,142.57,145.95,3709899362
2025-06-25,SOL,SOL-USD,145.95,147.77,142.56,143.51,3095794422
2025-06-26,SOL,SOL-USD,143.51,147.73,138.81,139.06,3480832173
2025-06-27,SOL,SOL-USD,139.06,144.4,137.79,142.19,3327165986
2025-06-28,SOL,SOL-USD,142.19,152.44,141.35,150.83,2847495210
2025-06-29,SOL,SOL-USD,150.83,154.42,149.53,153.35,2462940245
2025-06-30,SOL,SOL-USD,153.35,159.63,149.61,154.74,4752163067
2025-07-01,SOL,SOL-USD,154.74,155.35,145.21,146.93,3599415509
2025-07-02,SOL,SOL-USD,146.93,154.41,146.23,152.23,3941952132
2025-07-03,SOL,SOL-USD,152.23,156.19,150.15,152.4,3748228101
2025-07-04,SOL,SOL-USD,152.4,153.56,145.45,147.76,3575641174
2025-07-05,SOL,SOL-USD,147.76,148.59,146.08,147.64,1579874806
2025-07-06,SOL,SOL-USD,147.64,153.39,146.9,151.87,2921512526
2025-07-07,SOL,SOL-USD,151.87,153.28,147.79,148.87,3661294298
2025-07-08,SOL,SOL-USD,148.87,152.8,147.95,151.81,3885408944
2025-07-09,SOL,SOL-USD,151.81,157.88,150.7,157.28,4759358090
2025-07-10,SOL,SOL-USD,157.28,165.08,156.05,164.06,5703252463
2025-07-11,SOL,SOL-USD,164.06,167.92,160.07,162.88,7095844188
2025-07-12,SOL,SOL-USD,162.88,163.85,158.0,160.68,3795297694
2025-07-13,SOL,SOL-USD,160.68,163.96,159.92,161.19,3865898680
2025-07-14,SOL,SOL-USD,161.19,168.34,160.78,162.28,7130680773
2025-07-15,SOL,SOL-USD,162.28,164.12,157.6,163.95,6533486768
2025-07-16,SOL,SOL-USD,163.95,175.84,161.69,173.71,8415349750
2025-07-17,SOL,SOL-USD,173.71,178.07,169.03,175.79,7913250794
2025-07-18,SOL,SOL-USD,175.79,184.37,173.91,177.38,8439352014
2025-07-19,SOL,SOL-USD,177.38,178.37,174.31,177.07,4074891432
2025-07-20,SOL,SOL-USD,177.07,183.32,176.53,181.55,6503778374
2025-07-21,SOL,SOL-USD,181.55,198.92,178.56,195.99,11211509986
2025-07-22,SOL,SOL-USD,195.99,205.87,194.28,205.7,14508715185
2025-07-23,SOL,SOL-USD,205.71,205.76,184.33,189.54,10671351702
2025-07-24,SOL,SOL-USD,189.54,191.88,179.95,182.61,8921891799
2025-07-25,SOL,SOL-USD,182.6,186.79,176.41,186.78,8613557362
2025-07-26,SOL,SOL-USD,186.78,189.65,184.53,184.91,3756183776
2025-07-27,SOL,SOL-USD,184.91,190.44,184.74,188.73,4713357652
2025-07-28,SOL,SOL-USD,188.73,194.66,182.37,182.54,7456216270
2025-07-29,SOL,SOL-USD,182.56,186.49,178.57,181.34,5430304723
2025-07-30,SOL,SOL-USD,181.34,182.38,172.34,177.69,6074764559
2025-07-31,SOL,SOL-USD,177.69,182.48,171.85,172.42,5443530167
2025-08-01,SOL,SOL-USD,172.42,172.42,159.79,162.88,8200357157
2025-08-02,SOL,SOL-USD,162.88,165.11,156.08,158.48,4455060056
2025-08-03,SOL,SOL-USD,158.48,162.82,156.87,161.95,3702562222
2025-08-04,SOL,SOL-USD,161.96,169.71,161.44,169.43,4977909460
2025-08-05,SOL,SOL-USD,169.43,171.56,161.64,164.1,4979304041
2025-08-06,SOL,SOL-USD,164.1,169.86,161.4,168.18,3851544154
2025-08-07,SOL,SOL-USD,168.18,175.49,166.89,175.49,5177005321
2025-08-08,SOL,SOL-USD,175.49,179.36,173.7,176.76,6565011386
2025-08-09,SOL,SOL-USD,176.76,183.14,176.76,180.18,5297615193
2025-08-10,SOL,SOL-USD,180.18,185.92,178.0,182.9,6719478867
2025-08-11,SOL,SOL-USD,182.9,186.66,173.69,174.98,7353962794
2025-08-12,SOL,SOL-USD,174.98,193.44,173.84,191.86,8611505118
2025-08-13,SOL,SOL-USD,191.86,204.47,191.5,201.59,11831412257
2025-08-14,SOL,SOL-USD,201.59,209.67,187.78,192.59,14664456934
2025-08-15,SOL,SOL-USD,192.59,198.14,183.76,185.74,7685764515
2025-08-16,SOL,SOL-USD,185.74,189.98,185.46,189.77,3716008732
2025-08-17,SOL,SOL-USD,189.77,195.44,187.72,191.16,4221788171
2025-08-18,SOL,SOL-USD,191.16,191.35,180.41,183.07,6328028844
2025-08-19,SOL,SOL-USD,183.07,185.78,175.99,176.11,5990636025
2025-08-20,SOL,SOL-USD,176.11,187.69,176.1,187.59,6283111574
2025-08-21,SOL,SOL-USD,187.59,189.4,179.71,180.28,5379108039
2025-08-22,SOL,SOL-USD,180.28,201.94,177.47,200.65,10256417346
2025-08-23,SOL,SOL-USD,200.65,207.84,195.37,203.94,7845395369
2025-08-24,SOL,SOL-USD,203.94,211.76,201.71,205.85,11456987571
2025-08-25,SOL,SOL-USD,205.86,213.01,186.03,187.28,13048248034
2025-08-26,SOL,SOL-USD,187.27,197.85,186.17,195.91,8032115173
2025-08-27,SOL,SOL-USD,195.91,211.86,194.06,202.92,12883119559
2025-08-28,SOL,SOL-USD,202.93,216.09,202.01,214.41,12079041801
2025-08-29,SOL,SOL-USD,214.4,217.84,200.44,205.22,14055051455
2025-08-30,SOL,SOL-USD,205.21,206.8,197.89,202.86,5828701739
2025-08-31,SOL,SOL-USD,202.86,206.51,200.66,200.86,5028997406
2025-09-01,SOL,SOL-USD,200.86,204.22,194.38,197.11,7253329838
2025-09-02,SOL,SOL-USD,197.11,209.48,197.09,209.48,8625200488
2025-09-03,SOL,SOL-USD,209.48,212.82,207.58,210.75,6966454259
2025-09-04,SOL,SOL-USD,210.75,211.8,202.13,202.56,5241887525
2025-09-05,SOL,SOL-USD,202.55,209.86,201.18,203.5,7780086538
2025-09-06,SOL,SOL-USD,203.5,204.56,199.64,200.25,3057210360
2025-09-07,SOL,SOL-USD,200.25,207.87,200.23,206.47,4153166545
2025-09-08,SOL,SOL-USD,206.46,216.9,205.72,214.19,10019366594
2025-09-09,SOL,SOL-USD,214.19,219.52,211.16,217.25,8798692220
2025-09-10,SOL,SOL-USD,217.25,225.51,215.27,223.99,9070263027
2025-09-11,SOL,SOL-USD,223.99,228.91,222.03,228.76,9580815361
2025-09-12,SOL,SOL-USD,228.76,243.79,228.26,242.3,13008621197
2025-09-13,SOL,SOL-USD,242.3,244.14,236.47,242.6,7478581447
2025-09-14,SOL,SOL-USD,242.6,249.12,240.21,240.56,9358190854
2025-09-15,SOL,SOL-USD,240.55,244.0,230.48,234.36,10017744936
2025-09-16,SOL,SOL-USD,234.36,240.68,231.87,236.99,7521208086
2025-09-17,SOL,SOL-USD,236.98,246.46,232.77,244.86,10420751509
2025-09-18,SOL,SOL-USD,244.85,253.21,242.91,247.64,9258651570
2025-09-19,SOL,SOL-USD,247.64,248.51,235.87,238.55,7513642552
2025-09-20,SOL,SOL-USD,238.55,241.0,237.18,239.59,3518711912
2025-09-21,SOL,SOL-USD,239.59,241.81,235.72,236.58,3513052984
2025-09-22,SOL,SOL-USD,236.57,236.87,216.92,220.5,12102727916
2025-09-23,SOL,SOL-USD,220.5,221.35,212.8,213.72,7373425460
2025-09-24,SOL,SOL-USD,213.71,216.38,206.04,211.76,8377116522
2025-09-25,SOL,SOL-USD,211.75,212.4,192.08,192.38,12314273479
2025-09-26,SOL,SOL-USD,192.4,205.42,191.13,205.35,10334548744
2025-09-27,SOL,SOL-USD,205.35,205.4,200.27,203.58,4016294139
2025-09-28,SOL,SOL-USD,203.58,210.9,198.32,210.74,4467879569
2025-09-29,SOL,SOL-USD,210.74,214.69,205.13,213.05,6886600486
2025-09-30,SOL,SOL-USD,213.04,213.51,204.57,208.74,6873718512
2025-10-01,SOL,SOL-USD,208.74,221.68,206.62,221.68,8264703260
2025-10-02,SOL,SOL-USD,221.69,234.86,219.86,234.86,9665302715
2025-10-03,SOL,SOL-USD,234.85,236.79,227.68,233.0,9289248668
2025-10-04,SOL,SOL-USD,233.0,233.9,224.47,228.0,4553115834
2025-10-05,SOL,SOL-USD,228.0,236.78,226.9,228.6,7132874650
2025-10-06,SOL,SOL-USD,228.6,237.32,228.0,232.52,7521265450
2025-10-07,SOL,SOL-USD,232.51,235.09,220.45,220.48,9339230314
2025-10-08,SOL,SOL-USD,220.49,229.56,218.18,229.1,7198664384
2025-10-09,SOL,SOL-USD,229.1,229.32,217.2,220.99,7901186012
2025-10-10,SOL,SOL-USD,220.99,224.25,174.07,188.66,16784427014
2025-10-11,SOL,SOL-USD,188.64,190.88,173.75,178.05,12850012618
2025-10-12,SOL,SOL-USD,178.06,198.87,173.52,197.51,11797041281
2025-10-13,SOL,SOL-USD,197.51,209.25,191.94,208.37,11469454798
2025-10-14,SOL,SOL-USD,208.36,211.11,191.67,202.46,13600198608
2025-10-15,SOL,SOL-USD,202.46,208.33,192.7,194.02,9867608882
2025-10-16,SOL,SOL-USD,194.02,197.96,182.25,184.69,10042886154
2025-10-17,SOL,SOL-USD,184.69,187.43,174.74,182.03,10401735741
2025-10-18,SOL,SOL-USD,182.04,188.27,182.02,187.66,4108902789
2025-10-19,SOL,SOL-USD,187.66,192.2,183.46,187.8,4863227045
2025-10-20,SOL,SOL-USD,187.8,194.34,184.05,189.75,6103945646
2025-10-21,SOL,SOL-USD,189.76,197.37,183.31,185.67,8186574439
2025-10-22,SOL,SOL-USD,185.67,187.33,177.67,180.15,7337365275
2025-10-23,SOL,SOL-USD,180.15,193.18,179.8,191.39,6358339771
2025-10-24,SOL,SOL-USD,191.39,195.31,189.11,193.56,5855077941
2025-10-25,SOL,SOL-USD,193.56,195.08,191.6,194.04,3170047006
2025-10-26,SOL,SOL-USD,194.04,200.62,192.16,200.03,4753310567
2025-10-27,SOL,SOL-USD,200.03,205.02,197.6,198.74,6714497027
2025-10-28,SOL,SOL-USD,198.74,203.83,191.39,194.44,8093133805
2025-10-29,SOL,SOL-USD,194.43,201.68,190.61,194.41,8057327834
2025-10-30,SOL,SOL-USD,194.4,198.04,179.22,184.62,8688393422
2025-10-31,SOL,SOL-USD,184.63,189.85,184.02,187.21,5699604751
2025-11-01,SOL,SOL-USD,187.21,187.35,184.06,186.38,2742470897
2025-11-02,SOL,SOL-USD,186.38,188.14,182.83,187.83,3213989849
2025-11-03,SOL,SOL-USD,187.83,188.74,163.55,166.09,10083921329
2025-11-04,SOL,SOL-USD,166.1,168.2,146.75,155.4,11720472283
2025-11-05,SOL,SOL-USD,155.4,163.66,147.89,162.57,7278004532
2025-11-06,SOL,SOL-USD,162.56,162.78,153.79,155.07,5543550041
2025-11-07,SOL,SOL-USD,155.07,164.09,150.44,161.71,6565811742
2025-11-08,SOL,SOL-USD,161.71,164.71,156.09,158.1,3777278818
2025-11-09,SOL,SOL-USD,158.1,166.23,155.38,164.45,4538025398
2025-11-10,SOL,SOL-USD,164.45,170.16,163.86,167.37,5424364139
2025-11-11,SOL,SOL-USD,167.37,171.61,154.26,154.57,6202061657
2025-11-12,SOL,SOL-USD,154.56,161.01,151.47,153.26,5979682267
2025-11-13,SOL,SOL-USD,153.26,156.99,141.4,145.11,7354986019
2025-11-14,SOL,SOL-USD,145.11,145.47,136.04,138.68,8170562276
2025-11-15,SOL,SOL-USD,138.68,143.59,138.68,139.54,3449336899
2025-11-16,SOL,SOL-USD,139.53,143.16,134.97,137.27,4722106857
2025-11-17,SOL,SOL-USD,137.27,142.47,129.02,130.85,7330608944
2025-11-18,SOL,SOL-USD,130.85,141.83,129.31,140.71,7400753648
2025-11-19,SOL,SOL-USD,140.71,142.48,130.64,136.77,6005404886
2025-11-20,SOL,SOL-USD,136.77,144.33,131.39,133.52,8497498957
2025-11-21,SOL,SOL-USD,133.51,134.79,122.27,128.5,10081815694
2025-11-22,SOL,SOL-USD,128.5,129.64,125.4,127.55,3490973210
2025-11-23,SOL,SOL-USD,127.55,133.33,127.55,130.71,3820042054
2025-11-24,SOL,SOL-USD,130.71,139.48,128.54,138.37,6046925667
2025-11-25,SOL,SOL-USD,138.38,140.35,133.51,138.89,4512057787
2025-11-26,SOL,SOL-USD,138.89,144.47,135.63,143.01,5361639551
2025-11-27,SOL,SOL-USD,143.01,144.17,140.7,140.85,3419017564
2025-11-28,SOL,SOL-USD,140.85,143.3,136.29,137.39,4865188881
2025-11-29,SOL,SOL-USD,137.39,137.89,135.12,136.08,2428334173
2025-11-30,SOL,SOL-USD,136.08,139.94,133.56,133.56,3123775023
2025-12-01,SOL,SOL-USD,133.56,133.61,123.31,126.71,6212210725
2025-12-02,SOL,SOL-USD,126.71,140.66,126.14,138.67,6173683503
2025-12-03,SOL,SOL-USD,138.67,145.73,137.94,144.9,5809364566
2025-12-04,SOL,SOL-USD,144.89,146.72,138.07,139.01,4304817495
2025-12-05,SOL,SOL-USD,139.01,140.38,131.14,133.32,4557254539
2025-12-06,SOL,SOL-USD,133.32,134.07,131.51,132.35,2061286212
2025-12-07,SOL,SOL-USD,132.35,136.23,128.29,132.09,3824892147
2025-12-08,SOL,SOL-USD,132.1,139.21,131.67,133.28,4710407082
2025-12-09,SOL,SOL-USD,133.28,144.74,131.87,137.9,5869893316
2025-12-10,SOL,SOL-USD,137.91,142.44,135.86,136.47,5949930252
2025-12-11,SOL,SOL-USD,136.46,137.68,129.38,136.37,5833676784
2025-12-12,SOL,SOL-USD,136.37,139.99,130.68,132.32,5282060650
2025-12-13,SOL,SOL-USD,132.32,134.25,131.99,133.25,2024059188
2025-12-14,SOL,SOL-USD,133.25,133.59,128.9,129.48,2489001258
2025-12-15,SOL,SOL-USD,129.48,134.72,124.0,127.76,5120043768
2025-12-16,SOL,SOL-USD,127.76,129.95,125.45,129.25,3918682307
2025-12-17,SOL,SOL-USD,129.25,133.44,121.56,123.12,5452646038
2025-12-18,SOL,SOL-USD,123.13,128.76,117.32,119.57,5835673225
2025-12-19,SOL,SOL-USD,119.57,127.51,117.8,126.19,5045203467
2025-12-20,SOL,SOL-USD,126.19,126.76,125.39,125.81,1703857955
2025-12-21,SOL,SOL-USD,125.81,126.46,123.6,125.99,2335972346
2025-12-22,SOL,SOL-USD,125.99,128.39,124.41,125.8,3657779407
2025-12-23,SOL,SOL-USD,125.8,126.73,122.33,123.86,3084149409
2025-12-24,SOL,SOL-USD,123.86,124.11,120.78,122.46,2313559221
2025-12-25,SOL,SOL-USD,122.46,124.19,119.9,119.95,2194207451
2025-12-26,SOL,SOL-USD,119.95,124.93,119.57,122.2,3779508002
